ts,cheval,cavalier,discipline,epreuve,hauteur,classement_estime,proba,verdict,is_cold_start,model_name,snapshot,id
2026-05-25T05:55:04,ILDA,Voir sa fiche,Equifun 70 cm,Club Elite Chp Dpt Circuit Dpt individuel,,1,17,cold-start,True,LightGBM,crawl-predict:c36a23a6,6741cc514471
2026-05-25T05:55:04,VENUS D'OLYMPE,Voir sa fiche,Equifun 70 cm,Club Elite Chp Dpt Circuit Dpt individuel,,2,17,cold-start,True,LightGBM,crawl-predict:c36a23a6,4763da71a133
2026-05-25T05:55:04,DAKOTA DE MESNES,Voir sa fiche,Equifun 70 cm,Club Elite Chp Dpt Circuit Dpt individuel,,3,17,cold-start,True,LightGBM,crawl-predict:c36a23a6,560bae8005b0
2026-05-25T05:55:04,GIULIA DU CADRAN,Voir sa fiche,Equifun 70 cm,Club Elite Chp Dpt Circuit Dpt individuel,,4,17,cold-start,True,LightGBM,crawl-predict:c36a23a6,54e93f78a73f
2026-05-25T05:55:04,LE BOSC,Voir sa fiche,Equifun 70 cm,Club Elite Chp Dpt Circuit Dpt individuel,,5,17,cold-start,True,LightGBM,crawl-predict:c36a23a6,635a33eafacd
2026-05-25T05:55:04,VALMONT D'ELITE Z,Voir sa fiche,Equifun 70 cm,Club Elite Chp Dpt Circuit Dpt individuel,,6,17,cold-start,True,LightGBM,crawl-predict:c36a23a6,f0ae911a068a
2026-05-25T05:55:04,DEMONIAK DES ANGES,Voir sa fiche,Equifun 70 cm,Club Elite Chp Dpt Circuit Dpt individuel,,7,17,cold-start,True,LightGBM,crawl-predict:c36a23a6,c3bac083be75
2026-05-25T05:55:04,ICE FULL D'OTHON,Voir sa fiche,Equifun 70 cm,Club Elite Chp Dpt Circuit Dpt individuel,,8,17,cold-start,True,LightGBM,crawl-predict:c36a23a6,052b4e793565
2026-05-25T05:55:04,ILDA,Voir sa fiche,Equifun 70 cm,Club Elite Chp Dpt Circuit Dpt individuel,,9,17,cold-start,True,LightGBM,crawl-predict:c36a23a6,12ac612938a6
2026-05-25T05:55:04,DIADEME NEISCAOUEN,Voir sa fiche,Equifun 70 cm,Club Elite Chp Dpt Circuit Dpt individuel,,10,17,cold-start,True,LightGBM,crawl-predict:c36a23a6,680c5385c390
2026-05-25T05:55:04,VENUS D'OLYMPE,Voir sa fiche,Equifun 70 cm,Club Elite Chp Dpt Circuit Dpt individuel,,11,17,cold-start,True,LightGBM,crawl-predict:c36a23a6,41d06575bb20
2026-05-25T05:55:04,EVIL DE LYNDE,Voir sa fiche,Equifun 70 cm,Club Elite Chp Dpt Circuit Dpt individuel,,12,17,cold-start,True,LightGBM,crawl-predict:c36a23a6,db3916889544
2026-05-25T05:55:04,MOON DE LA THIB,Voir sa fiche,Equifun 70 cm,Club Elite Chp Dpt Circuit Dpt individuel,,13,17,cold-start,True,LightGBM,crawl-predict:c36a23a6,d230a7c294f5
2026-05-25T05:55:04,RICARDO'THON,Voir sa fiche,Equifun 70 cm,Club Elite Chp Dpt Circuit Dpt individuel,,14,17,cold-start,True,LightGBM,crawl-predict:c36a23a6,5b760965ab5f
2026-05-25T05:55:04,LARANJA,Voir sa fiche,Equifun 70 cm,Club Elite Chp Dpt Circuit Dpt individuel,,15,17,cold-start,True,LightGBM,crawl-predict:c36a23a6,02f46924aa8e
2026-05-25T05:55:04,YOU MY ANGEL,Voir sa fiche,Equifun 70 cm,Club Elite Chp Dpt Circuit Dpt individuel,,16,17,cold-start,True,LightGBM,crawl-predict:c36a23a6,c24ca2ce5b84
2026-05-25T05:55:04,LUCIFER DE MAURET,Voir sa fiche,Equifun 70 cm,Club Elite Chp Dpt Circuit Dpt individuel,,17,17,cold-start,True,LightGBM,crawl-predict:c36a23a6,2b38a32f331e
2026-05-25T05:55:04,JAG D'OLMEN,Voir sa fiche,Equifun 70 cm,Club Elite Chp Dpt Circuit Dpt individuel,,18,17,cold-start,True,LightGBM,crawl-predict:c36a23a6,a3fceae8d0aa
2026-05-25T05:55:04,ILDA,Voir sa fiche,Equifun 70 cm,Club Elite Chp Dpt Circuit Dpt individuel,,19,17,cold-start,True,LightGBM,crawl-predict:c36a23a6,577d754f73c5
2026-05-25T05:55:04,VENUS D'OLYMPE,Voir sa fiche,Equifun 70 cm,Club Elite Chp Dpt Circuit Dpt individuel,,20,17,cold-start,True,LightGBM,crawl-predict:c36a23a6,417c360525aa
2026-05-25T05:55:04,WINTON JONTI,Voir sa fiche,Equifun 60 cm,Club Poney Cadet Chp Dpt Circuit Dpt individuel,,1,17,cold-start,True,LightGBM,crawl-predict:c36a23a6,a80992804911
2026-05-25T05:55:04,KENWOOD D'DELB,Voir sa fiche,Equifun 30 cm,Club A Moustique individuel,,1,17,cold-start,True,LightGBM,crawl-predict:c36a23a6,b5fd6e6372c0
2026-05-25T05:55:04,EURL,Voir sa fiche,Equifun 60 cm,Club Poney Cadet Chp Reg individuel,,1,100,cold-start,True,LightGBM,crawl-predict:c36a23a6,a0db0c977fc6
2026-05-25T05:55:04,DEVON ROSE,Voir sa fiche,Equifun 60 cm,Club Poney Cadet Chp Reg individuel,,2,17,cold-start,True,LightGBM,crawl-predict:c36a23a6,15202544c0ae
2026-05-25T05:55:04,BAGDAD DU FIEF,Voir sa fiche,Equifun 60 cm,Club Poney Cadet Chp Reg individuel,,3,17,cold-start,True,LightGBM,crawl-predict:c36a23a6,fb6bb3db151d
2026-05-25T05:55:04,DRAGIBUS,Voir sa fiche,Equifun 60 cm,Club Poney Cadet Chp Reg individuel,,5,4,cold-start,True,LightGBM,crawl-predict:c36a23a6,be6e1bb31384
2026-05-25T05:55:04,FILILITA,Voir sa fiche,Equifun 60 cm,Club Poney Cadet Chp Reg individuel,,4,17,cold-start,True,LightGBM,crawl-predict:c36a23a6,22f36a58df42
2026-05-25T05:55:04,ISATIS SPONTE,Voir sa fiche,Equifun 60 cm,Club Poney Cadet individuel,,1,17,cold-start,True,LightGBM,crawl-predict:c36a23a6,51c7ac71a72a
2026-05-25T05:55:04,DIOXINE DE CAUX,Voir sa fiche,Equifun 70 cm,Club Poney Elite individuel,,1,12,cold-start,True,LightGBM,crawl-predict:c36a23a6,7ba2130e5d5e
2026-05-25T05:55:04,ALIZEE DU MANOIR,Voir sa fiche,Equifun 40 cm,Club Poney Benjamin Chp Reg individuel,,2,17,cold-start,True,LightGBM,crawl-predict:c36a23a6,2fffb01da2ff
2026-05-25T05:55:04,CRISTALE GLAMOUR LADY,Voir sa fiche,Equifun 40 cm,Club Poney Benjamin Chp Reg individuel,,3,17,cold-start,True,LightGBM,crawl-predict:c36a23a6,cd3304470faa
2026-05-25T05:55:04,LINGOT DOR DELACOLINE,Voir sa fiche,Equifun 40 cm,Club Poney Benjamin Chp Reg individuel,,4,17,cold-start,True,LightGBM,crawl-predict:c36a23a6,780f91101fa4
2026-05-25T05:55:04,FLEUR DE LA TOUR,Voir sa fiche,Equifun 40 cm,Club Poney Benjamin Chp Reg individuel,,12,11,cold-start,True,LightGBM,crawl-predict:c36a23a6,84cbf1151ea1
2026-05-25T05:55:04,HARISSA D'ANTHEMIS,Voir sa fiche,Equifun 40 cm,Club Poney Benjamin Chp Reg individuel,,5,17,cold-start,True,LightGBM,crawl-predict:c36a23a6,278527b60617
2026-05-25T05:55:04,DEVON ROSE,Voir sa fiche,Equifun 40 cm,Club Poney Benjamin Chp Reg individuel,,6,17,cold-start,True,LightGBM,crawl-predict:c36a23a6,c3fb2f7d7f83
2026-05-25T05:55:04,TRESOR,Voir sa fiche,Equifun 40 cm,Club Poney Benjamin Chp Reg individuel,,1,42,cold-start,True,LightGBM,crawl-predict:c36a23a6,dbc966986d20
2026-05-25T05:55:04,BAGDAD DU FIEF,Voir sa fiche,Equifun 40 cm,Club Poney Benjamin Chp Reg individuel,,7,17,cold-start,True,LightGBM,crawl-predict:c36a23a6,b17edd838e23
2026-05-25T05:55:04,QUADRADO,Voir sa fiche,Equifun 40 cm,Club Poney Benjamin Chp Reg individuel,,8,17,cold-start,True,LightGBM,crawl-predict:c36a23a6,410f4b18dfe3
2026-05-25T05:55:04,DRAGIBUS,Voir sa fiche,Equifun 40 cm,Club Poney Benjamin Chp Reg individuel,,13,4,cold-start,True,LightGBM,crawl-predict:c36a23a6,2054abb470a6
2026-05-25T05:55:04,PEGASE DU MOISSAND,Voir sa fiche,Equifun 40 cm,Club Poney Benjamin Chp Reg individuel,,9,17,cold-start,True,LightGBM,crawl-predict:c36a23a6,3138a1fe1fa9
2026-05-25T05:55:04,KANTERO DU THILL,Voir sa fiche,Equifun 40 cm,Club Poney Benjamin Chp Reg individuel,,10,17,cold-start,True,LightGBM,crawl-predict:c36a23a6,c6461bbbc9ad
2026-05-25T05:55:04,HARISSA D'ANTHEMIS,Voir sa fiche,Equifun 40 cm,Club Poney Benjamin Chp Reg individuel,,11,17,cold-start,True,LightGBM,crawl-predict:c36a23a6,813c107e1d61
2026-05-25T05:55:04,DIL DU CAUSSE,Voir sa fiche,Equifun 60 cm,Club individuel,,1,17,cold-start,True,LightGBM,crawl-predict:c36a23a6,0061176fd294
2026-05-25T05:55:04,QUAD DE PORCELAINE,Voir sa fiche,Equifun 60 cm,Club individuel,,2,17,cold-start,True,LightGBM,crawl-predict:c36a23a6,fcbf01bb99a7
2026-05-25T05:55:04,CHEVREUIL,Voir sa fiche,Equifun 50 cm,Club Poney Minime individuel,,1,17,cold-start,True,LightGBM,crawl-predict:c36a23a6,ce8035ddc191
2026-05-25T05:55:04,ATHENA DU FAY,Voir sa fiche,Equifun 50 cm,Club Poney Minime individuel,,2,17,cold-start,True,LightGBM,crawl-predict:c36a23a6,8ba3b34d0ab4
2026-05-25T05:55:04,UPLOU,Voir sa fiche,Equifun 50 cm,Club Poney Minime individuel,,3,17,cold-start,True,LightGBM,crawl-predict:c36a23a6,0453881e74a1
2026-05-25T05:55:04,DIAMS DU CARDINAL,Voir sa fiche,Equifun 50 cm,Club Poney Minime individuel,,4,17,cold-start,True,LightGBM,crawl-predict:c36a23a6,cc42a8deba1e
2026-05-25T05:55:04,PAPYRUS DE FABRY,Voir sa fiche,Equifun 30 cm,Club A Moustique individuel,,1,17,cold-start,True,LightGBM,crawl-predict:c36a23a6,31f35213bf69
2026-05-25T05:55:04,UMOUR DE FABRY,Voir sa fiche,Equifun 30 cm,Club A Moustique individuel,,2,17,cold-start,True,LightGBM,crawl-predict:c36a23a6,a3957dd48090
2026-05-25T05:55:04,MOONLIGHT DE FABRY,Voir sa fiche,Equifun 30 cm,Club A Moustique individuel,,3,17,cold-start,True,LightGBM,crawl-predict:c36a23a6,cbed4878bfcf
2026-05-25T05:55:04,NOW OR NEVER V.D.KOERBERG,Voir sa fiche,Equifun 30 cm,Club A Moustique individuel,,4,17,cold-start,True,LightGBM,crawl-predict:c36a23a6,6a33abf9981e
2026-05-25T05:55:04,HILLARY BLITZ,Voir sa fiche,Equifun 60 cm,Club Chp Reg individuel,,1,17,cold-start,True,LightGBM,crawl-predict:c36a23a6,4d1a308d7183
2026-05-25T05:55:04,ROXANE DE GREVILLY,Voir sa fiche,Equifun 60 cm,Club Chp Reg individuel,,2,17,cold-start,True,LightGBM,crawl-predict:c36a23a6,b00285edcc9d
2026-05-25T05:55:04,TAMARILLO POMMEX Z,Voir sa fiche,Equifun 60 cm,Club Chp Reg individuel,,3,17,cold-start,True,LightGBM,crawl-predict:c36a23a6,2bb906946c93
2026-05-25T05:55:04,HAWAI D'ANTHEMIS,Voir sa fiche,Equifun 60 cm,Club Chp Reg individuel,,4,17,cold-start,True,LightGBM,crawl-predict:c36a23a6,69e4811d6717
2026-05-25T05:55:04,ECLIPSE DE MONTEREY,Voir sa fiche,Equifun 30 cm,Club A Poussin individuel,,1,17,cold-start,True,LightGBM,crawl-predict:c36a23a6,007db57df9c1
2026-05-25T05:55:04,CHOUQUETTE,Voir sa fiche,Equifun 30 cm,Club A Poussin individuel,,2,17,cold-start,True,LightGBM,crawl-predict:c36a23a6,3605ee052f10
2026-05-25T05:55:04,BATMAN DE MONTEREY,Voir sa fiche,Equifun 30 cm,Club A Poussin individuel,,3,17,cold-start,True,LightGBM,crawl-predict:c36a23a6,e56d9f53e837
2026-05-25T05:55:04,ANIS,Voir sa fiche,Equifun 30 cm,Club A Poussin individuel,,4,17,cold-start,True,LightGBM,crawl-predict:c36a23a6,a159d0231301
2026-05-25T05:55:04,VAVIT DU BOIS,Voir sa fiche,Equifun 40 cm,Chp de France Club Poney A B Poussin et - equipe,,2,17,cold-start,True,LightGBM,crawl-predict:c36a23a6,fd85e26032b8
2026-05-25T05:55:04,OLDTOWN JOAN,Voir sa fiche,Equifun 40 cm,Chp de France Club Poney A B Poussin et - equipe,,3,17,cold-start,True,LightGBM,crawl-predict:c36a23a6,beb6cfda5ff6
2026-05-25T05:55:04,HARIBO DE KERESSEIS,Voir sa fiche,Equifun 40 cm,Chp de France Club Poney A B Poussin et - equipe,,4,17,cold-start,True,LightGBM,crawl-predict:c36a23a6,4a69cf0be574
2026-05-25T05:55:04,EPSILON,Voir sa fiche,Equifun 40 cm,Chp de France Club Poney A B Poussin et - equipe,,5,17,cold-start,True,LightGBM,crawl-predict:c36a23a6,c6141cb7e5fe
2026-05-25T05:55:04,FAUCON (réserve),(réserve),Equifun 40 cm,Chp de France Club Poney A B Poussin et - equipe,,6,17,cold-start,True,LightGBM,crawl-predict:c36a23a6,68b855b2df0d
2026-05-25T05:55:04,HARRY D'AMELONE,Voir sa fiche,Equifun 40 cm,Chp de France Club Poney A B Poussin et - equipe,,7,17,cold-start,True,LightGBM,crawl-predict:c36a23a6,72112110a057
2026-05-25T05:55:04,FALBALA,Voir sa fiche,Equifun 40 cm,Chp de France Club Poney A B Poussin et - equipe,,8,17,cold-start,True,LightGBM,crawl-predict:c36a23a6,c4d5e97dc9f8
2026-05-25T05:55:04,HOUBLON D'OURAGAN,Voir sa fiche,Equifun 40 cm,Chp de France Club Poney A B Poussin et - equipe,,9,17,cold-start,True,LightGBM,crawl-predict:c36a23a6,b15065c4fa7f
2026-05-25T05:55:04,VASIE,Voir sa fiche,Equifun 40 cm,Chp de France Club Poney A B Poussin et - equipe,,10,17,cold-start,True,LightGBM,crawl-predict:c36a23a6,39d7595fc9bb
2026-05-25T05:55:04,NOUGATINE (réserve),NONE,Equifun 40 cm,Chp de France Club Poney A B Poussin et - equipe,,1,70,cold-start,True,LightGBM,crawl-predict:c36a23a6,ac6359cf1530
2026-05-25T05:55:04,SATINE,Voir sa fiche,Equifun 30 cm,Club A Poussin individuel,,1,17,cold-start,True,LightGBM,crawl-predict:c36a23a6,07efbb73cedd
2026-05-25T05:55:04,FICELLE,Voir sa fiche,Equifun 30 cm,Club A Poussin individuel,,3,15,cold-start,True,LightGBM,crawl-predict:c36a23a6,13be903d2c47
2026-05-25T05:55:04,GIROFLE,Voir sa fiche,Equifun 30 cm,Club A Poussin individuel,,2,17,cold-start,True,LightGBM,crawl-predict:c36a23a6,638df1bf0d4d
2026-05-25T05:55:04,TIOTE DE LA DEMI LUNE,Voir sa fiche,Equifun 40 cm,Club Poney B Benjamin individuel,,1,17,cold-start,True,LightGBM,crawl-predict:c36a23a6,cd1d679273f0
2026-05-25T05:55:04,URANIE,Voir sa fiche,Equifun 40 cm,Club Poney B Benjamin individuel,,2,17,cold-start,True,LightGBM,crawl-predict:c36a23a6,23a74d51d782
2026-05-25T05:55:04,ELINGSTON LA MALLE,Voir sa fiche,Equifun 40 cm,Club Poney B Benjamin individuel,,3,17,cold-start,True,LightGBM,crawl-predict:c36a23a6,fca8be2a9b6c
2026-05-25T05:55:04,ISTORY DE LA MALLE D'ASH,Voir sa fiche,Equifun 40 cm,Club Poney B Benjamin individuel,,4,17,cold-start,True,LightGBM,crawl-predict:c36a23a6,4f1fdfd2a7fa
2026-05-25T05:55:04,FISPISTACHE DE RUILLE,Voir sa fiche,Equifun 30 cm,Club A Moustique individuel,,13,1,cold-start,True,LightGBM,crawl-predict:c36a23a6,0416ea2c3b36
2026-05-25T05:55:04,FISPISTACHE DE RUILLE,Voir sa fiche,Equifun 30 cm,Club A Moustique individuel,,14,1,cold-start,True,LightGBM,crawl-predict:c36a23a6,717ea31cc3fd
2026-05-25T05:55:04,GRANIT DE CABUE,Voir sa fiche,Equifun 30 cm,Club A Moustique individuel,,12,2,cold-start,True,LightGBM,crawl-predict:c36a23a6,f0c06ddaa152
2026-05-25T05:55:04,FILIBERT V VRIES,Voir sa fiche,Equifun 30 cm,Club A Moustique individuel,,1,17,cold-start,True,LightGBM,crawl-predict:c36a23a6,8f240270e786
2026-05-25T05:55:04,FISPISTACHE DE RUILLE,Voir sa fiche,Equifun 30 cm,Club A Moustique individuel,,15,1,cold-start,True,LightGBM,crawl-predict:c36a23a6,9bba2f730cf4
2026-05-25T05:55:04,DURACELL,Voir sa fiche,Equifun 30 cm,Club A Moustique individuel,,11,9,cold-start,True,LightGBM,crawl-predict:c36a23a6,35f8a8dcce7e
2026-05-25T05:55:04,PIETER V STAL WESTENESCH,Voir sa fiche,Equifun 30 cm,Club A Moustique individuel,,2,17,cold-start,True,LightGBM,crawl-predict:c36a23a6,f08f8555d36b
2026-05-25T05:55:04,AQUILAR FROM BROKEN COLOU,Voir sa fiche,Equifun 30 cm,Club A Moustique individuel,,3,17,cold-start,True,LightGBM,crawl-predict:c36a23a6,bf97346c8b09
2026-05-25T05:55:04,AQUILAR FROM BROKEN COLOU,Voir sa fiche,Equifun 30 cm,Club A Moustique individuel,,4,17,cold-start,True,LightGBM,crawl-predict:c36a23a6,ebf29da14f65
2026-05-25T05:55:04,IVRESSE DU BIGACHON,Voir sa fiche,Equifun 30 cm,Club A Moustique individuel,,5,17,cold-start,True,LightGBM,crawl-predict:c36a23a6,427089c01b1b
2026-05-25T05:55:04,STRASS COUNTRY RED THIS I,Voir sa fiche,Equifun 30 cm,Club A Moustique individuel,,6,17,cold-start,True,LightGBM,crawl-predict:c36a23a6,ab01271dd543
2026-05-25T05:55:04,STRASS COUNTRY RED THIS I,Voir sa fiche,Equifun 30 cm,Club A Moustique individuel,,7,17,cold-start,True,LightGBM,crawl-predict:c36a23a6,7200e24c354e
2026-05-25T05:55:04,MOUSSE DU BIGACHON,Voir sa fiche,Equifun 30 cm,Club A Moustique individuel,,8,17,cold-start,True,LightGBM,crawl-predict:c36a23a6,417b6d40dc8e
2026-05-25T05:55:04,DYNAMITE DE KERCHRIST,Voir sa fiche,Equifun 30 cm,Club A Moustique individuel,,9,17,cold-start,True,LightGBM,crawl-predict:c36a23a6,28941b85156a
2026-05-25T05:55:04,MOUSSE DU BIGACHON,Voir sa fiche,Equifun 30 cm,Club A Moustique individuel,,10,17,cold-start,True,LightGBM,crawl-predict:c36a23a6,9fc6d77baffd
2026-05-25T05:55:04,HAWAI D'ANTHEMIS,Voir sa fiche,Equifun 60 cm,Club individuel,,1,17,cold-start,True,LightGBM,crawl-predict:c36a23a6,2bc46f853813
2026-05-25T05:55:04,ONYX,Voir sa fiche,Equifun 50 cm,Club Poney Minime individuel,,1,17,cold-start,True,LightGBM,crawl-predict:c36a23a6,985c9e04b6ae
2026-05-25T05:55:04,QUIRIKOU DE VIKENTO,Voir sa fiche,Equifun 50 cm,Club Poney Minime individuel,,2,17,cold-start,True,LightGBM,crawl-predict:c36a23a6,fee53d57f5b9
2026-05-25T05:55:04,CONCERTO STORY,Voir sa fiche,Equifun 50 cm,Club Poney Minime individuel,,3,17,cold-start,True,LightGBM,crawl-predict:c36a23a6,d8b4bd380938
2026-05-25T05:55:04,CHOCOLAT DU BEZIAU,Voir sa fiche,Equifun 50 cm,Chp de France Club Poney Minime 2 equipe,,2,17,cold-start,True,LightGBM,crawl-predict:c36a23a6,2ce99455591b
2026-05-25T05:55:04,TIRKA DE BOISSY,Voir sa fiche,Equifun 50 cm,Chp de France Club Poney Minime 2 equipe,,3,17,cold-start,True,LightGBM,crawl-predict:c36a23a6,47bdf308a0b8
2026-05-25T05:55:04,TITEUF DES GRILLES,Voir sa fiche,Equifun 50 cm,Chp de France Club Poney Minime 2 equipe,,4,17,cold-start,True,LightGBM,crawl-predict:c36a23a6,0fb677653986
2026-05-25T05:55:04,CQUINOA DU SHOET,Voir sa fiche,Equifun 50 cm,Chp de France Club Poney Minime 2 equipe,,5,17,cold-start,True,LightGBM,crawl-predict:c36a23a6,1d148ec22f1a
2026-05-25T05:55:04,TITE POMME (réserve),(réserve),Equifun 50 cm,Chp de France Club Poney Minime 2 equipe,,6,17,cold-start,True,LightGBM,crawl-predict:c36a23a6,c84553d92332
2026-05-25T05:55:04,GIRLIE,Voir sa fiche,Equifun 50 cm,Chp de France Club Poney Minime 2 equipe,,7,17,cold-start,True,LightGBM,crawl-predict:c36a23a6,37411718d312
2026-05-25T05:55:04,FANTOMETTE DES MONTS,Voir sa fiche,Equifun 50 cm,Chp de France Club Poney Minime 2 equipe,,8,17,cold-start,True,LightGBM,crawl-predict:c36a23a6,9c9fce0edaf3
2026-05-25T05:55:04,LULU,Voir sa fiche,Equifun 50 cm,Chp de France Club Poney Minime 2 equipe,,9,17,cold-start,True,LightGBM,crawl-predict:c36a23a6,0b8b52f98466
2026-05-25T05:55:04,DIVINE ROSERAIE,Voir sa fiche,Equifun 50 cm,Chp de France Club Poney Minime 2 equipe,,10,17,cold-start,True,LightGBM,crawl-predict:c36a23a6,80d32d4f032a
2026-05-25T05:55:04,OLGA (réserve),NONE,Equifun 50 cm,Chp de France Club Poney Minime 2 equipe,,1,70,cold-start,True,LightGBM,crawl-predict:c36a23a6,55bbed5d98f5
2026-05-25T05:55:04,NATIVE ROCQ,Voir sa fiche,Equifun 50 cm,Chp de France Club Poney Minime 2 equipe,,11,17,cold-start,True,LightGBM,crawl-predict:c36a23a6,c75996f861ce
2026-05-25T05:55:04,PIRAN DIAMOND ROSE,Voir sa fiche,Equifun 50 cm,Chp de France Club Poney Minime 2 equipe,,12,17,cold-start,True,LightGBM,crawl-predict:c36a23a6,48d0420cff4b
2026-05-25T05:55:04,TOUPIE RISLOISE,Voir sa fiche,Equifun 50 cm,Chp de France Club Poney Minime 2 equipe,,13,17,cold-start,True,LightGBM,crawl-predict:c36a23a6,ad57f4a187b0
2026-05-25T05:55:04,PARTISAN DE JEF,Voir sa fiche,Equifun 50 cm,Chp de France Club Poney Minime 2 equipe,,14,17,cold-start,True,LightGBM,crawl-predict:c36a23a6,be24e5ec337e
2026-05-25T05:55:04,OASIS,Voir sa fiche,Equifun 50 cm,Club Poney Minime Chp Dpt Circuit Dpt individuel,,2,17,cold-start,True,LightGBM,crawl-predict:c36a23a6,b629e897cedb
2026-05-25T05:55:04,SIMBA,Voir sa fiche,Equifun 50 cm,Club Poney Minime Chp Dpt Circuit Dpt individuel,,35,9,cold-start,True,LightGBM,crawl-predict:c36a23a6,5e912b9fece4
2026-05-25T05:55:04,GRENADINE DE L'ETAPE,Voir sa fiche,Equifun 50 cm,Club Poney Minime Chp Dpt Circuit Dpt individuel,,3,17,cold-start,True,LightGBM,crawl-predict:c36a23a6,5395bffd8323
2026-05-25T05:55:04,OLIVIA,Voir sa fiche,Equifun 50 cm,Club Poney Minime Chp Dpt Circuit Dpt individuel,,4,17,cold-start,True,LightGBM,crawl-predict:c36a23a6,63b0c488ac9a
2026-05-25T05:55:04,JALIS D'ALBA,Voir sa fiche,Equifun 50 cm,Club Poney Minime Chp Dpt Circuit Dpt individuel,,5,17,cold-start,True,LightGBM,crawl-predict:c36a23a6,4325082a21d0
2026-05-25T05:55:04,PENHA FORTE,Voir sa fiche,Equifun 50 cm,Club Poney Minime Chp Dpt Circuit Dpt individuel,,6,17,cold-start,True,LightGBM,crawl-predict:c36a23a6,5ec9997829a4
2026-05-25T05:55:04,DEXTER,Voir sa fiche,Equifun 50 cm,Club Poney Minime Chp Dpt Circuit Dpt individuel,,7,17,cold-start,True,LightGBM,crawl-predict:c36a23a6,e0ad7426e04a
2026-05-25T05:55:04,ARISTODE,Voir sa fiche,Equifun 50 cm,Club Poney Minime Chp Dpt Circuit Dpt individuel,,8,17,cold-start,True,LightGBM,crawl-predict:c36a23a6,dd1d4e965528
2026-05-25T05:55:04,AROKA,Voir sa fiche,Equifun 50 cm,Club Poney Minime Chp Dpt Circuit Dpt individuel,,9,17,cold-start,True,LightGBM,crawl-predict:c36a23a6,fb7e6871d2ba
2026-05-25T05:55:04,BART 0711153,Voir sa fiche,Equifun 50 cm,Club Poney Minime Chp Dpt Circuit Dpt individuel,,10,17,cold-start,True,LightGBM,crawl-predict:c36a23a6,3e0d4c74ff19
2026-05-25T05:55:04,QARISMA DE BEAUSSE,Voir sa fiche,Equifun 50 cm,Club Poney Minime Chp Dpt Circuit Dpt individuel,,11,17,cold-start,True,LightGBM,crawl-predict:c36a23a6,482f0ecb1ea5
2026-05-25T05:55:04,JULIA DE PATA XURI,Voir sa fiche,Equifun 50 cm,Club Poney Minime Chp Dpt Circuit Dpt individuel,,12,17,cold-start,True,LightGBM,crawl-predict:c36a23a6,0ba4379d9ea6
2026-05-25T05:55:04,URANUS D'HARRASPY,Voir sa fiche,Equifun 50 cm,Club Poney Minime Chp Dpt Circuit Dpt individuel,,13,17,cold-start,True,LightGBM,crawl-predict:c36a23a6,39954964dfa1
2026-05-25T05:55:04,MODY,Voir sa fiche,Equifun 50 cm,Club Poney Minime Chp Dpt Circuit Dpt individuel,,14,17,cold-start,True,LightGBM,crawl-predict:c36a23a6,6ef23494ca29
2026-05-25T05:55:04,OSTRA,Voir sa fiche,Equifun 50 cm,Club Poney Minime Chp Dpt Circuit Dpt individuel,,15,17,cold-start,True,LightGBM,crawl-predict:c36a23a6,97714228ff8c
2026-05-25T05:55:04,OASIS,Voir sa fiche,Equifun 50 cm,Club Poney Minime Chp Dpt Circuit Dpt individuel,,16,17,cold-start,True,LightGBM,crawl-predict:c36a23a6,7389e2343b33
2026-05-25T05:55:04,CALYPSO D'AHI,Voir sa fiche,Equifun 50 cm,Club Poney Minime Chp Dpt Circuit Dpt individuel,,17,17,cold-start,True,LightGBM,crawl-predict:c36a23a6,e338649f37e4
2026-05-25T05:55:04,OFEIA D'ABORRIDA,Voir sa fiche,Equifun 50 cm,Club Poney Minime Chp Dpt Circuit Dpt individuel,,1,21,cold-start,True,LightGBM,crawl-predict:c36a23a6,1e89705a1287
2026-05-25T05:55:04,DIABLESSE,Voir sa fiche,Equifun 50 cm,Club Poney Minime Chp Dpt Circuit Dpt individuel,,18,17,cold-start,True,LightGBM,crawl-predict:c36a23a6,d37b25210867
2026-05-25T05:55:04,ECHO,Voir sa fiche,Equifun 50 cm,Club Poney Minime Chp Dpt Circuit Dpt individuel,,36,3,cold-start,True,LightGBM,crawl-predict:c36a23a6,c4b827276107
2026-05-25T05:55:04,RUBY'S LAD,Voir sa fiche,Equifun 50 cm,Club Poney Minime Chp Dpt Circuit Dpt individuel,,19,17,cold-start,True,LightGBM,crawl-predict:c36a23a6,74119d2ac144
2026-05-25T05:55:04,ICE FULL D'OTHON,Voir sa fiche,Equifun 50 cm,Club Poney Minime Chp Dpt Circuit Dpt individuel,,20,17,cold-start,True,LightGBM,crawl-predict:c36a23a6,4102f6273b0e
2026-05-25T05:55:04,FEZARIO DES BERTAINES,Voir sa fiche,Equifun 50 cm,Club Poney Minime Chp Dpt Circuit Dpt individuel,,21,17,cold-start,True,LightGBM,crawl-predict:c36a23a6,2f1aefaa140d
2026-05-25T05:55:04,GRENADINE DE L'ETAPE,Voir sa fiche,Equifun 50 cm,Club Poney Minime Chp Dpt Circuit Dpt individuel,,22,17,cold-start,True,LightGBM,crawl-predict:c36a23a6,490e60332027
2026-05-25T05:55:04,CHAMPAGNE,Voir sa fiche,Equifun 50 cm,Club Poney Minime Chp Dpt Circuit Dpt individuel,,23,17,cold-start,True,LightGBM,crawl-predict:c36a23a6,4d9abe8201d5
2026-05-25T05:55:04,KAMILA,Voir sa fiche,Equifun 50 cm,Club Poney Minime Chp Dpt Circuit Dpt individuel,,24,17,cold-start,True,LightGBM,crawl-predict:c36a23a6,f495bc9dbb13
2026-05-25T05:55:04,CALYPSO,Voir sa fiche,Equifun 50 cm,Club Poney Minime Chp Dpt Circuit Dpt individuel,,25,17,cold-start,True,LightGBM,crawl-predict:c36a23a6,b073348c8189
2026-05-25T05:55:04,JALIS D'ALBA,Voir sa fiche,Equifun 50 cm,Club Poney Minime Chp Dpt Circuit Dpt individuel,,26,17,cold-start,True,LightGBM,crawl-predict:c36a23a6,0aeb9cf15660
2026-05-25T05:55:04,PENHA FORTE,Voir sa fiche,Equifun 50 cm,Club Poney Minime Chp Dpt Circuit Dpt individuel,,27,17,cold-start,True,LightGBM,crawl-predict:c36a23a6,c02207c41884
2026-05-25T05:55:04,DEXTER,Voir sa fiche,Equifun 50 cm,Club Poney Minime Chp Dpt Circuit Dpt individuel,,28,17,cold-start,True,LightGBM,crawl-predict:c36a23a6,51e52f350941
2026-05-25T05:55:04,SOLIMAN DU BOCAGE,Voir sa fiche,Equifun 50 cm,Club Poney Minime Chp Dpt Circuit Dpt individuel,,29,17,cold-start,True,LightGBM,crawl-predict:c36a23a6,b9ca25179a4a
2026-05-25T05:55:04,ARISTODE,Voir sa fiche,Equifun 50 cm,Club Poney Minime Chp Dpt Circuit Dpt individuel,,30,17,cold-start,True,LightGBM,crawl-predict:c36a23a6,cfb71a078dcb
2026-05-25T05:55:04,KENYA,Voir sa fiche,Equifun 50 cm,Club Poney Minime Chp Dpt Circuit Dpt individuel,,31,17,cold-start,True,LightGBM,crawl-predict:c36a23a6,fd832e752921
2026-05-25T05:55:04,AROKA,Voir sa fiche,Equifun 50 cm,Club Poney Minime Chp Dpt Circuit Dpt individuel,,32,17,cold-start,True,LightGBM,crawl-predict:c36a23a6,4aeb92a732ce
2026-05-25T05:55:04,QARISMA DE BEAUSSE,Voir sa fiche,Equifun 50 cm,Club Poney Minime Chp Dpt Circuit Dpt individuel,,33,17,cold-start,True,LightGBM,crawl-predict:c36a23a6,801af7de1519
2026-05-25T05:55:04,OASIS,Voir sa fiche,Equifun 50 cm,Club Poney Minime Chp Dpt Circuit Dpt individuel,,34,17,cold-start,True,LightGBM,crawl-predict:c36a23a6,1741bfcb65f4
2026-05-25T05:55:04,IVALDY D'ADEZEL,Voir sa fiche,Equifun 70 cm,Club Poney Elite Chp Dpt Circuit Dpt individuel,,1,17,cold-start,True,LightGBM,crawl-predict:c36a23a6,343627235f1a
2026-05-25T05:55:04,KOHANA DE CHANTEREINE,Voir sa fiche,Equifun 70 cm,Club Poney Elite Chp Dpt Circuit Dpt individuel,,2,17,cold-start,True,LightGBM,crawl-predict:c36a23a6,c4526de728b2
2026-05-25T05:55:04,GLIMMER LOVE D'ADEZEL,Voir sa fiche,Equifun 70 cm,Club Poney Elite Chp Dpt Circuit Dpt individuel,,3,17,cold-start,True,LightGBM,crawl-predict:c36a23a6,20640d158e86
2026-05-25T05:55:04,GOYA DE MEJANES,Voir sa fiche,Equifun 50 cm,Club Poney Minime individuel,,1,17,cold-start,True,LightGBM,crawl-predict:c36a23a6,f5761a4cd284
2026-05-25T05:55:04,HAVANE DE FANGOUSE,Voir sa fiche,Equifun 50 cm,Club Poney Minime individuel,,2,17,cold-start,True,LightGBM,crawl-predict:c36a23a6,5a51de86f8d8
2026-05-25T05:55:04,HAVANE DE FANGOUSE,Voir sa fiche,Equifun 50 cm,Club Poney Minime individuel,,3,17,cold-start,True,LightGBM,crawl-predict:c36a23a6,2eed05420ec5
2026-05-25T05:55:04,GOYA DE MEJANES,Voir sa fiche,Equifun 50 cm,Club Poney Minime individuel,,4,17,cold-start,True,LightGBM,crawl-predict:c36a23a6,576fdd7b19d4
2026-05-25T05:55:04,GOYA DE MEJANES,Voir sa fiche,Equifun 50 cm,Club Poney Minime individuel,,5,17,cold-start,True,LightGBM,crawl-predict:c36a23a6,c4c5c33f6140
2026-05-25T05:55:04,JUPITER DE ST BAUDILE,Voir sa fiche,Equifun 50 cm,Club Poney Minime individuel,,6,17,cold-start,True,LightGBM,crawl-predict:c36a23a6,87d77c9bf69c
2026-05-25T05:55:04,HAVANE DE FANGOUSE,Voir sa fiche,Equifun 50 cm,Club Poney Minime individuel,,7,17,cold-start,True,LightGBM,crawl-predict:c36a23a6,ae725b329cd5
2026-05-25T05:55:04,AGUR,Voir sa fiche,Equifun 70 cm,Chp de France Club Poney Elite equipe,,1,17,cold-start,True,LightGBM,crawl-predict:c36a23a6,6e034ae1a421
2026-05-25T05:55:04,ISATIS SPONTE,Voir sa fiche,Equifun 70 cm,Chp de France Club Poney Elite equipe,,2,17,cold-start,True,LightGBM,crawl-predict:c36a23a6,2d9d3971a57c
2026-05-25T05:55:04,LLANDAR PRINCESS APRIL,Voir sa fiche,Equifun 70 cm,Chp de France Club Poney Elite equipe,,3,17,cold-start,True,LightGBM,crawl-predict:c36a23a6,c16690d5de11
2026-05-25T05:55:04,BOUNTY,Voir sa fiche,Equifun 70 cm,Chp de France Club Poney Elite equipe,,4,17,cold-start,True,LightGBM,crawl-predict:c36a23a6,3176388cfac7
2026-05-25T05:55:04,BLACKPEARL D'UPAPIE,Voir sa fiche,Equifun 40 cm,Club Poney B Benjamin individuel,,4,8,cold-start,True,LightGBM,crawl-predict:c36a23a6,6e3a43881e51
2026-05-25T05:55:04,DURACELL,Voir sa fiche,Equifun 40 cm,Club Poney B Benjamin individuel,,3,9,cold-start,True,LightGBM,crawl-predict:c36a23a6,5c2fb5897090
2026-05-25T05:55:04,IMPALA DORNOA,Voir sa fiche,Equifun 40 cm,Club Poney B Benjamin individuel,,2,14,cold-start,True,LightGBM,crawl-predict:c36a23a6,7982b417e768
2026-05-25T05:55:04,NONE,Voir sa fiche,Equifun 40 cm,Club Poney B Benjamin individuel,,1,17,cold-start,True,LightGBM,crawl-predict:c36a23a6,26d86964aca2
2026-05-25T05:55:04,BEKREL D'EZ,Voir sa fiche,Equifun 30 cm,Chp de France Club A Poussin equipe,,3,17,cold-start,True,LightGBM,crawl-predict:c36a23a6,0ae99af6a0f9
2026-05-25T05:55:04,KLOCHETTE DEZ,Voir sa fiche,Equifun 30 cm,Chp de France Club A Poussin equipe,,4,17,cold-start,True,LightGBM,crawl-predict:c36a23a6,bc3a2e5bf2bf
2026-05-25T05:55:04,VELOUR D'EZ,Voir sa fiche,Equifun 30 cm,Chp de France Club A Poussin equipe,,5,17,cold-start,True,LightGBM,crawl-predict:c36a23a6,b51eea95fc25
2026-05-25T05:55:04,JUKE D'EZ,Voir sa fiche,Equifun 30 cm,Chp de France Club A Poussin equipe,,6,17,cold-start,True,LightGBM,crawl-predict:c36a23a6,5f35c06b1efb
2026-05-25T05:55:04,BIGOUDI D'EZ (réserve),NONE,Equifun 30 cm,Chp de France Club A Poussin equipe,,1,70,cold-start,True,LightGBM,crawl-predict:c36a23a6,260e5ff33e0e
2026-05-25T05:55:04,PRINCESSE ZIG,Voir sa fiche,Equifun 30 cm,Chp de France Club A Poussin equipe,,14,2,cold-start,True,LightGBM,crawl-predict:c36a23a6,a6bad9378d6e
2026-05-25T05:55:04,COOKI DES BLEUETS,Voir sa fiche,Equifun 30 cm,Chp de France Club A Poussin equipe,,7,17,cold-start,True,LightGBM,crawl-predict:c36a23a6,52d2208b3db4
2026-05-25T05:55:04,MILANO PASSIONE,Voir sa fiche,Equifun 30 cm,Chp de France Club A Poussin equipe,,8,17,cold-start,True,LightGBM,crawl-predict:c36a23a6,defe8b1f7a93
2026-05-25T05:55:04,EPICE D EBENE,Voir sa fiche,Equifun 30 cm,Chp de France Club A Poussin equipe,,9,17,cold-start,True,LightGBM,crawl-predict:c36a23a6,32f6753a3b53
2026-05-25T05:55:04,HAIKO (réserve),(réserve),Equifun 30 cm,Chp de France Club A Poussin equipe,,10,17,cold-start,True,LightGBM,crawl-predict:c36a23a6,846f1e68ddc7
2026-05-25T05:55:04,BLACKPEARL D'UPAPIE,Voir sa fiche,Equifun 30 cm,Chp de France Club A Poussin equipe,,13,8,cold-start,True,LightGBM,crawl-predict:c36a23a6,1682438b1a64
2026-05-25T05:55:04,FIDJIE DU SANON,Voir sa fiche,Equifun 30 cm,Chp de France Club A Poussin equipe,,2,53,cold-start,True,LightGBM,crawl-predict:c36a23a6,8f1568e8a9a5
2026-05-25T05:55:04,JUDICAELLE DE KERVE,Voir sa fiche,Equifun 30 cm,Chp de France Club A Poussin equipe,,11,17,cold-start,True,LightGBM,crawl-predict:c36a23a6,1d47a841e8be
2026-05-25T05:55:04,ESMEE DRESS CODE,Voir sa fiche,Equifun 30 cm,Chp de France Club A Poussin equipe,,12,17,cold-start,True,LightGBM,crawl-predict:c36a23a6,a983b6724db9
2026-05-25T05:55:04,CITRON DE MESNES,Voir sa fiche,Equifun 30 cm,Club A Moustique Chp Dpt Circuit Dpt individuel,,2,17,cold-start,True,LightGBM,crawl-predict:c36a23a6,42c0a7a72a3f
2026-05-25T05:55:04,FLEUR DE MESNES,Voir sa fiche,Equifun 30 cm,Club A Moustique Chp Dpt Circuit Dpt individuel,,3,17,cold-start,True,LightGBM,crawl-predict:c36a23a6,8e832d057057
2026-05-25T05:55:04,URSULA DU BEC,Voir sa fiche,Equifun 30 cm,Club A Moustique Chp Dpt Circuit Dpt individuel,,4,17,cold-start,True,LightGBM,crawl-predict:c36a23a6,7883f4de1dbc
2026-05-25T05:55:04,GLORIA DES BORNAIS,Voir sa fiche,Equifun 30 cm,Club A Moustique Chp Dpt Circuit Dpt individuel,,5,17,cold-start,True,LightGBM,crawl-predict:c36a23a6,e85905552fb9
2026-05-25T05:55:04,VAMPIRE V.D.BROUWERIJ,Voir sa fiche,Equifun 30 cm,Club A Moustique Chp Dpt Circuit Dpt individuel,,6,17,cold-start,True,LightGBM,crawl-predict:c36a23a6,4642da26371d
2026-05-25T05:55:04,AGATE BRAUDIERE,Voir sa fiche,Equifun 30 cm,Club A Moustique Chp Dpt Circuit Dpt individuel,,7,17,cold-start,True,LightGBM,crawl-predict:c36a23a6,17a2cbb958d2
2026-05-25T05:55:04,SAMBA,Voir sa fiche,Equifun 30 cm,Club A Moustique Chp Dpt Circuit Dpt individuel,,8,17,cold-start,True,LightGBM,crawl-predict:c36a23a6,e8d1780d1a18
2026-05-25T05:55:04,PEGAZE FABCO,Voir sa fiche,Equifun 30 cm,Club A Moustique Chp Dpt Circuit Dpt individuel,,9,17,cold-start,True,LightGBM,crawl-predict:c36a23a6,498364cef270
2026-05-25T05:55:04,GUNGANBRE DE MESNES,Voir sa fiche,Equifun 30 cm,Club A Moustique Chp Dpt Circuit Dpt individuel,,1,28,cold-start,True,LightGBM,crawl-predict:c36a23a6,8bf2c6e1eae5
2026-05-25T05:55:04,CITRON DE MESNES,Voir sa fiche,Equifun 30 cm,Club A Moustique Chp Dpt Circuit Dpt individuel,,10,17,cold-start,True,LightGBM,crawl-predict:c36a23a6,8b6d4e7aef4c
2026-05-25T05:55:04,FENIX DU VAL,Voir sa fiche,Equifun 70 cm,Club Elite Chp Reg individuel,,1,17,cold-start,True,LightGBM,crawl-predict:c36a23a6,95c5648d48c1
2026-05-25T05:55:04,CARLA,Voir sa fiche,Equifun 70 cm,Club Elite Chp Reg individuel,,2,17,cold-start,True,LightGBM,crawl-predict:c36a23a6,04bc78c5378c
2026-05-25T05:55:04,GANDALF D'ANTHEMIS,Voir sa fiche,Equifun 70 cm,Club Elite Chp Reg individuel,,3,17,cold-start,True,LightGBM,crawl-predict:c36a23a6,f25260b7e695
2026-05-25T05:55:04,ELITE DU COLOMBIER,Voir sa fiche,Equifun 70 cm,Club Elite Chp Reg individuel,,4,17,cold-start,True,LightGBM,crawl-predict:c36a23a6,0f3125f78ee3
2026-05-25T05:55:04,HAWAI D'ANTHEMIS,Voir sa fiche,Equifun 70 cm,Club Elite Chp Reg individuel,,5,17,cold-start,True,LightGBM,crawl-predict:c36a23a6,fd4f2d742ac8
2026-05-25T05:55:04,CHOCOLAT DU BEZIAU,Voir sa fiche,Equifun 40 cm,Chp de France Club Poney A B Benjamin 1 equipe,,1,17,cold-start,True,LightGBM,crawl-predict:c36a23a6,4bc2b94c8b82
2026-05-25T05:55:04,VAVIT DU BOIS,Voir sa fiche,Equifun 40 cm,Chp de France Club Poney A B Benjamin 1 equipe,,2,17,cold-start,True,LightGBM,crawl-predict:c36a23a6,5fa1823bcf30
2026-05-25T05:55:04,EPSILON,Voir sa fiche,Equifun 40 cm,Chp de France Club Poney A B Benjamin 1 equipe,,3,17,cold-start,True,LightGBM,crawl-predict:c36a23a6,7af3f4d86b7c
2026-05-25T05:55:04,QUAKOLAC,Voir sa fiche,Equifun 40 cm,Chp de France Club Poney A B Benjamin 1 equipe,,4,17,cold-start,True,LightGBM,crawl-predict:c36a23a6,a82e06050509
2026-05-25T05:55:04,POTTOKA (réserve),(réserve),Equifun 40 cm,Chp de France Club Poney A B Benjamin 1 equipe,,5,17,cold-start,True,LightGBM,crawl-predict:c36a23a6,b9569d03a12b
2026-05-25T05:55:04,CURUN ARVORIG,Voir sa fiche,Equifun 50 cm,Club Poney Minime individuel,,1,17,cold-start,True,LightGBM,crawl-predict:c36a23a6,a3ccb325b51f
2026-05-25T05:55:04,HARISSA D'ANTHEMIS,Voir sa fiche,Equifun 50 cm,Club Poney Minime individuel,,2,17,cold-start,True,LightGBM,crawl-predict:c36a23a6,b37bd2f55c05
2026-05-25T05:55:04,INJECTION,Voir sa fiche,Equifun 70 cm,Club Elite individuel,,1,17,cold-start,True,LightGBM,crawl-predict:c36a23a6,ec688242d986
2026-05-25T05:55:04,LILLY OF THE V SUREIL,Voir sa fiche,Equifun 70 cm,Club Elite individuel,,2,17,cold-start,True,LightGBM,crawl-predict:c36a23a6,551a23505114
2026-05-25T05:55:04,GAIANOVA,Voir sa fiche,Equifun 70 cm,Club Elite individuel,,3,17,cold-start,True,LightGBM,crawl-predict:c36a23a6,29f4e9b46716
2026-05-25T05:55:04,DRAGIBUS JOLIEBRISE,Voir sa fiche,Equifun 70 cm,Club Poney Elite individuel,,1,17,cold-start,True,LightGBM,crawl-predict:c36a23a6,5d7f7a889f0b
2026-05-25T05:55:04,JAKOUZI D'ASH,Voir sa fiche,Equifun 70 cm,Club Poney Elite individuel,,1,17,cold-start,True,LightGBM,crawl-predict:c36a23a6,79b9496ff278
2026-05-25T05:55:04,TANGO,Voir sa fiche,Equifun 70 cm,Club Poney Elite individuel,,2,17,cold-start,True,LightGBM,crawl-predict:c36a23a6,1d28fc6ea8b5
2026-05-25T05:55:04,ELLEYLA D'ALTAN,Voir sa fiche,Equifun 40 cm,Club Poney Benjamin individuel,,2,17,cold-start,True,LightGBM,crawl-predict:c36a23a6,947188a5ef8e
2026-05-25T05:55:04,TRESOR,Voir sa fiche,Equifun 40 cm,Club Poney Benjamin individuel,,1,42,cold-start,True,LightGBM,crawl-predict:c36a23a6,a7eb5be1643f
2026-05-25T05:55:04,HARISSA D'ANTHEMIS,Voir sa fiche,Equifun 40 cm,Club Poney Benjamin individuel,,3,17,cold-start,True,LightGBM,crawl-predict:c36a23a6,f9a3ff9541a1
2026-05-25T05:55:04,LINGOT DOR DELACOLINE,Voir sa fiche,Equifun 40 cm,Club Poney Benjamin individuel,,4,17,cold-start,True,LightGBM,crawl-predict:c36a23a6,2e2cac8466cc
2026-05-25T05:55:04,DEVON ROSE,Voir sa fiche,Equifun 40 cm,Club Poney Benjamin individuel,,5,17,cold-start,True,LightGBM,crawl-predict:c36a23a6,3b7a58abbade
2026-05-25T05:55:04,QUADRADO,Voir sa fiche,Equifun 40 cm,Club Poney Benjamin individuel,,6,17,cold-start,True,LightGBM,crawl-predict:c36a23a6,31e2d96fc76c
2026-05-25T05:55:04,DRAGIBUS,Voir sa fiche,Equifun 40 cm,Club Poney Benjamin individuel,,9,4,cold-start,True,LightGBM,crawl-predict:c36a23a6,423d012d7e9c
2026-05-25T05:55:04,HARISSA D'ANTHEMIS,Voir sa fiche,Equifun 40 cm,Club Poney Benjamin individuel,,7,17,cold-start,True,LightGBM,crawl-predict:c36a23a6,0d275b518bf3
2026-05-25T05:55:04,KANTERO DU THILL,Voir sa fiche,Equifun 40 cm,Club Poney Benjamin individuel,,8,17,cold-start,True,LightGBM,crawl-predict:c36a23a6,da5d63df514f
2026-05-25T05:55:04,PABLO,Voir sa fiche,Equifun 40 cm,Chp de France Club Poney A B Benjamin 2 equipe,,4,17,cold-start,True,LightGBM,crawl-predict:c36a23a6,5ba692c8013e
2026-05-25T05:55:04,JERRY DU THEIL,Voir sa fiche,Equifun 40 cm,Chp de France Club Poney A B Benjamin 2 equipe,,5,17,cold-start,True,LightGBM,crawl-predict:c36a23a6,02ae5eab0a70
2026-05-25T05:55:04,EPICE D EBENE,Voir sa fiche,Equifun 40 cm,Chp de France Club Poney A B Benjamin 2 equipe,,6,17,cold-start,True,LightGBM,crawl-predict:c36a23a6,97f000dc0430
2026-05-25T05:55:04,TONNERRE,Voir sa fiche,Equifun 40 cm,Chp de France Club Poney A B Benjamin 2 equipe,,3,20,cold-start,True,LightGBM,crawl-predict:c36a23a6,9670853964d9
2026-05-25T05:55:04,JUPITER DU THEIL,Voir sa fiche,Equifun 40 cm,Chp de France Club Poney A B Benjamin 2 equipe,,7,17,cold-start,True,LightGBM,crawl-predict:c36a23a6,d4b4c81db32e
2026-05-25T05:55:04,RIKITA,Voir sa fiche,Equifun 40 cm,Chp de France Club Poney A B Benjamin 2 equipe,,1,38,cold-start,True,LightGBM,crawl-predict:c36a23a6,15383c579f63
2026-05-25T05:55:04,ULTRA CHIC D'YL,Voir sa fiche,Equifun 40 cm,Chp de France Club Poney A B Benjamin 2 equipe,,2,26,cold-start,True,LightGBM,crawl-predict:c36a23a6,fbc036756776
2026-05-25T05:55:04,NONE,Voir sa fiche,Equifun 30 cm,Club A Poussin individuel,,1,17,cold-start,True,LightGBM,crawl-predict:c36a23a6,91e7c282c2d0
2026-05-25T05:55:04,HIRIS DE GIOUX,Voir sa fiche,Equifun 40 cm,Club Poney Benjamin individuel,,1,17,cold-start,True,LightGBM,crawl-predict:c36a23a6,4e9d83b3ca7b
2026-05-25T05:55:04,HORIZON DE MONTEREY,Voir sa fiche,Equifun 40 cm,Club Poney Benjamin individuel,,2,17,cold-start,True,LightGBM,crawl-predict:c36a23a6,9e37c59bd2e6
2026-05-25T05:55:04,ANIS,Voir sa fiche,Equifun 30 cm,Club A Moustique individuel,,1,17,cold-start,True,LightGBM,crawl-predict:c36a23a6,9e3628d9aa86
2026-05-25T05:55:04,CHOUQUETTE,Voir sa fiche,Equifun 30 cm,Club A Moustique individuel,,2,17,cold-start,True,LightGBM,crawl-predict:c36a23a6,edbd3727fa39
2026-05-25T05:55:04,GINGER DU GOUST,Voir sa fiche,Equifun 30 cm,Club A Moustique individuel,,3,17,cold-start,True,LightGBM,crawl-predict:c36a23a6,f145f9bcc0fd
2026-05-25T05:55:04,LUTE,Voir sa fiche,Equifun 40 cm,Club Poney B Benjamin Chp Dpt Circuit Dpt individuel,,1,17,cold-start,True,LightGBM,crawl-predict:c36a23a6,c89d54d532c0
2026-05-25T05:55:04,PIMMS,Voir sa fiche,Equifun 40 cm,Club Poney B Benjamin Chp Dpt Circuit Dpt individuel,,2,17,cold-start,True,LightGBM,crawl-predict:c36a23a6,291374efc8e7
2026-05-25T05:55:04,ANRI GRACE,Voir sa fiche,Equifun 40 cm,Club Poney B Benjamin Chp Dpt Circuit Dpt individuel,,3,17,cold-start,True,LightGBM,crawl-predict:c36a23a6,5c9ea693d021
2026-05-25T05:55:04,FLY,Voir sa fiche,Equifun 40 cm,Club Poney B Benjamin Chp Dpt Circuit Dpt individuel,,4,17,cold-start,True,LightGBM,crawl-predict:c36a23a6,c42bce4b1b9a
2026-05-25T05:55:04,BONNIE,Voir sa fiche,Equifun 40 cm,Club Poney B Benjamin Chp Dpt Circuit Dpt individuel,,5,17,cold-start,True,LightGBM,crawl-predict:c36a23a6,361b82152564
2026-05-25T05:55:04,EGARYAN DES BERTAINES,Voir sa fiche,Equifun 40 cm,Club Poney B Benjamin Chp Dpt Circuit Dpt individuel,,6,17,cold-start,True,LightGBM,crawl-predict:c36a23a6,714abca200ee
2026-05-25T05:55:04,IGOR,Voir sa fiche,Equifun 40 cm,Club Poney B Benjamin Chp Dpt Circuit Dpt individuel,,7,17,cold-start,True,LightGBM,crawl-predict:c36a23a6,c3bfe0692e36
2026-05-25T05:55:04,BRAM V ARUBA,Voir sa fiche,Equifun 40 cm,Club Poney B Benjamin Chp Dpt Circuit Dpt individuel,,8,17,cold-start,True,LightGBM,crawl-predict:c36a23a6,e1d7c5021f3e
2026-05-25T05:55:04,GLORIA,Voir sa fiche,Equifun 40 cm,Club Poney B Benjamin Chp Dpt Circuit Dpt individuel,,9,17,cold-start,True,LightGBM,crawl-predict:c36a23a6,f4c330112351
2026-05-25T05:55:04,VIRGULE DE KERSALIC,Voir sa fiche,Equifun 40 cm,Club Poney B Benjamin Chp Dpt Circuit Dpt individuel,,10,17,cold-start,True,LightGBM,crawl-predict:c36a23a6,fa4c31a65c53
2026-05-25T05:55:04,IRON MAN D'ADEZEL,Voir sa fiche,Equifun 60 cm,Club Poney Junior Chp Dpt Circuit Dpt individuel,,1,17,cold-start,True,LightGBM,crawl-predict:c36a23a6,ce33466564a1
2026-05-25T05:55:04,CASTANO MACHO,Voir sa fiche,Equifun 30 cm,Chp de France Club A Benjamin 1 equipe,,1,17,cold-start,True,LightGBM,crawl-predict:c36a23a6,674313a4f3c7
2026-05-25T05:55:04,JACQUETTE D'ESPE,Voir sa fiche,Equifun 30 cm,Chp de France Club A Benjamin 1 equipe,,2,17,cold-start,True,LightGBM,crawl-predict:c36a23a6,101eb295e0db
2026-05-25T05:55:04,LUTE,Voir sa fiche,Equifun 30 cm,Chp de France Club A Benjamin 1 equipe,,3,17,cold-start,True,LightGBM,crawl-predict:c36a23a6,5289b1d4e0f7
2026-05-25T05:55:04,DYXIE,Voir sa fiche,Equifun 30 cm,Chp de France Club A Benjamin 1 equipe,,4,17,cold-start,True,LightGBM,crawl-predict:c36a23a6,fcb388bc18d9
2026-05-25T05:55:04,GINGER DU GOUST,Voir sa fiche,Equifun 40 cm,Club Poney B Benjamin individuel,,1,17,cold-start,True,LightGBM,crawl-predict:c36a23a6,c2fb231b0045
2026-05-25T05:55:04,ROTGERS CIMBERLY,Voir sa fiche,Equifun 40 cm,Club Poney B Benjamin individuel,,2,17,cold-start,True,LightGBM,crawl-predict:c36a23a6,38c8caea589f
2026-05-25T05:55:04,HORIZON DE MONTEREY,Voir sa fiche,Equifun 40 cm,Club Poney B Benjamin individuel,,3,17,cold-start,True,LightGBM,crawl-predict:c36a23a6,5592c4e0b52b
2026-05-25T05:55:04,HIRIS DE GIOUX,Voir sa fiche,Equifun 40 cm,Club Poney B Benjamin individuel,,4,17,cold-start,True,LightGBM,crawl-predict:c36a23a6,69df66454ea0
2026-05-25T05:55:04,ONYX,Voir sa fiche,Equifun 40 cm,Club Poney Benjamin individuel,,1,17,cold-start,True,LightGBM,crawl-predict:c36a23a6,bd113fbc4734
2026-05-25T05:55:04,FILILITA,Voir sa fiche,Equifun 60 cm,Club Poney Cadet individuel,,1,17,cold-start,True,LightGBM,crawl-predict:c36a23a6,72faf2f12412
2026-05-25T05:55:04,HILLARY BLITZ,Voir sa fiche,Equifun 60 cm,Club Poney Cadet individuel,,2,17,cold-start,True,LightGBM,crawl-predict:c36a23a6,d4da44ace252
2026-05-25T05:55:04,NONE,Voir sa fiche,Equifun 40 cm,Club Poney B Benjamin Chp Reg individuel,,1,17,cold-start,True,LightGBM,crawl-predict:c36a23a6,d8a567199867
2026-05-25T05:55:04,URANIE,Voir sa fiche,Equifun 30 cm,Club A Poussin individuel,,1,17,cold-start,True,LightGBM,crawl-predict:c36a23a6,6e22df6e0c7f
2026-05-25T05:55:04,GUNGANBRE DE MESNES,Voir sa fiche,Equifun 30 cm,Club A Poussin Chp Dpt Circuit Dpt individuel,,1,28,cold-start,True,LightGBM,crawl-predict:c36a23a6,2b2382a8ed3b
2026-05-25T05:55:04,ELINE,Voir sa fiche,Equifun 30 cm,Club A Poussin Chp Dpt Circuit Dpt individuel,,3,17,cold-start,True,LightGBM,crawl-predict:c36a23a6,7d81a8c35670
2026-05-25T05:55:04,EDEN PARADISE,Voir sa fiche,Equifun 30 cm,Club A Poussin Chp Dpt Circuit Dpt individuel,,4,17,cold-start,True,LightGBM,crawl-predict:c36a23a6,2146a4e65787
2026-05-25T05:55:04,IMAGE DES VALLOTS,Voir sa fiche,Equifun 30 cm,Club A Poussin Chp Dpt Circuit Dpt individuel,,5,17,cold-start,True,LightGBM,crawl-predict:c36a23a6,1fce0c021e60
2026-05-25T05:55:04,LIPTON,Voir sa fiche,Equifun 30 cm,Club A Poussin Chp Dpt Circuit Dpt individuel,,6,17,cold-start,True,LightGBM,crawl-predict:c36a23a6,d9f78b3b4a5c
2026-05-25T05:55:04,PEGAZE FABCO,Voir sa fiche,Equifun 30 cm,Club A Poussin Chp Dpt Circuit Dpt individuel,,7,17,cold-start,True,LightGBM,crawl-predict:c36a23a6,631d64877570
2026-05-25T05:55:04,FLEUR DE MESNES,Voir sa fiche,Equifun 30 cm,Club A Poussin Chp Dpt Circuit Dpt individuel,,8,17,cold-start,True,LightGBM,crawl-predict:c36a23a6,571832f7ee4a
2026-05-25T05:55:04,URSULA DU BEC,Voir sa fiche,Equifun 30 cm,Club A Poussin Chp Dpt Circuit Dpt individuel,,9,17,cold-start,True,LightGBM,crawl-predict:c36a23a6,6889c7a79088
2026-05-25T05:55:04,CARTOON D'ESPOIR,Voir sa fiche,Equifun 30 cm,Club A Poussin Chp Dpt Circuit Dpt individuel,,10,17,cold-start,True,LightGBM,crawl-predict:c36a23a6,024692bb5001
2026-05-25T05:55:04,SAMBA,Voir sa fiche,Equifun 30 cm,Club A Poussin Chp Dpt Circuit Dpt individuel,,11,17,cold-start,True,LightGBM,crawl-predict:c36a23a6,25a4054d7c73
2026-05-25T05:55:04,BIG MAC D'ESPOIR,Voir sa fiche,Equifun 30 cm,Club A Poussin Chp Dpt Circuit Dpt individuel,,12,17,cold-start,True,LightGBM,crawl-predict:c36a23a6,6204d5f6ec55
2026-05-25T05:55:04,VAMPIRE V.D.BROUWERIJ,Voir sa fiche,Equifun 30 cm,Club A Poussin Chp Dpt Circuit Dpt individuel,,13,17,cold-start,True,LightGBM,crawl-predict:c36a23a6,f578489ff1d3
2026-05-25T05:55:04,TOUPY DE LA CLAIRIERE,Voir sa fiche,Equifun 30 cm,Club A Poussin Chp Dpt Circuit Dpt individuel,,14,17,cold-start,True,LightGBM,crawl-predict:c36a23a6,b8fc37d0bfac
2026-05-25T05:55:04,CITRON DE MESNES,Voir sa fiche,Equifun 30 cm,Club A Poussin Chp Dpt Circuit Dpt individuel,,15,17,cold-start,True,LightGBM,crawl-predict:c36a23a6,d9b51dc8c5df
2026-05-25T05:55:04,IMAGE DES VALLOTS,Voir sa fiche,Equifun 30 cm,Club A Poussin Chp Dpt Circuit Dpt individuel,,16,17,cold-start,True,LightGBM,crawl-predict:c36a23a6,030675b56c9a
2026-05-25T05:55:04,DOOWAP DES GRALONS,Voir sa fiche,Equifun 30 cm,Club A Poussin Chp Dpt Circuit Dpt individuel,,17,17,cold-start,True,LightGBM,crawl-predict:c36a23a6,a10caa5cae96
2026-05-25T05:55:04,PEGAZE FABCO,Voir sa fiche,Equifun 30 cm,Club A Poussin Chp Dpt Circuit Dpt individuel,,18,17,cold-start,True,LightGBM,crawl-predict:c36a23a6,047fe132edda
2026-05-25T05:55:04,GUNGANBRE DE MESNES,Voir sa fiche,Equifun 30 cm,Club A Poussin Chp Dpt Circuit Dpt individuel,,2,28,cold-start,True,LightGBM,crawl-predict:c36a23a6,443930a20dae
2026-05-25T05:55:04,ELINE,Voir sa fiche,Equifun 30 cm,Club A Poussin Chp Dpt Circuit Dpt individuel,,19,17,cold-start,True,LightGBM,crawl-predict:c36a23a6,6990e0128282
2026-05-25T05:55:04,EDEN PARADISE,Voir sa fiche,Equifun 30 cm,Club A Poussin Chp Dpt Circuit Dpt individuel,,20,17,cold-start,True,LightGBM,crawl-predict:c36a23a6,da7ae7c52e49
2026-05-25T05:55:04,ULKY,Voir sa fiche,Equifun 30 cm,Club A Moustique individuel,,1,17,cold-start,True,LightGBM,crawl-predict:c36a23a6,6639f1fa5725
2026-05-25T05:55:04,IRON MAN D'ADEZEL,Voir sa fiche,Equifun 50 cm,Club Poney Minime Chp Dpt Circuit Dpt individuel,,1,17,cold-start,True,LightGBM,crawl-predict:c36a23a6,71aafa446d43
2026-05-25T05:55:04,DUENDE DADEUZEL,Voir sa fiche,Equifun 50 cm,Club Poney Minime Chp Dpt Circuit Dpt individuel,,2,17,cold-start,True,LightGBM,crawl-predict:c36a23a6,050cad563dc3
2026-05-25T05:55:04,VICOMTE DU LEVANT,Voir sa fiche,Equifun 50 cm,Club Poney Minime Chp Dpt Circuit Dpt individuel,,3,17,cold-start,True,LightGBM,crawl-predict:c36a23a6,03f398b8074a
2026-05-25T05:55:04,ANRI GRACE,Voir sa fiche,Equifun 50 cm,Club Poney Minime Chp Dpt Circuit Dpt individuel,,4,17,cold-start,True,LightGBM,crawl-predict:c36a23a6,5cd7892ba9b7
2026-05-25T05:55:04,BLOUMIK DES BERTAINES,Voir sa fiche,Equifun 50 cm,Club Poney Minime Chp Dpt Circuit Dpt individuel,,5,17,cold-start,True,LightGBM,crawl-predict:c36a23a6,c367fd01900a
2026-05-25T05:55:04,MOYLENA GERRY,Voir sa fiche,Equifun 50 cm,Club Poney Minime Chp Dpt Circuit Dpt individuel,,6,17,cold-start,True,LightGBM,crawl-predict:c36a23a6,9deabf196bce
2026-05-25T05:55:04,BLOUMIK DES BERTAINES,Voir sa fiche,Equifun 50 cm,Club Poney Minime Chp Dpt Circuit Dpt individuel,,7,17,cold-start,True,LightGBM,crawl-predict:c36a23a6,d5188faa6037
2026-05-25T05:55:04,SITTING BELLE,Voir sa fiche,Equifun 40 cm,Club Poney B Benjamin Chp Dpt Circuit Dpt individuel,,1,17,cold-start,True,LightGBM,crawl-predict:c36a23a6,9d6b32889c54
2026-05-25T05:55:04,CALYPSO,Voir sa fiche,Equifun 40 cm,Club Poney B Benjamin Chp Dpt Circuit Dpt individuel,,2,17,cold-start,True,LightGBM,crawl-predict:c36a23a6,6baa6a498cf0
2026-05-25T05:55:04,HOLAFF DIMAVI,Voir sa fiche,Equifun 40 cm,Club Poney B Benjamin Chp Dpt Circuit Dpt individuel,,3,17,cold-start,True,LightGBM,crawl-predict:c36a23a6,ae39c2e77ee4
2026-05-25T05:55:04,FAVORI,Voir sa fiche,Equifun 40 cm,Club Poney B Benjamin Chp Dpt Circuit Dpt individuel,,4,17,cold-start,True,LightGBM,crawl-predict:c36a23a6,bc3e27cb595e
2026-05-25T05:55:04,URANUS D'HARRASPY,Voir sa fiche,Equifun 40 cm,Club Poney B Benjamin Chp Dpt Circuit Dpt individuel,,5,17,cold-start,True,LightGBM,crawl-predict:c36a23a6,b385bd7ac603
2026-05-25T05:55:04,QUARESMA,Voir sa fiche,Equifun 40 cm,Club Poney B Benjamin Chp Dpt Circuit Dpt individuel,,6,17,cold-start,True,LightGBM,crawl-predict:c36a23a6,896f0fdc7cd5
2026-05-25T05:55:04,ROLA,Voir sa fiche,Equifun 40 cm,Club Poney B Benjamin Chp Dpt Circuit Dpt individuel,,7,17,cold-start,True,LightGBM,crawl-predict:c36a23a6,2428036c5d98
2026-05-25T05:55:04,CALYPSO D'AHI,Voir sa fiche,Equifun 40 cm,Club Poney B Benjamin Chp Dpt Circuit Dpt individuel,,8,17,cold-start,True,LightGBM,crawl-predict:c36a23a6,e894507bba20
2026-05-25T05:55:04,SITTING BELLE,Voir sa fiche,Equifun 40 cm,Club Poney B Benjamin Chp Dpt Circuit Dpt individuel,,9,17,cold-start,True,LightGBM,crawl-predict:c36a23a6,572b112c58f6
2026-05-25T05:55:04,RITA,Voir sa fiche,Equifun 40 cm,Club Poney B Benjamin Chp Dpt Circuit Dpt individuel,,10,17,cold-start,True,LightGBM,crawl-predict:c36a23a6,87309addcc70
2026-05-25T05:55:04,ARISTODE,Voir sa fiche,Equifun 40 cm,Club Poney B Benjamin Chp Dpt Circuit Dpt individuel,,11,17,cold-start,True,LightGBM,crawl-predict:c36a23a6,04b5cdb971af
2026-05-25T05:55:04,EVEREST INRA,Voir sa fiche,Equifun 40 cm,Club Poney B Benjamin Chp Dpt Circuit Dpt individuel,,12,17,cold-start,True,LightGBM,crawl-predict:c36a23a6,f03284bd25ad
2026-05-25T05:55:04,EDEN PARADISE,Voir sa fiche,Equifun 40 cm,Club Poney B Benjamin Chp Dpt Circuit Dpt individuel,,13,17,cold-start,True,LightGBM,crawl-predict:c36a23a6,9f779bdb6ac8
2026-05-25T05:55:04,ELINE,Voir sa fiche,Equifun 40 cm,Club Poney B Benjamin Chp Dpt Circuit Dpt individuel,,14,17,cold-start,True,LightGBM,crawl-predict:c36a23a6,9865344201ec
2026-05-25T05:55:04,DIABLESSE,Voir sa fiche,Equifun 40 cm,Club Poney B Benjamin Chp Dpt Circuit Dpt individuel,,15,17,cold-start,True,LightGBM,crawl-predict:c36a23a6,3297ad0eada4
2026-05-25T05:55:04,CALYPSO,Voir sa fiche,Equifun 40 cm,Club Poney B Benjamin Chp Dpt Circuit Dpt individuel,,16,17,cold-start,True,LightGBM,crawl-predict:c36a23a6,7d7a884d7ac3
2026-05-25T05:55:04,SITTING BELLE,Voir sa fiche,Equifun 40 cm,Club Poney B Benjamin Chp Dpt Circuit Dpt individuel,,17,17,cold-start,True,LightGBM,crawl-predict:c36a23a6,62e4b7e6b9ec
2026-05-25T05:55:04,FIDJI DU GORGET,Voir sa fiche,Equifun 50 cm,Club Poney Minime individuel,,1,17,cold-start,True,LightGBM,crawl-predict:c36a23a6,c27676924c24
2026-05-25T05:55:04,FIDJI DU GORGET,Voir sa fiche,Equifun 50 cm,Club Poney Minime individuel,,2,17,cold-start,True,LightGBM,crawl-predict:c36a23a6,62d670828a30
2026-05-25T05:55:04,RIKITA,Voir sa fiche,Equifun 50 cm,Chp de France Club Poney Minime 1 equipe,,1,38,cold-start,True,LightGBM,crawl-predict:c36a23a6,ca07b2b1849c
2026-05-25T05:55:04,CROCO D'YL,Voir sa fiche,Equifun 50 cm,Chp de France Club Poney Minime 1 equipe,,3,17,cold-start,True,LightGBM,crawl-predict:c36a23a6,5fcbc6baa17b
2026-05-25T05:55:04,ULTRA CHIC D'YL,Voir sa fiche,Equifun 50 cm,Chp de France Club Poney Minime 1 equipe,,2,26,cold-start,True,LightGBM,crawl-predict:c36a23a6,394e719e1e48
2026-05-25T05:55:04,ULTRACHIC,Voir sa fiche,Equifun 50 cm,Chp de France Club Poney Minime 1 equipe,,4,17,cold-start,True,LightGBM,crawl-predict:c36a23a6,4fdad58cd50a
2026-05-25T05:55:04,OLDTOWN JOAN,Voir sa fiche,Equifun 40 cm,Chp de France Club Poney Benjamin 2 equipe,,1,17,cold-start,True,LightGBM,crawl-predict:c36a23a6,37293b1fed7b
2026-05-25T05:55:04,CQUINOA DU SHOET,Voir sa fiche,Equifun 40 cm,Chp de France Club Poney Benjamin 2 equipe,,2,17,cold-start,True,LightGBM,crawl-predict:c36a23a6,c42135245dc4
2026-05-25T05:55:04,HARIBO DE KERESSEIS,Voir sa fiche,Equifun 40 cm,Chp de France Club Poney Benjamin 2 equipe,,3,17,cold-start,True,LightGBM,crawl-predict:c36a23a6,a7bf8467d86a
2026-05-25T05:55:04,KANTJE'S DALOU,Voir sa fiche,Equifun 40 cm,Chp de France Club Poney Benjamin 2 equipe,,4,17,cold-start,True,LightGBM,crawl-predict:c36a23a6,85c3df243c48
2026-05-25T05:55:04,RAMBO (réserve),(réserve),Equifun 40 cm,Chp de France Club Poney Benjamin 2 equipe,,5,17,cold-start,True,LightGBM,crawl-predict:c36a23a6,1e5a1a7651a8
2026-05-25T05:55:04,BUGSBUNY GRAFFITIS,Voir sa fiche,Equifun 30 cm,Club A Moustique individuel,,1,17,cold-start,True,LightGBM,crawl-predict:c36a23a6,ae4a44d4a734
2026-05-25T05:55:04,DUENDE DADEUZEL,Voir sa fiche,Equifun 40 cm,Club Poney Benjamin Chp Dpt Circuit Dpt individuel,,1,17,cold-start,True,LightGBM,crawl-predict:c36a23a6,0037a9f00063
2026-05-25T05:55:04,VICOMTE DU LEVANT,Voir sa fiche,Equifun 40 cm,Club Poney Benjamin Chp Dpt Circuit Dpt individuel,,2,17,cold-start,True,LightGBM,crawl-predict:c36a23a6,fd2d0e921222
2026-05-25T05:55:04,MOYLENA GERRY,Voir sa fiche,Equifun 40 cm,Club Poney Benjamin Chp Dpt Circuit Dpt individuel,,3,17,cold-start,True,LightGBM,crawl-predict:c36a23a6,17ea9c014e9f
2026-05-25T05:55:04,EGARYAN DES BERTAINES,Voir sa fiche,Equifun 40 cm,Club Poney Benjamin Chp Dpt Circuit Dpt individuel,,4,17,cold-start,True,LightGBM,crawl-predict:c36a23a6,934b8323800b
2026-05-25T05:55:04,BLOUMIK DES BERTAINES,Voir sa fiche,Equifun 40 cm,Club Poney Benjamin Chp Dpt Circuit Dpt individuel,,5,17,cold-start,True,LightGBM,crawl-predict:c36a23a6,ef3226e08555
2026-05-25T05:55:04,VEGAS DE YAME,Voir sa fiche,Equifun 40 cm,Club Poney Benjamin Chp Dpt Circuit Dpt individuel,,6,17,cold-start,True,LightGBM,crawl-predict:c36a23a6,ad9b938cd4cc
2026-05-25T05:55:04,VIRGULE DE KERSALIC,Voir sa fiche,Equifun 40 cm,Club Poney Benjamin Chp Dpt Circuit Dpt individuel,,7,17,cold-start,True,LightGBM,crawl-predict:c36a23a6,25f8d3cbb4ab
2026-05-25T05:55:04,GLORIA,Voir sa fiche,Equifun 40 cm,Club Poney Benjamin Chp Dpt Circuit Dpt individuel,,8,17,cold-start,True,LightGBM,crawl-predict:c36a23a6,934bca1205e0
2026-05-25T05:55:04,GAIANOVA,Voir sa fiche,Equifun 60 cm,Club individuel,,1,17,cold-start,True,LightGBM,crawl-predict:c36a23a6,c4c3f34d34aa
2026-05-25T05:55:04,ALIZEE DU MANOIR,Voir sa fiche,Equifun 50 cm,Club Poney Minime Chp Reg individuel,,2,17,cold-start,True,LightGBM,crawl-predict:c36a23a6,cefcdb362430
2026-05-25T05:55:04,QUADRADO,Voir sa fiche,Equifun 50 cm,Club Poney Minime Chp Reg individuel,,3,17,cold-start,True,LightGBM,crawl-predict:c36a23a6,9b82dbcc346c
2026-05-25T05:55:04,EURL,Voir sa fiche,Equifun 50 cm,Club Poney Minime Chp Reg individuel,,1,100,cold-start,True,LightGBM,crawl-predict:c36a23a6,e70928eeea13
2026-05-25T05:55:04,CHOUBAKA DES PIEUX,Voir sa fiche,Equifun 50 cm,Club Poney Minime Chp Reg individuel,,4,17,cold-start,True,LightGBM,crawl-predict:c36a23a6,b4215945dcd5
2026-05-25T05:55:04,DAMA,Voir sa fiche,Equifun 50 cm,Club Poney Minime Chp Reg individuel,,5,17,cold-start,True,LightGBM,crawl-predict:c36a23a6,d6e279e088f4
2026-05-25T05:55:04,POLLUX,Voir sa fiche,Equifun 50 cm,Club Poney Minime Chp Reg individuel,,6,17,cold-start,True,LightGBM,crawl-predict:c36a23a6,466b3ea9acf7
2026-05-25T05:55:04,VELOURS DE LA FOLIE,Voir sa fiche,Equifun 50 cm,Club Poney Minime Chp Reg individuel,,7,17,cold-start,True,LightGBM,crawl-predict:c36a23a6,e6dcf6e518c6
2026-05-25T05:55:04,PETITE HOLLY,Voir sa fiche,Equifun 50 cm,Club Poney Minime Chp Reg individuel,,9,5,cold-start,True,LightGBM,crawl-predict:c36a23a6,d99a1a6fb245
2026-05-25T05:55:04,HARISSA D'ANTHEMIS,Voir sa fiche,Equifun 50 cm,Club Poney Minime Chp Reg individuel,,8,17,cold-start,True,LightGBM,crawl-predict:c36a23a6,9d8d908b718e
2026-05-25T05:55:04,FATA MORGANA DE MAY,Voir sa fiche,Equifun 70 cm,Club Poney Elite Chp Dpt Circuit Dpt individuel,,1,17,cold-start,True,LightGBM,crawl-predict:c36a23a6,5f1f9087c7e2
2026-05-25T05:55:04,HOLAFF DIMAVI,Voir sa fiche,Equifun 70 cm,Club Poney Elite Chp Dpt Circuit Dpt individuel,,2,17,cold-start,True,LightGBM,crawl-predict:c36a23a6,4b41b7b83210
2026-05-25T05:55:04,KAMILA,Voir sa fiche,Equifun 70 cm,Club Poney Elite Chp Dpt Circuit Dpt individuel,,3,17,cold-start,True,LightGBM,crawl-predict:c36a23a6,bd570cc70cae
2026-05-25T05:55:04,JALIS D'ALBA,Voir sa fiche,Equifun 70 cm,Club Poney Elite Chp Dpt Circuit Dpt individuel,,4,17,cold-start,True,LightGBM,crawl-predict:c36a23a6,af56f98fcc97
2026-05-25T05:55:04,ICE FULL D'OTHON,Voir sa fiche,Equifun 70 cm,Club Poney Elite Chp Dpt Circuit Dpt individuel,,5,17,cold-start,True,LightGBM,crawl-predict:c36a23a6,e238b2d8af81
2026-05-25T05:55:04,XO,Voir sa fiche,Equifun 70 cm,Club Poney Elite Chp Dpt Circuit Dpt individuel,,6,17,cold-start,True,LightGBM,crawl-predict:c36a23a6,46d5e7da5309
2026-05-25T05:55:04,FATA MORGANA DE MAY,Voir sa fiche,Equifun 70 cm,Club Poney Elite Chp Dpt Circuit Dpt individuel,,7,17,cold-start,True,LightGBM,crawl-predict:c36a23a6,7e58775d9162
2026-05-25T05:55:04,OFEIA D'ABORRIDA,Voir sa fiche,Equifun 60 cm,Club Poney Junior Chp Dpt Circuit Dpt individuel,,1,21,cold-start,True,LightGBM,crawl-predict:c36a23a6,c5f4b674faf0
2026-05-25T05:55:04,DIADEME NEISCAOUEN,Voir sa fiche,Equifun 60 cm,Club Poney Junior Chp Dpt Circuit Dpt individuel,,2,17,cold-start,True,LightGBM,crawl-predict:c36a23a6,da48fd69a389
2026-05-25T05:55:04,GRENADINE,Voir sa fiche,Equifun 60 cm,Club Poney Junior Chp Dpt Circuit Dpt individuel,,3,17,cold-start,True,LightGBM,crawl-predict:c36a23a6,0f63341f323d
2026-05-25T05:55:04,OLIVIA,Voir sa fiche,Equifun 60 cm,Club Poney Junior Chp Dpt Circuit Dpt individuel,,4,17,cold-start,True,LightGBM,crawl-predict:c36a23a6,0f975363252a
2026-05-25T05:55:04,FISPISTACHE DE RUILLE,Voir sa fiche,Equifun 30 cm,Club A Moustique Chp Reg individuel,,13,1,cold-start,True,LightGBM,crawl-predict:c36a23a6,d4ffef3fc96a
2026-05-25T05:55:04,GRANIT DE CABUE,Voir sa fiche,Equifun 30 cm,Club A Moustique Chp Reg individuel,,12,2,cold-start,True,LightGBM,crawl-predict:c36a23a6,da49ad5d3665
2026-05-25T05:55:04,DIAMANT DES IFS,Voir sa fiche,Equifun 30 cm,Club A Moustique Chp Reg individuel,,3,17,cold-start,True,LightGBM,crawl-predict:c36a23a6,b5c9e425aa37
2026-05-25T05:55:04,DURACELL,Voir sa fiche,Equifun 30 cm,Club A Moustique Chp Reg individuel,,10,9,cold-start,True,LightGBM,crawl-predict:c36a23a6,0f13d4ed2b4f
2026-05-25T05:55:04,BLACKPEARL D'UPAPIE,Voir sa fiche,Equifun 30 cm,Club A Moustique Chp Reg individuel,,11,8,cold-start,True,LightGBM,crawl-predict:c36a23a6,7711481f4a55
2026-05-25T05:55:04,ELFE,Voir sa fiche,Equifun 30 cm,Club A Moustique Chp Reg individuel,,4,17,cold-start,True,LightGBM,crawl-predict:c36a23a6,a915c263228e
2026-05-25T05:55:04,FISPISTACHE DE RUILLE,Voir sa fiche,Equifun 30 cm,Club A Moustique Chp Reg individuel,,14,1,cold-start,True,LightGBM,crawl-predict:c36a23a6,fa34c46ae8bb
2026-05-25T05:55:04,FISPISTACHE DE RUILLE,Voir sa fiche,Equifun 30 cm,Club A Moustique Chp Reg individuel,,15,1,cold-start,True,LightGBM,crawl-predict:c36a23a6,ff0ed08e0d3e
2026-05-25T05:55:04,DIAMANT DES IFS,Voir sa fiche,Equifun 30 cm,Club A Moustique Chp Reg individuel,,5,17,cold-start,True,LightGBM,crawl-predict:c36a23a6,2e328ae25daa
2026-05-25T05:55:04,OSCAR,Voir sa fiche,Equifun 30 cm,Club A Moustique Chp Reg individuel,,1,100,cold-start,True,LightGBM,crawl-predict:c36a23a6,585d8ebcdd0b
2026-05-25T05:55:04,AQUILAR FROM BROKEN COLOU,Voir sa fiche,Equifun 30 cm,Club A Moustique Chp Reg individuel,,6,17,cold-start,True,LightGBM,crawl-predict:c36a23a6,5f89ed9daf8a
2026-05-25T05:55:04,AQUILAR FROM BROKEN COLOU,Voir sa fiche,Equifun 30 cm,Club A Moustique Chp Reg individuel,,7,17,cold-start,True,LightGBM,crawl-predict:c36a23a6,43aadc105b87
2026-05-25T05:55:04,STRASS COUNTRY RED THIS I,Voir sa fiche,Equifun 30 cm,Club A Moustique Chp Reg individuel,,8,17,cold-start,True,LightGBM,crawl-predict:c36a23a6,7aeb23484de5
2026-05-25T05:55:04,STRASS COUNTRY RED THIS I,Voir sa fiche,Equifun 30 cm,Club A Moustique Chp Reg individuel,,9,17,cold-start,True,LightGBM,crawl-predict:c36a23a6,0d986a866094
2026-05-25T05:55:04,DAKOTA DE CAUX,Voir sa fiche,Equifun 30 cm,Club A Moustique Chp Reg individuel,,2,100,cold-start,True,LightGBM,crawl-predict:c36a23a6,243d100288c5
2026-05-25T05:55:04,WINTON JONTI,Voir sa fiche,Equifun 60 cm,Club Chp Dpt Circuit Dpt individuel,,1,17,cold-start,True,LightGBM,crawl-predict:c36a23a6,0a9714b4795e
2026-05-25T05:55:04,VASCO,Voir sa fiche,Equifun 60 cm,Club Chp Dpt Circuit Dpt individuel,,2,17,cold-start,True,LightGBM,crawl-predict:c36a23a6,1d58c6598d8c
2026-05-25T05:55:04,VITESSE DU PAILLE,Voir sa fiche,Equifun 60 cm,Club Chp Dpt Circuit Dpt individuel,,3,17,cold-start,True,LightGBM,crawl-predict:c36a23a6,0783137c74c6
2026-05-25T05:55:04,FLY,Voir sa fiche,Equifun 30 cm,Club A Poussin Chp Dpt Circuit Dpt individuel,,1,17,cold-start,True,LightGBM,crawl-predict:c36a23a6,5fa75099950c
2026-05-25T05:55:04,LUTE,Voir sa fiche,Equifun 30 cm,Club A Poussin Chp Dpt Circuit Dpt individuel,,2,17,cold-start,True,LightGBM,crawl-predict:c36a23a6,d86eba8e1722
2026-05-25T05:55:04,VOYOU,Voir sa fiche,Equifun 30 cm,Club A Poussin Chp Dpt Circuit Dpt individuel,,14,8,cold-start,True,LightGBM,crawl-predict:c36a23a6,77a5b491ddc8
2026-05-25T05:55:04,PIMMS,Voir sa fiche,Equifun 30 cm,Club A Poussin Chp Dpt Circuit Dpt individuel,,3,17,cold-start,True,LightGBM,crawl-predict:c36a23a6,349b9fd45da0
2026-05-25T05:55:04,ZIGZAG,Voir sa fiche,Equifun 30 cm,Club A Poussin Chp Dpt Circuit Dpt individuel,,4,17,cold-start,True,LightGBM,crawl-predict:c36a23a6,f00d7e59e74f
2026-05-25T05:55:04,VOYOU,Voir sa fiche,Equifun 30 cm,Club A Poussin Chp Dpt Circuit Dpt individuel,,15,8,cold-start,True,LightGBM,crawl-predict:c36a23a6,35f0d12d68d8
2026-05-25T05:55:04,ROCKY,Voir sa fiche,Equifun 30 cm,Club A Poussin Chp Dpt Circuit Dpt individuel,,5,17,cold-start,True,LightGBM,crawl-predict:c36a23a6,5bc31d2dbb7f
2026-05-25T05:55:04,VOYOU,Voir sa fiche,Equifun 30 cm,Club A Poussin Chp Dpt Circuit Dpt individuel,,16,8,cold-start,True,LightGBM,crawl-predict:c36a23a6,e58aba9bafb8
2026-05-25T05:55:04,IGOR,Voir sa fiche,Equifun 30 cm,Club A Poussin Chp Dpt Circuit Dpt individuel,,6,17,cold-start,True,LightGBM,crawl-predict:c36a23a6,7b1b76620883
2026-05-25T05:55:04,ZIGZAG,Voir sa fiche,Equifun 30 cm,Club A Poussin Chp Dpt Circuit Dpt individuel,,7,17,cold-start,True,LightGBM,crawl-predict:c36a23a6,788405fbd72d
2026-05-25T05:55:04,ROCKY,Voir sa fiche,Equifun 30 cm,Club A Poussin Chp Dpt Circuit Dpt individuel,,8,17,cold-start,True,LightGBM,crawl-predict:c36a23a6,a34e9837ac9f
2026-05-25T05:55:04,NICK DU CLOS DU GUE,Voir sa fiche,Equifun 30 cm,Club A Poussin Chp Dpt Circuit Dpt individuel,,9,17,cold-start,True,LightGBM,crawl-predict:c36a23a6,288631713f2c
2026-05-25T05:55:04,ZIGZAG,Voir sa fiche,Equifun 30 cm,Club A Poussin Chp Dpt Circuit Dpt individuel,,10,17,cold-start,True,LightGBM,crawl-predict:c36a23a6,f037041a1617
2026-05-25T05:55:04,NICK DU CLOS DU GUE,Voir sa fiche,Equifun 30 cm,Club A Poussin Chp Dpt Circuit Dpt individuel,,11,17,cold-start,True,LightGBM,crawl-predict:c36a23a6,325cd68f418c
2026-05-25T05:55:04,BRAM V ARUBA,Voir sa fiche,Equifun 30 cm,Club A Poussin Chp Dpt Circuit Dpt individuel,,12,17,cold-start,True,LightGBM,crawl-predict:c36a23a6,8967227a08b7
2026-05-25T05:55:04,DOLLAR D'ARNICOURT,Voir sa fiche,Equifun 30 cm,Club A Poussin Chp Dpt Circuit Dpt individuel,,13,17,cold-start,True,LightGBM,crawl-predict:c36a23a6,e7770efa3a7e
2026-05-25T05:55:04,KRYSTAL DE MAZIERES,Voir sa fiche,Equifun 70 cm,Club Elite individuel,,1,17,cold-start,True,LightGBM,crawl-predict:c36a23a6,8ee6775b6320
2026-05-25T05:55:04,CELTIC RAIDER,Voir sa fiche,Equifun 70 cm,Club Elite individuel,,2,17,cold-start,True,LightGBM,crawl-predict:c36a23a6,4ca28c31cee0
2026-05-25T05:55:04,JAMES BOND ARDISIERE,Voir sa fiche,Equifun 70 cm,Club Elite individuel,,3,17,cold-start,True,LightGBM,crawl-predict:c36a23a6,3795a601d7c5
2026-05-25T05:55:04,IMAGE DE CARSI,Voir sa fiche,Equifun 70 cm,Club Elite individuel,,4,17,cold-start,True,LightGBM,crawl-predict:c36a23a6,17b1896c1bb7
2026-05-25T05:55:04,BAGDAD DU FIEF,Voir sa fiche,Equifun 60 cm,Club Poney Junior Chp Reg individuel,,1,17,cold-start,True,LightGBM,crawl-predict:c36a23a6,abc17a7c3204
2026-05-25T05:55:04,LINGOT DOR DELACOLINE,Voir sa fiche,Equifun 60 cm,Club Poney Junior Chp Reg individuel,,2,17,cold-start,True,LightGBM,crawl-predict:c36a23a6,580dc9bd60e3
2026-05-25T05:55:04,HILLARY BLITZ,Voir sa fiche,Equifun 60 cm,Club Poney Junior Chp Reg individuel,,3,17,cold-start,True,LightGBM,crawl-predict:c36a23a6,dfa25f34e8a7
2026-05-25T05:55:04,DOLLY,Voir sa fiche,Equifun 30 cm,Club A Poussin Chp Reg individuel,,3,17,cold-start,True,LightGBM,crawl-predict:c36a23a6,4eedd76bca4e
2026-05-25T05:55:04,BLACKPEARL D'UPAPIE,Voir sa fiche,Equifun 30 cm,Club A Poussin Chp Reg individuel,,14,8,cold-start,True,LightGBM,crawl-predict:c36a23a6,9e05df38a079
2026-05-25T05:55:04,IDYLLE DU PETIT GUE,Voir sa fiche,Equifun 30 cm,Club A Poussin Chp Reg individuel,,15,3,cold-start,True,LightGBM,crawl-predict:c36a23a6,aa08baa2e350
2026-05-25T05:55:04,SWING,Voir sa fiche,Equifun 30 cm,Club A Poussin Chp Reg individuel,,4,17,cold-start,True,LightGBM,crawl-predict:c36a23a6,142555b908d3
2026-05-25T05:55:04,VERY GOOD DU VAL,Voir sa fiche,Equifun 30 cm,Club A Poussin Chp Reg individuel,,1,100,cold-start,True,LightGBM,crawl-predict:c36a23a6,b6871f2f6fbb
2026-05-25T05:55:04,GRANIT DE CABUE,Voir sa fiche,Equifun 30 cm,Club A Poussin Chp Reg individuel,,16,2,cold-start,True,LightGBM,crawl-predict:c36a23a6,5cf9b2753ead
2026-05-25T05:55:04,TOONTJE ME,Voir sa fiche,Equifun 30 cm,Club A Poussin Chp Reg individuel,,5,17,cold-start,True,LightGBM,crawl-predict:c36a23a6,bf232936e27c
2026-05-25T05:55:04,OULA OUP DU BOURGEAIS,Voir sa fiche,Equifun 30 cm,Club A Poussin Chp Reg individuel,,2,100,cold-start,True,LightGBM,crawl-predict:c36a23a6,690792df9bae
2026-05-25T05:55:04,ILLICOS,Voir sa fiche,Equifun 30 cm,Club A Poussin Chp Reg individuel,,6,17,cold-start,True,LightGBM,crawl-predict:c36a23a6,d214f9242f0e
2026-05-25T05:55:04,AZIM DE ROUGE FOUGERE,Voir sa fiche,Equifun 30 cm,Club A Poussin Chp Reg individuel,,7,17,cold-start,True,LightGBM,crawl-predict:c36a23a6,80793e24242f
2026-05-25T05:55:04,GALAXIE,Voir sa fiche,Equifun 30 cm,Club A Poussin Chp Reg individuel,,8,17,cold-start,True,LightGBM,crawl-predict:c36a23a6,01ae77789322
2026-05-25T05:55:04,A'LICA,Voir sa fiche,Equifun 30 cm,Club A Poussin Chp Reg individuel,,9,17,cold-start,True,LightGBM,crawl-predict:c36a23a6,08c33fce0cd0
2026-05-25T05:55:04,DURACELL,Voir sa fiche,Equifun 30 cm,Club A Poussin Chp Reg individuel,,13,9,cold-start,True,LightGBM,crawl-predict:c36a23a6,7689c07c9350
2026-05-25T05:55:04,STRASS COUNTRY RED THIS I,Voir sa fiche,Equifun 30 cm,Club A Poussin Chp Reg individuel,,10,17,cold-start,True,LightGBM,crawl-predict:c36a23a6,596ab9d04b60
2026-05-25T05:55:04,AQUILAR FROM BROKEN COLOU,Voir sa fiche,Equifun 30 cm,Club A Poussin Chp Reg individuel,,11,17,cold-start,True,LightGBM,crawl-predict:c36a23a6,0b51b55ce9ee
2026-05-25T05:55:04,ANNA,Voir sa fiche,Equifun 30 cm,Club A Poussin Chp Reg individuel,,12,17,cold-start,True,LightGBM,crawl-predict:c36a23a6,13a3c593721a
2026-05-25T05:55:04,CHAMPAGNE,Voir sa fiche,Equifun 40 cm,Club Poney Benjamin Chp Dpt Circuit Dpt individuel,,1,17,cold-start,True,LightGBM,crawl-predict:c36a23a6,5e7ff36481e0
2026-05-25T05:55:04,GARE A TOI DU BOUQUET,Voir sa fiche,Equifun 40 cm,Club Poney Benjamin Chp Dpt Circuit Dpt individuel,,2,17,cold-start,True,LightGBM,crawl-predict:c36a23a6,e22b1f637a7d
2026-05-25T05:55:04,XO,Voir sa fiche,Equifun 40 cm,Club Poney Benjamin Chp Dpt Circuit Dpt individuel,,3,17,cold-start,True,LightGBM,crawl-predict:c36a23a6,2ad7bb9c2f56
2026-05-25T05:55:04,KALIN DU RANCH,Voir sa fiche,Equifun 40 cm,Club Poney Benjamin Chp Dpt Circuit Dpt individuel,,4,17,cold-start,True,LightGBM,crawl-predict:c36a23a6,2fa170b4f4f2
2026-05-25T05:55:04,RITA,Voir sa fiche,Equifun 40 cm,Club Poney Benjamin Chp Dpt Circuit Dpt individuel,,5,17,cold-start,True,LightGBM,crawl-predict:c36a23a6,9a7023f49e6f
2026-05-25T05:55:04,REVE DE MESNES,Voir sa fiche,Equifun 40 cm,Club Poney Benjamin Chp Dpt Circuit Dpt individuel,,6,17,cold-start,True,LightGBM,crawl-predict:c36a23a6,8ed8cd95219d
2026-05-25T05:55:04,FEZARIO DES BERTAINES,Voir sa fiche,Equifun 40 cm,Club Poney Benjamin Chp Dpt Circuit Dpt individuel,,7,17,cold-start,True,LightGBM,crawl-predict:c36a23a6,609eeeddab5d
2026-05-25T05:55:04,SOLIMAN DU BOCAGE,Voir sa fiche,Equifun 40 cm,Club Poney Benjamin Chp Dpt Circuit Dpt individuel,,8,17,cold-start,True,LightGBM,crawl-predict:c36a23a6,f2d89ca58d6b
2026-05-25T05:55:04,FAVORI,Voir sa fiche,Equifun 40 cm,Club Poney Benjamin Chp Dpt Circuit Dpt individuel,,9,17,cold-start,True,LightGBM,crawl-predict:c36a23a6,4a5fe5d0c346
2026-05-25T05:55:04,QUARESMA,Voir sa fiche,Equifun 40 cm,Club Poney Benjamin Chp Dpt Circuit Dpt individuel,,10,17,cold-start,True,LightGBM,crawl-predict:c36a23a6,f80f3da66755
2026-05-25T05:55:04,RUBY'S LAD,Voir sa fiche,Equifun 40 cm,Club Poney Benjamin Chp Dpt Circuit Dpt individuel,,11,17,cold-start,True,LightGBM,crawl-predict:c36a23a6,b678995ac767
2026-05-25T05:55:04,EVEREST INRA,Voir sa fiche,Equifun 40 cm,Club Poney Benjamin Chp Dpt Circuit Dpt individuel,,12,17,cold-start,True,LightGBM,crawl-predict:c36a23a6,5a8a5f31b2bb
2026-05-25T05:55:04,CHAMPAGNE,Voir sa fiche,Equifun 40 cm,Club Poney Benjamin Chp Dpt Circuit Dpt individuel,,13,17,cold-start,True,LightGBM,crawl-predict:c36a23a6,77e6ac8d813f
2026-05-25T05:55:04,GARE A TOI DU BOUQUET,Voir sa fiche,Equifun 40 cm,Club Poney Benjamin Chp Dpt Circuit Dpt individuel,,14,17,cold-start,True,LightGBM,crawl-predict:c36a23a6,5d82c059bef6
2026-05-25T05:55:04,JULIA DE PATA XURI,Voir sa fiche,Equifun 40 cm,Club Poney Benjamin Chp Dpt Circuit Dpt individuel,,15,17,cold-start,True,LightGBM,crawl-predict:c36a23a6,ee7eda74b842
2026-05-25T05:55:04,KALIN DU RANCH,Voir sa fiche,Equifun 40 cm,Club Poney Benjamin Chp Dpt Circuit Dpt individuel,,16,17,cold-start,True,LightGBM,crawl-predict:c36a23a6,36dca4102980
2026-05-25T05:55:04,FILIBERT V VRIES,Voir sa fiche,Equifun 30 cm,Club A Poussin individuel,,2,17,cold-start,True,LightGBM,crawl-predict:c36a23a6,374201c0829e
2026-05-25T05:55:04,I LOVE YOU DES OBIERS,Voir sa fiche,Equifun 30 cm,Club A Poussin individuel,,3,17,cold-start,True,LightGBM,crawl-predict:c36a23a6,7192ce07eba5
2026-05-25T05:55:04,HOBBIT,Voir sa fiche,Equifun 30 cm,Club A Poussin individuel,,4,17,cold-start,True,LightGBM,crawl-predict:c36a23a6,932a1e5feff4
2026-05-25T05:55:04,DELIRE DES ISLES,Voir sa fiche,Equifun 30 cm,Club A Poussin individuel,,5,17,cold-start,True,LightGBM,crawl-predict:c36a23a6,4a61756be788
2026-05-25T05:55:04,DURACELL,Voir sa fiche,Equifun 30 cm,Club A Poussin individuel,,18,9,cold-start,True,LightGBM,crawl-predict:c36a23a6,af0b13ad3ddc
2026-05-25T05:55:04,HAVANA DES OBIERS,Voir sa fiche,Equifun 30 cm,Club A Poussin individuel,,6,17,cold-start,True,LightGBM,crawl-predict:c36a23a6,0963caec87cb
2026-05-25T05:55:04,EPIC DES OBIERS,Voir sa fiche,Equifun 30 cm,Club A Poussin individuel,,7,17,cold-start,True,LightGBM,crawl-predict:c36a23a6,6981597232f5
2026-05-25T05:55:04,HOBBIT,Voir sa fiche,Equifun 30 cm,Club A Poussin individuel,,8,17,cold-start,True,LightGBM,crawl-predict:c36a23a6,d84ee662e6d0
2026-05-25T05:55:04,KARAIBE DES OBIERS,Voir sa fiche,Equifun 30 cm,Club A Poussin individuel,,9,17,cold-start,True,LightGBM,crawl-predict:c36a23a6,0d79c606da84
2026-05-25T05:55:04,JAMAIQUE DU BIGACHON,Voir sa fiche,Equifun 30 cm,Club A Poussin individuel,,10,17,cold-start,True,LightGBM,crawl-predict:c36a23a6,556fb0fcdac8
2026-05-25T05:55:04,PIETER V STAL WESTENESCH,Voir sa fiche,Equifun 30 cm,Club A Poussin individuel,,11,17,cold-start,True,LightGBM,crawl-predict:c36a23a6,1f19b03a79bf
2026-05-25T05:55:04,CHOCOLAT,Voir sa fiche,Equifun 30 cm,Club A Poussin individuel,,1,100,cold-start,True,LightGBM,crawl-predict:c36a23a6,b44e06f1499f
2026-05-25T05:55:04,DELIRE DES ISLES,Voir sa fiche,Equifun 30 cm,Club A Poussin individuel,,12,17,cold-start,True,LightGBM,crawl-predict:c36a23a6,a3c183f2e5b8
2026-05-25T05:55:04,I LOVE YOU DES OBIERS,Voir sa fiche,Equifun 30 cm,Club A Poussin individuel,,13,17,cold-start,True,LightGBM,crawl-predict:c36a23a6,14206a4fbf4f
2026-05-25T05:55:04,HOP LA LOUVO,Voir sa fiche,Equifun 30 cm,Club A Poussin individuel,,14,17,cold-start,True,LightGBM,crawl-predict:c36a23a6,21fea5e68b33
2026-05-25T05:55:04,GRANIT DE CABUE,Voir sa fiche,Equifun 30 cm,Club A Poussin individuel,,19,2,cold-start,True,LightGBM,crawl-predict:c36a23a6,8fedfc9b1244
2026-05-25T05:55:04,AQUILAR FROM BROKEN COLOU,Voir sa fiche,Equifun 30 cm,Club A Poussin individuel,,15,17,cold-start,True,LightGBM,crawl-predict:c36a23a6,f304d4366d71
2026-05-25T05:55:04,STRASS COUNTRY RED THIS I,Voir sa fiche,Equifun 30 cm,Club A Poussin individuel,,16,17,cold-start,True,LightGBM,crawl-predict:c36a23a6,e88e6b5f4fce
2026-05-25T05:55:04,JACADIE DU BIGACHON,Voir sa fiche,Equifun 30 cm,Club A Poussin individuel,,17,17,cold-start,True,LightGBM,crawl-predict:c36a23a6,7b25c3758ae7
2026-05-25T05:55:04,ELINGSTON LA MALLE,Voir sa fiche,Equifun 40 cm,Club Poney Benjamin individuel,,1,17,cold-start,True,LightGBM,crawl-predict:c36a23a6,fb88d7256dbe
2026-05-25T05:55:04,ISTORY DE LA MALLE D'ASH,Voir sa fiche,Equifun 40 cm,Club Poney Benjamin individuel,,2,17,cold-start,True,LightGBM,crawl-predict:c36a23a6,44a2b36f468e
2026-05-25T05:55:04,BAGHEERA DE MARCY,Voir sa fiche,Equifun 40 cm,Club Poney Benjamin individuel,,3,17,cold-start,True,LightGBM,crawl-predict:c36a23a6,f072b5374cd6
2026-05-25T05:55:04,MODY,Voir sa fiche,Equifun 60 cm,Club Poney Cadet Chp Dpt Circuit Dpt individuel,,2,17,cold-start,True,LightGBM,crawl-predict:c36a23a6,52a849d296cd
2026-05-25T05:55:04,OLIVIA,Voir sa fiche,Equifun 60 cm,Club Poney Cadet Chp Dpt Circuit Dpt individuel,,3,17,cold-start,True,LightGBM,crawl-predict:c36a23a6,68a66b976984
2026-05-25T05:55:04,ECHO,Voir sa fiche,Equifun 60 cm,Club Poney Cadet Chp Dpt Circuit Dpt individuel,,19,3,cold-start,True,LightGBM,crawl-predict:c36a23a6,ca8d027d9283
2026-05-25T05:55:04,DUNE POLARINE,Voir sa fiche,Equifun 60 cm,Club Poney Cadet Chp Dpt Circuit Dpt individuel,,4,17,cold-start,True,LightGBM,crawl-predict:c36a23a6,883570801fee
2026-05-25T05:55:04,REVE DE MESNES,Voir sa fiche,Equifun 60 cm,Club Poney Cadet Chp Dpt Circuit Dpt individuel,,5,17,cold-start,True,LightGBM,crawl-predict:c36a23a6,0bb6d421c787
2026-05-25T05:55:04,DEXTER,Voir sa fiche,Equifun 60 cm,Club Poney Cadet Chp Dpt Circuit Dpt individuel,,6,17,cold-start,True,LightGBM,crawl-predict:c36a23a6,58473ade66d7
2026-05-25T05:55:04,SOLIMAN DU BOCAGE,Voir sa fiche,Equifun 60 cm,Club Poney Cadet Chp Dpt Circuit Dpt individuel,,7,17,cold-start,True,LightGBM,crawl-predict:c36a23a6,8e56a481b8b5
2026-05-25T05:55:04,BART 0711153,Voir sa fiche,Equifun 60 cm,Club Poney Cadet Chp Dpt Circuit Dpt individuel,,8,17,cold-start,True,LightGBM,crawl-predict:c36a23a6,5d5ad02dd3f8
2026-05-25T05:55:04,PENHA FORTE,Voir sa fiche,Equifun 60 cm,Club Poney Cadet Chp Dpt Circuit Dpt individuel,,9,17,cold-start,True,LightGBM,crawl-predict:c36a23a6,30a9bcfcb819
2026-05-25T05:55:04,OSTRA,Voir sa fiche,Equifun 60 cm,Club Poney Cadet Chp Dpt Circuit Dpt individuel,,10,17,cold-start,True,LightGBM,crawl-predict:c36a23a6,51e19a2f6a0c
2026-05-25T05:55:04,URANUS D'HARRASPY,Voir sa fiche,Equifun 60 cm,Club Poney Cadet Chp Dpt Circuit Dpt individuel,,11,17,cold-start,True,LightGBM,crawl-predict:c36a23a6,f411af112693
2026-05-25T05:55:04,CALYPSO D'AHI,Voir sa fiche,Equifun 60 cm,Club Poney Cadet Chp Dpt Circuit Dpt individuel,,12,17,cold-start,True,LightGBM,crawl-predict:c36a23a6,f37bac4b1140
2026-05-25T05:55:04,JULIA DE PATA XURI,Voir sa fiche,Equifun 60 cm,Club Poney Cadet Chp Dpt Circuit Dpt individuel,,13,17,cold-start,True,LightGBM,crawl-predict:c36a23a6,7b67c2869178
2026-05-25T05:55:04,KALIN DU RANCH,Voir sa fiche,Equifun 60 cm,Club Poney Cadet Chp Dpt Circuit Dpt individuel,,14,17,cold-start,True,LightGBM,crawl-predict:c36a23a6,48ae627bafa9
2026-05-25T05:55:04,GRENADINE,Voir sa fiche,Equifun 60 cm,Club Poney Cadet Chp Dpt Circuit Dpt individuel,,15,17,cold-start,True,LightGBM,crawl-predict:c36a23a6,6cc448537214
2026-05-25T05:55:04,COMETE DES TILLEULS,Voir sa fiche,Equifun 60 cm,Club Poney Cadet Chp Dpt Circuit Dpt individuel,,16,17,cold-start,True,LightGBM,crawl-predict:c36a23a6,dfe972932823
2026-05-25T05:55:04,AROKA,Voir sa fiche,Equifun 60 cm,Club Poney Cadet Chp Dpt Circuit Dpt individuel,,17,17,cold-start,True,LightGBM,crawl-predict:c36a23a6,9654c06a3e66
2026-05-25T05:55:04,OFEIA D'ABORRIDA,Voir sa fiche,Equifun 60 cm,Club Poney Cadet Chp Dpt Circuit Dpt individuel,,1,21,cold-start,True,LightGBM,crawl-predict:c36a23a6,905daa92e72e
2026-05-25T05:55:04,MODY,Voir sa fiche,Equifun 60 cm,Club Poney Cadet Chp Dpt Circuit Dpt individuel,,18,17,cold-start,True,LightGBM,crawl-predict:c36a23a6,52952a2a6815
2026-05-25T05:55:04,OLIVER,Voir sa fiche,Equifun 60 cm,Club individuel,,1,17,cold-start,True,LightGBM,crawl-predict:c36a23a6,8ce89830fe41
2026-05-25T05:55:04,OCEANE,Voir sa fiche,Equifun 60 cm,Club individuel,,2,17,cold-start,True,LightGBM,crawl-predict:c36a23a6,7f3593af1520
2026-05-25T05:55:04,JACKPOT DE FABRY,Voir sa fiche,Equifun 60 cm,Club individuel,,3,17,cold-start,True,LightGBM,crawl-predict:c36a23a6,1e5200e93eb4
2026-05-25T05:55:04,FLY POUNY,Voir sa fiche,Equifun 30 cm,Club A Poussin individuel,,1,17,cold-start,True,LightGBM,crawl-predict:c36a23a6,23bc9ef0823f
2026-05-25T05:55:04,KAREL V.STAL HET WEGJE,Voir sa fiche,Equifun 30 cm,Club A Poussin individuel,,2,17,cold-start,True,LightGBM,crawl-predict:c36a23a6,655c14581c09
2026-05-25T05:55:04,KAREL V.STAL HET WEGJE,Voir sa fiche,Equifun 30 cm,Club A Poussin individuel,,3,17,cold-start,True,LightGBM,crawl-predict:c36a23a6,61a883ddb4c2
2026-05-25T05:55:04,FLY POUNY,Voir sa fiche,Equifun 30 cm,Club A Poussin individuel,,4,17,cold-start,True,LightGBM,crawl-predict:c36a23a6,e276f7c10b96
2026-05-25T05:55:04,KYRIELLE D'ADEZEL,Voir sa fiche,Equifun 70 cm,Club Elite Chp Dpt Circuit Dpt individuel,,1,17,cold-start,True,LightGBM,crawl-predict:c36a23a6,63c4e7c375fe
2026-05-25T05:55:04,IVALDY D'ADEZEL,Voir sa fiche,Equifun 70 cm,Club Elite Chp Dpt Circuit Dpt individuel,,2,17,cold-start,True,LightGBM,crawl-predict:c36a23a6,c5f10060197c
2026-05-25T05:55:04,ENGY DE L'EPINETTE,Voir sa fiche,Equifun 70 cm,Club Elite Chp Dpt Circuit Dpt individuel,,3,17,cold-start,True,LightGBM,crawl-predict:c36a23a6,273c65ec0ee6
2026-05-25T05:55:04,NEW AGE,Voir sa fiche,Equifun 70 cm,Club Elite Chp Dpt Circuit Dpt individuel,,4,17,cold-start,True,LightGBM,crawl-predict:c36a23a6,47b8fe869f2a
2026-05-25T05:55:04,HONNEUR DU DRAGON,Voir sa fiche,Equifun 70 cm,Club Elite Chp Dpt Circuit Dpt individuel,,5,17,cold-start,True,LightGBM,crawl-predict:c36a23a6,4afec0048516
2026-05-25T05:55:04,VIKY PONT DES BERGERS,Voir sa fiche,Equifun 70 cm,Club Elite Chp Dpt Circuit Dpt individuel,,6,17,cold-start,True,LightGBM,crawl-predict:c36a23a6,ae28db20eba8
2026-05-25T05:55:04,EASY JUMP,Voir sa fiche,Equifun 70 cm,Club Elite Chp Dpt Circuit Dpt individuel,,13,10,cold-start,True,LightGBM,crawl-predict:c36a23a6,06a51a3b1d92
2026-05-25T05:55:04,GLIMMER LOVE D'ADEZEL,Voir sa fiche,Equifun 70 cm,Club Elite Chp Dpt Circuit Dpt individuel,,7,17,cold-start,True,LightGBM,crawl-predict:c36a23a6,25d55bd674b6
2026-05-25T05:55:04,REINA,Voir sa fiche,Equifun 70 cm,Club Elite Chp Dpt Circuit Dpt individuel,,8,17,cold-start,True,LightGBM,crawl-predict:c36a23a6,b3e615c15f19
2026-05-25T05:55:04,KOHANA DE CHANTEREINE,Voir sa fiche,Equifun 70 cm,Club Elite Chp Dpt Circuit Dpt individuel,,9,17,cold-start,True,LightGBM,crawl-predict:c36a23a6,d0a73f815ec6
2026-05-25T05:55:04,VASCO,Voir sa fiche,Equifun 70 cm,Club Elite Chp Dpt Circuit Dpt individuel,,10,17,cold-start,True,LightGBM,crawl-predict:c36a23a6,807c33d55403
2026-05-25T05:55:04,IRHANO,Voir sa fiche,Equifun 70 cm,Club Elite Chp Dpt Circuit Dpt individuel,,11,17,cold-start,True,LightGBM,crawl-predict:c36a23a6,faa205bc958a
2026-05-25T05:55:04,DOUARIA DE ROUGE VIE,Voir sa fiche,Equifun 70 cm,Club Elite Chp Dpt Circuit Dpt individuel,,12,17,cold-start,True,LightGBM,crawl-predict:c36a23a6,a4a7fdcbe2b4
2026-05-25T05:55:04,BABYBOUILLE,Voir sa fiche,Equifun 70 cm,Club Elite individuel,,1,17,cold-start,True,LightGBM,crawl-predict:c36a23a6,fde18a10d936
2026-05-25T05:55:04,GANDALF D'ANTHEMIS,Voir sa fiche,Equifun 70 cm,Club Elite individuel,,2,17,cold-start,True,LightGBM,crawl-predict:c36a23a6,7ba34df27c36
2026-05-25T05:55:04,JAG D'OLMEN,Voir sa fiche,Equifun 60 cm,Club Chp Dpt Circuit Dpt individuel,,1,17,cold-start,True,LightGBM,crawl-predict:c36a23a6,0255f6896f45
2026-05-25T05:55:04,DAKOTA DE MESNES,Voir sa fiche,Equifun 60 cm,Club Chp Dpt Circuit Dpt individuel,,2,17,cold-start,True,LightGBM,crawl-predict:c36a23a6,2f92e0259fe7
2026-05-25T05:55:04,DUNE POLARINE,Voir sa fiche,Equifun 60 cm,Club Chp Dpt Circuit Dpt individuel,,3,17,cold-start,True,LightGBM,crawl-predict:c36a23a6,1e336bdb49ac
2026-05-25T05:55:04,LE BOSC,Voir sa fiche,Equifun 60 cm,Club Chp Dpt Circuit Dpt individuel,,4,17,cold-start,True,LightGBM,crawl-predict:c36a23a6,e93fb67b272f
2026-05-25T05:55:04,FLOYD POLARINE,Voir sa fiche,Equifun 60 cm,Club Chp Dpt Circuit Dpt individuel,,5,17,cold-start,True,LightGBM,crawl-predict:c36a23a6,5b50bbac7d72
2026-05-25T05:55:04,GIULIA DU CADRAN,Voir sa fiche,Equifun 60 cm,Club Chp Dpt Circuit Dpt individuel,,6,17,cold-start,True,LightGBM,crawl-predict:c36a23a6,62af4864d635
2026-05-25T05:55:04,YOU MY ANGEL,Voir sa fiche,Equifun 60 cm,Club Chp Dpt Circuit Dpt individuel,,7,17,cold-start,True,LightGBM,crawl-predict:c36a23a6,dc567bcc2acc
2026-05-25T05:55:04,REVE DE MESNES,Voir sa fiche,Equifun 60 cm,Club Chp Dpt Circuit Dpt individuel,,8,17,cold-start,True,LightGBM,crawl-predict:c36a23a6,1726289ef17c
2026-05-25T05:55:04,JAG D'OLMEN,Voir sa fiche,Equifun 60 cm,Club Chp Dpt Circuit Dpt individuel,,9,17,cold-start,True,LightGBM,crawl-predict:c36a23a6,da6e676fdfa3
2026-05-25T05:55:04,DAKOTA DE MESNES,Voir sa fiche,Equifun 60 cm,Club Chp Dpt Circuit Dpt individuel,,10,17,cold-start,True,LightGBM,crawl-predict:c36a23a6,a1ca6c66446d
2026-05-25T05:55:04,FENOMENE DE LA LUCE,Voir sa fiche,Equifun 60 cm,Club individuel,,1,17,cold-start,True,LightGBM,crawl-predict:c36a23a6,82b6cc2401fe
2026-05-25T05:55:04,AGUR,Voir sa fiche,Equifun 40 cm,Club Poney Benjamin individuel,,4,17,cold-start,True,LightGBM,crawl-predict:c36a23a6,939443956bd4
2026-05-25T05:55:04,LLANDAR PRINCESS APRIL,Voir sa fiche,Equifun 40 cm,Club Poney Benjamin individuel,,5,17,cold-start,True,LightGBM,crawl-predict:c36a23a6,0617bec13918
2026-05-25T05:55:04,ATHENA DU FAY,Voir sa fiche,Equifun 40 cm,Club Poney Benjamin individuel,,6,17,cold-start,True,LightGBM,crawl-predict:c36a23a6,b8234fc08fe5
2026-05-25T05:55:04,HOULAOUPS DE MATT,Voir sa fiche,Equifun 40 cm,Club Poney Benjamin individuel,,16,4,cold-start,True,LightGBM,crawl-predict:c36a23a6,120ecfb9479a
2026-05-25T05:55:04,LLANDAR PRINCESS APRIL,Voir sa fiche,Equifun 40 cm,Club Poney Benjamin individuel,,7,17,cold-start,True,LightGBM,crawl-predict:c36a23a6,06e096420346
2026-05-25T05:55:04,KLAXON,Voir sa fiche,Equifun 40 cm,Club Poney Benjamin individuel,,8,17,cold-start,True,LightGBM,crawl-predict:c36a23a6,a151db27ee91
2026-05-25T05:55:04,ATHENA,Voir sa fiche,Equifun 40 cm,Club Poney Benjamin individuel,,1,31,cold-start,True,LightGBM,crawl-predict:c36a23a6,c7cedaffc5f0
2026-05-25T05:55:04,UPLOU,Voir sa fiche,Equifun 40 cm,Club Poney Benjamin individuel,,9,17,cold-start,True,LightGBM,crawl-predict:c36a23a6,ea5d22e832f1
2026-05-25T05:55:04,CHEVREUIL,Voir sa fiche,Equifun 40 cm,Club Poney Benjamin individuel,,10,17,cold-start,True,LightGBM,crawl-predict:c36a23a6,2bb2b54dab92
2026-05-25T05:55:04,ATHENA,Voir sa fiche,Equifun 40 cm,Club Poney Benjamin individuel,,2,31,cold-start,True,LightGBM,crawl-predict:c36a23a6,72384362bc52
2026-05-25T05:55:04,AGUR,Voir sa fiche,Equifun 40 cm,Club Poney Benjamin individuel,,11,17,cold-start,True,LightGBM,crawl-predict:c36a23a6,09c654ad7754
2026-05-25T05:55:04,ATHENA,Voir sa fiche,Equifun 40 cm,Club Poney Benjamin individuel,,3,31,cold-start,True,LightGBM,crawl-predict:c36a23a6,2a00f93a254e
2026-05-25T05:55:04,DIAMS DU CARDINAL,Voir sa fiche,Equifun 40 cm,Club Poney Benjamin individuel,,12,17,cold-start,True,LightGBM,crawl-predict:c36a23a6,f8e52f491e0e
2026-05-25T05:55:04,LERIS,Voir sa fiche,Equifun 40 cm,Club Poney Benjamin individuel,,13,17,cold-start,True,LightGBM,crawl-predict:c36a23a6,75111aec05f0
2026-05-25T05:55:04,HOULAOUPS DE MATT,Voir sa fiche,Equifun 40 cm,Club Poney Benjamin individuel,,17,4,cold-start,True,LightGBM,crawl-predict:c36a23a6,de1e46e2b600
2026-05-25T05:55:04,AGUR,Voir sa fiche,Equifun 40 cm,Club Poney Benjamin individuel,,14,17,cold-start,True,LightGBM,crawl-predict:c36a23a6,49c654a33e9c
2026-05-25T05:55:04,LERIS,Voir sa fiche,Equifun 40 cm,Club Poney Benjamin individuel,,15,17,cold-start,True,LightGBM,crawl-predict:c36a23a6,e8afa83c8e34
2026-05-25T05:55:04,KRASH DE LA LUCE,Voir sa fiche,Equifun 40 cm,Club Poney B Benjamin individuel,,1,17,cold-start,True,LightGBM,crawl-predict:c36a23a6,d1fe7acb916e
2026-05-25T05:55:04,SATINE,Voir sa fiche,Equifun 40 cm,Club Poney B Benjamin individuel,,2,17,cold-start,True,LightGBM,crawl-predict:c36a23a6,454b18a2896a
2026-05-25T05:55:04,FARANDOLE DE FABRY,Voir sa fiche,Equifun 30 cm,Club A Poussin individuel,,1,17,cold-start,True,LightGBM,crawl-predict:c36a23a6,c6599862132e
2026-05-25T05:55:04,NOW OR NEVER V.D.KOERBERG,Voir sa fiche,Equifun 30 cm,Club A Poussin individuel,,2,17,cold-start,True,LightGBM,crawl-predict:c36a23a6,cfb8b2cc259d
2026-05-25T05:55:04,KIRIKOU A'K,Voir sa fiche,Equifun 30 cm,Club A Poussin individuel,,4,2,cold-start,True,LightGBM,crawl-predict:c36a23a6,3552a931d70a
2026-05-25T05:55:04,UMOUR DE FABRY,Voir sa fiche,Equifun 30 cm,Club A Poussin individuel,,3,17,cold-start,True,LightGBM,crawl-predict:c36a23a6,0a5ff78b0b61
2026-05-25T05:55:04,HENIARTH TINTAGEL,Voir sa fiche,Equifun 70 cm,Club Poney Elite Chp Reg individuel,,1,100,cold-start,True,LightGBM,crawl-predict:c36a23a6,734d6d34f44a
2026-05-25T05:55:04,CARLA,Voir sa fiche,Equifun 70 cm,Club Poney Elite Chp Reg individuel,,2,17,cold-start,True,LightGBM,crawl-predict:c36a23a6,9dcebd4b98ea
2026-05-25T05:55:04,JIVASTAR DES NOUETTES,Voir sa fiche,Equifun 70 cm,Club Poney Elite Chp Reg individuel,,3,15,cold-start,True,LightGBM,crawl-predict:c36a23a6,261a1dd714da
2026-05-25T05:55:04,DIOXINE DE CAUX,Voir sa fiche,Equifun 70 cm,Club Poney Elite Chp Reg individuel,,4,12,cold-start,True,LightGBM,crawl-predict:c36a23a6,9d3101cc1591
2026-05-25T05:55:04,BAGHEERA DE MARCY,Voir sa fiche,Equifun 50 cm,Club Poney Minime individuel,,1,17,cold-start,True,LightGBM,crawl-predict:c36a23a6,dad5052ad2ba
2026-05-25T05:55:04,GEMAX DE LA MALLE,Voir sa fiche,Equifun 50 cm,Club Poney Minime individuel,,2,17,cold-start,True,LightGBM,crawl-predict:c36a23a6,060b7d39d239
2026-05-25T05:55:04,BALMIRA DES BERTAINES,Voir sa fiche,Equifun 60 cm,Club Poney Cadet individuel,,1,17,cold-start,True,LightGBM,crawl-predict:c36a23a6,dff6227daecf
2026-05-25T05:55:04,DARLING TEMPLERIE,Voir sa fiche,Equifun 60 cm,Club Poney Cadet individuel,,2,17,cold-start,True,LightGBM,crawl-predict:c36a23a6,3b760991e5f4
2026-05-25T05:55:04,GEMAX DE LA MALLE,Voir sa fiche,Equifun 60 cm,Club Poney Cadet individuel,,3,17,cold-start,True,LightGBM,crawl-predict:c36a23a6,9b51c98b4fd0
2026-05-25T05:55:04,BAGHEERA DE MARCY,Voir sa fiche,Equifun 60 cm,Club Poney Cadet individuel,,4,17,cold-start,True,LightGBM,crawl-predict:c36a23a6,af05b9e6a8b0
2026-05-25T05:55:04,RIVERE,Voir sa fiche,Equifun 60 cm,Club Poney Cadet individuel,,5,17,cold-start,True,LightGBM,crawl-predict:c36a23a6,9dead153e866
2026-05-25T05:55:04,HEIDI DE YAME,Voir sa fiche,Equifun 40 cm,Club Poney B Benjamin individuel,,1,17,cold-start,True,LightGBM,crawl-predict:c36a23a6,ec7ed3275115
2026-05-25T05:55:04,HEIDI DE YAME,Voir sa fiche,Equifun 70 cm,Club Poney Elite individuel,,1,17,cold-start,True,LightGBM,crawl-predict:c36a23a6,ea0a848316bf
2026-05-25T05:55:04,SUCRE D'ORGE,Voir sa fiche,Equifun 30 cm,Club A Poussin individuel,,1,17,cold-start,True,LightGBM,crawl-predict:c36a23a6,b2305cdbcc49
2026-05-25T05:55:04,JALOUSE DES VALLEES,Voir sa fiche,Equifun 30 cm,Club A Poussin individuel,,2,17,cold-start,True,LightGBM,crawl-predict:c36a23a6,06b35336ef62
2026-05-25T05:55:04,EXPRESSO,Voir sa fiche,Equifun 40 cm,Club Poney B Benjamin individuel,,1,100,cold-start,True,LightGBM,crawl-predict:c36a23a6,2191323e090a
2026-05-25T05:55:04,AINTO D'ETXE,Voir sa fiche,Equifun 40 cm,Club Poney B Benjamin individuel,,2,17,cold-start,True,LightGBM,crawl-predict:c36a23a6,6f1d69060e44
2026-05-25T05:55:04,LAMBADA,Voir sa fiche,Equifun 40 cm,Club Poney Benjamin individuel,,1,4,cold-start,True,LightGBM,crawl-predict:c36a23a6,99e35678c529
2026-05-25T05:55:04,LAMBADA,Voir sa fiche,Equifun 40 cm,Club Poney Benjamin individuel,,2,4,cold-start,True,LightGBM,crawl-predict:c36a23a6,a8c3c0758aad
2026-05-25T05:55:04,AINTO D'ETXE,Voir sa fiche,Equifun 40 cm,Club Poney Benjamin équipe,,2,17,cold-start,True,LightGBM,crawl-predict:c36a23a6,c0a9bf97740c
2026-05-25T05:55:04,EXPRESSO,Voir sa fiche,Equifun 40 cm,Club Poney Benjamin équipe,,1,100,cold-start,True,LightGBM,crawl-predict:c36a23a6,95f2b617b57d
2026-05-25T05:55:04,LAMBADA,Voir sa fiche,Equifun 40 cm,Club Poney Benjamin équipe,,3,4,cold-start,True,LightGBM,crawl-predict:c36a23a6,1dd29769d7ac
2026-05-25T05:55:04,BELINDA VD BREEMHORSTSEDI,Voir sa fiche,Equifun 30 cm,Club A Poussin Circuit Dpt équipe,,1,17,cold-start,True,LightGBM,crawl-predict:c36a23a6,ae3f382f48ea
2026-05-25T05:55:04,CONFETIE WICQ AN DO,Voir sa fiche,Equifun 30 cm,Club A Poussin Circuit Dpt équipe,,2,17,cold-start,True,LightGBM,crawl-predict:c36a23a6,8ddc22f0deee
2026-05-25T05:55:04,HE HOP DES LUTINS,Voir sa fiche,Equifun 30 cm,Club A Poussin Circuit Dpt équipe,,3,17,cold-start,True,LightGBM,crawl-predict:c36a23a6,106fa51a5161
2026-05-25T05:55:04,BAILI DES FLORETTES,Voir sa fiche,Equifun 30 cm,Club A Poussin Circuit Dpt équipe,,4,17,cold-start,True,LightGBM,crawl-predict:c36a23a6,22772b439cf2
2026-05-25T05:55:04,JAIKA DES SAGNATS,Voir sa fiche,Equifun 60 cm,Club Circuit Dpt équipe,,1,17,cold-start,True,LightGBM,crawl-predict:c36a23a6,4fb64f88ccac
2026-05-25T05:55:04,DIVINO MIO ELM,Voir sa fiche,Equifun 60 cm,Club Circuit Dpt équipe,,2,17,cold-start,True,LightGBM,crawl-predict:c36a23a6,4b1346bbcbba
2026-05-25T05:55:04,LEGEND DE MARGNAT,Voir sa fiche,Equifun 60 cm,Club Circuit Dpt équipe,,3,17,cold-start,True,LightGBM,crawl-predict:c36a23a6,8338b791fa70
2026-05-25T05:55:04,GUAPA DE LAUZ,Voir sa fiche,Equifun 60 cm,Club Circuit Dpt équipe,,4,17,cold-start,True,LightGBM,crawl-predict:c36a23a6,981fedee21b5
2026-05-25T05:55:04,CHAUSSETTE,Voir sa fiche,Equifun 60 cm,Club Circuit Dpt équipe,,5,17,cold-start,True,LightGBM,crawl-predict:c36a23a6,cd39ea05430d
2026-05-25T05:55:04,DINO,Voir sa fiche,Equifun 60 cm,Club Circuit Dpt équipe,,6,17,cold-start,True,LightGBM,crawl-predict:c36a23a6,a2025ac41a70
2026-05-25T05:55:04,IMALAYA D AURIERES,Voir sa fiche,Equifun 60 cm,Club Circuit Dpt équipe,,8,14,cold-start,True,LightGBM,crawl-predict:c36a23a6,4ce20ee656a5
2026-05-25T05:55:04,CACAHETTE,Voir sa fiche,Equifun 60 cm,Club Circuit Dpt équipe,,7,17,cold-start,True,LightGBM,crawl-predict:c36a23a6,1b96251d4e14
2026-05-25T05:55:04,FOULBAZAR BRAGALOU,Voir sa fiche,Equifun 40 cm,Club Poney B Benjamin équipe,,1,17,cold-start,True,LightGBM,crawl-predict:c36a23a6,8115e15d1923
2026-05-25T05:55:04,INUIT DU GONDOR,Voir sa fiche,Equifun 40 cm,Club Poney B Benjamin équipe,,2,17,cold-start,True,LightGBM,crawl-predict:c36a23a6,8fd5e93f6ba2
2026-05-25T05:55:04,LANESFIELD EMPEROR,Voir sa fiche,Equifun 40 cm,Club Poney B Benjamin équipe,,3,17,cold-start,True,LightGBM,crawl-predict:c36a23a6,aaa8d2fcdcc0
2026-05-25T05:55:04,CRUMBLE D'ELVORT,Voir sa fiche,Equifun 40 cm,Club Poney B Benjamin équipe,,17,3,cold-start,True,LightGBM,crawl-predict:c36a23a6,306a6e220580
2026-05-25T05:55:04,IZARRA DES GOURMANDS,Voir sa fiche,Equifun 40 cm,Club Poney B Benjamin équipe,,4,17,cold-start,True,LightGBM,crawl-predict:c36a23a6,182412e1ef4c
2026-05-25T05:55:04,JIJI,Voir sa fiche,Equifun 40 cm,Club Poney B Benjamin équipe,,5,17,cold-start,True,LightGBM,crawl-predict:c36a23a6,4e697515ef9d
2026-05-25T05:55:04,IAOURT DES GOURMANDS,Voir sa fiche,Equifun 40 cm,Club Poney B Benjamin équipe,,6,17,cold-start,True,LightGBM,crawl-predict:c36a23a6,0e9e5fd8ac8f
2026-05-25T05:55:04,HY LOU DES CISTES,Voir sa fiche,Equifun 40 cm,Club Poney B Benjamin équipe,,7,17,cold-start,True,LightGBM,crawl-predict:c36a23a6,7866ea9f808c
2026-05-25T05:55:04,SHAKYRA,Voir sa fiche,Equifun 40 cm,Club Poney B Benjamin équipe,,19,1,cold-start,True,LightGBM,crawl-predict:c36a23a6,0b63cb6f20ac
2026-05-25T05:55:04,CRUMBLE D'ELVORT,Voir sa fiche,Equifun 40 cm,Club Poney B Benjamin équipe,,18,3,cold-start,True,LightGBM,crawl-predict:c36a23a6,275bc31df229
2026-05-25T05:55:04,CRAZY WAY DU POET,Voir sa fiche,Equifun 40 cm,Club Poney B Benjamin équipe,,16,7,cold-start,True,LightGBM,crawl-predict:c36a23a6,3573e15694e6
2026-05-25T05:55:04,HASHTAG,Voir sa fiche,Equifun 40 cm,Club Poney B Benjamin équipe,,8,17,cold-start,True,LightGBM,crawl-predict:c36a23a6,c0a998efa1d4
2026-05-25T05:55:04,JAIKA DES SAGNATS,Voir sa fiche,Equifun 40 cm,Club Poney B Benjamin équipe,,9,17,cold-start,True,LightGBM,crawl-predict:c36a23a6,20ec711731b5
2026-05-25T05:55:04,TYRIE GAELIC GOODFELLA,Voir sa fiche,Equifun 40 cm,Club Poney B Benjamin équipe,,10,17,cold-start,True,LightGBM,crawl-predict:c36a23a6,8b196e123df0
2026-05-25T05:55:04,GLADYS,Voir sa fiche,Equifun 40 cm,Club Poney B Benjamin équipe,,11,17,cold-start,True,LightGBM,crawl-predict:c36a23a6,f9b7c9fc7759
2026-05-25T05:55:04,ADIBOU,Voir sa fiche,Equifun 40 cm,Club Poney B Benjamin équipe,,12,17,cold-start,True,LightGBM,crawl-predict:c36a23a6,d4975a9791a8
2026-05-25T05:55:04,SPARKY,Voir sa fiche,Equifun 40 cm,Club Poney B Benjamin équipe,,13,17,cold-start,True,LightGBM,crawl-predict:c36a23a6,67fa21e9c5db
2026-05-25T05:55:04,BINGO,Voir sa fiche,Equifun 40 cm,Club Poney B Benjamin équipe,,14,17,cold-start,True,LightGBM,crawl-predict:c36a23a6,9188663861ae
2026-05-25T05:55:04,CRANBERRY,Voir sa fiche,Equifun 40 cm,Club Poney B Benjamin équipe,,15,17,cold-start,True,LightGBM,crawl-predict:c36a23a6,9f77b4cd5acd
2026-05-25T05:55:04,BLAKEHILL ROSIA,Voir sa fiche,Equifun 70 cm,Club Elite équipe,,1,17,cold-start,True,LightGBM,crawl-predict:c36a23a6,4be39147e9d5
2026-05-25T05:55:04,ASCOTT ROYALE,Voir sa fiche,Equifun 70 cm,Club Elite équipe,,2,17,cold-start,True,LightGBM,crawl-predict:c36a23a6,3f82ef134243
2026-05-25T05:55:04,JAPPELOUP D'UBO,Voir sa fiche,Equifun 70 cm,Club Elite équipe,,3,17,cold-start,True,LightGBM,crawl-predict:c36a23a6,1e88ce91de37
2026-05-25T05:55:04,ARTEMIS,Voir sa fiche,Equifun 70 cm,Club Elite équipe,,4,17,cold-start,True,LightGBM,crawl-predict:c36a23a6,40e7eb0b409d
2026-05-25T05:55:04,WITHAQ,Voir sa fiche,Equifun 70 cm,Club Elite équipe,,5,17,cold-start,True,LightGBM,crawl-predict:c36a23a6,2df94100a84e
2026-05-25T05:55:04,JOYCA,Voir sa fiche,Equifun 70 cm,Club Elite équipe,,6,17,cold-start,True,LightGBM,crawl-predict:c36a23a6,e3736c3bc8f5
2026-05-25T05:55:04,HEILTSUK DE MANDOT,Voir sa fiche,Equifun 70 cm,Club Elite équipe,,7,17,cold-start,True,LightGBM,crawl-predict:c36a23a6,b01b51a39de2
2026-05-25T05:55:04,APOLON,Voir sa fiche,Equifun 70 cm,Club Elite équipe,,8,17,cold-start,True,LightGBM,crawl-predict:c36a23a6,6694f45388ac
2026-05-25T05:55:04,AZZARO MARIELLIS,Voir sa fiche,Equifun 70 cm,Club Elite équipe,,9,17,cold-start,True,LightGBM,crawl-predict:c36a23a6,1e0eefac3ee6
2026-05-25T05:55:04,ZAFIRO,Voir sa fiche,Equifun 70 cm,Club Elite équipe,,10,17,cold-start,True,LightGBM,crawl-predict:c36a23a6,600477fdc34d
2026-05-25T05:55:04,FILOMENA AM,Voir sa fiche,Equifun 70 cm,Club Elite équipe,,11,17,cold-start,True,LightGBM,crawl-predict:c36a23a6,f1c19f84b436
2026-05-25T05:55:04,IBIZZA DE CHASTANAT,Voir sa fiche,Equifun 70 cm,Club Elite équipe,,12,17,cold-start,True,LightGBM,crawl-predict:c36a23a6,be65ee37aeb1
2026-05-25T05:55:04,CACAHETTE,Voir sa fiche,Equifun 70 cm,Club Elite équipe,,13,17,cold-start,True,LightGBM,crawl-predict:c36a23a6,47820ac7c943
2026-05-25T05:55:04,CHAUSSETTE,Voir sa fiche,Equifun 70 cm,Club Elite équipe,,14,17,cold-start,True,LightGBM,crawl-predict:c36a23a6,5f83e22b49da
2026-05-25T05:55:04,KLEOPATRE DIMAVI,Voir sa fiche,Equifun 70 cm,Club Elite équipe,,15,17,cold-start,True,LightGBM,crawl-predict:c36a23a6,6caa3aa2c052
2026-05-25T05:55:04,BLOEM VD VALKENBERG,Voir sa fiche,Equifun 30 cm,Club A Moustique Circuit Dpt équipe,,1,17,cold-start,True,LightGBM,crawl-predict:c36a23a6,42c93844bfbf
2026-05-25T05:55:04,WIENEKE V ERF'T ELDE,Voir sa fiche,Equifun 30 cm,Club A Moustique Circuit Dpt équipe,,2,17,cold-start,True,LightGBM,crawl-predict:c36a23a6,04828d0f09b9
2026-05-25T05:55:04,CONTE D'ARQUETAN,Voir sa fiche,Equifun 30 cm,Club A Moustique Circuit Dpt équipe,,3,17,cold-start,True,LightGBM,crawl-predict:c36a23a6,8dcb6c4323c1
2026-05-25T05:55:04,CONFETTI D'ARQUETAN,Voir sa fiche,Equifun 30 cm,Club A Moustique Circuit Dpt équipe,,4,17,cold-start,True,LightGBM,crawl-predict:c36a23a6,06d2d6243700
2026-05-25T05:55:04,CONFETTI D'ARQUETAN,Voir sa fiche,Equifun 30 cm,Club A Poussin Circuit Dpt individuel,,1,17,cold-start,True,LightGBM,crawl-predict:c36a23a6,7703b2c7236f
2026-05-25T05:55:04,BLOEM VD VALKENBERG,Voir sa fiche,Equifun 30 cm,Club A Poussin Circuit Dpt individuel,,2,17,cold-start,True,LightGBM,crawl-predict:c36a23a6,3e5a0884627f
2026-05-25T05:55:04,MANILLE DU COURTIL,Voir sa fiche,Equifun 30 cm,Club A Poussin Circuit Dpt individuel,,3,17,cold-start,True,LightGBM,crawl-predict:c36a23a6,9e7b30dcc05a
2026-05-25T05:55:04,SCOUBIDOU STARQUETAN,Voir sa fiche,Equifun 30 cm,Club A Poussin Circuit Dpt individuel,,4,17,cold-start,True,LightGBM,crawl-predict:c36a23a6,4bcab90e2024
2026-05-25T05:55:04,WIENEKE V ERF'T ELDE,Voir sa fiche,Equifun 30 cm,Club A Poussin Circuit Dpt équipe,,1,17,cold-start,True,LightGBM,crawl-predict:c36a23a6,1a7aff6786a4
2026-05-25T05:55:04,NINTE V.STAL NIEUWEMOED,Voir sa fiche,Equifun 30 cm,Club A Poussin Circuit Dpt équipe,,2,17,cold-start,True,LightGBM,crawl-predict:c36a23a6,1d908e3b7b27
2026-05-25T05:55:04,CONFETTI D'ARQUETAN,Voir sa fiche,Equifun 30 cm,Club A Poussin Circuit Dpt équipe,,3,17,cold-start,True,LightGBM,crawl-predict:c36a23a6,002ff2671e58
2026-05-25T05:55:04,BLOEM VD VALKENBERG,Voir sa fiche,Equifun 30 cm,Club A Poussin Circuit Dpt équipe,,4,17,cold-start,True,LightGBM,crawl-predict:c36a23a6,f3c1d380e910
2026-05-25T05:55:04,ICONE DU METZ,Voir sa fiche,Equifun 40 cm,Club Poney B Benjamin Circuit Dpt individuel,,1,17,cold-start,True,LightGBM,crawl-predict:c36a23a6,258542e2e701
2026-05-25T05:55:04,EHOP DES BRANDES,Voir sa fiche,Equifun 40 cm,Club Poney B Benjamin Circuit Dpt individuel,,2,17,cold-start,True,LightGBM,crawl-predict:c36a23a6,72b449e72d23
2026-05-25T05:55:04,TORCOED KARIAD,Voir sa fiche,Equifun 40 cm,Club Poney B Benjamin Circuit Dpt individuel,,3,17,cold-start,True,LightGBM,crawl-predict:c36a23a6,d35a864e1ad9
2026-05-25T05:55:04,ICONE DU METZ,Voir sa fiche,Equifun 40 cm,Club Poney B Benjamin Circuit Dpt individuel,,4,17,cold-start,True,LightGBM,crawl-predict:c36a23a6,23cd87b4bd96
2026-05-25T05:55:04,ATLANTIC DES AUGUSTINES,Voir sa fiche,Equifun 40 cm,Club Poney B Benjamin Circuit Dpt individuel,,5,17,cold-start,True,LightGBM,crawl-predict:c36a23a6,1e4bcd09773a
2026-05-25T05:55:04,ECLAT DE PILORGES,Voir sa fiche,Equifun 40 cm,Club Poney B Benjamin Circuit Dpt individuel,,6,17,cold-start,True,LightGBM,crawl-predict:c36a23a6,708aceae0f1a
2026-05-25T05:55:04,DOODLE,Voir sa fiche,Equifun 40 cm,Club Poney B Benjamin Circuit Dpt individuel,,7,17,cold-start,True,LightGBM,crawl-predict:c36a23a6,dc8d923c34a9
2026-05-25T05:55:04,ICONE DU METZ,Voir sa fiche,Equifun 40 cm,Club Poney B Benjamin Circuit Dpt individuel,,8,17,cold-start,True,LightGBM,crawl-predict:c36a23a6,539de78dbef7
2026-05-25T05:55:04,UNFENOMENE D'ARQUETAN,Voir sa fiche,Equifun 40 cm,Club Poney Benjamin Circuit Dpt individuel,,2,6,cold-start,True,LightGBM,crawl-predict:c36a23a6,2aba594cb996
2026-05-25T05:55:04,TOISSY DE BORDES,Voir sa fiche,Equifun 40 cm,Club Poney Benjamin Circuit Dpt individuel,,3,6,cold-start,True,LightGBM,crawl-predict:c36a23a6,06f19448af75
2026-05-25T05:55:04,LISRUA PRIDE,Voir sa fiche,Equifun 40 cm,Club Poney Benjamin Circuit Dpt individuel,,4,6,cold-start,True,LightGBM,crawl-predict:c36a23a6,ae2e7d1eb41d
2026-05-25T05:55:04,JINGLE,Voir sa fiche,Equifun 40 cm,Club Poney Benjamin Circuit Dpt individuel,,1,17,cold-start,True,LightGBM,crawl-predict:c36a23a6,8f96efb07f00
2026-05-25T05:55:04,UNFENOMENE D'ARQUETAN,Voir sa fiche,Equifun 40 cm,Club Poney Benjamin Circuit Dpt individuel,,5,6,cold-start,True,LightGBM,crawl-predict:c36a23a6,2c4300221880
2026-05-25T05:55:04,TOISSY DE BORDES,Voir sa fiche,Equifun 40 cm,Club Poney Benjamin Circuit Dpt individuel,,6,6,cold-start,True,LightGBM,crawl-predict:c36a23a6,3b6c66938126
2026-05-25T05:55:04,REALE DE MAUPET,Voir sa fiche,Equifun 50 cm,Club Poney Minime Circuit Dpt individuel,,1,17,cold-start,True,LightGBM,crawl-predict:c36a23a6,dff578b37d0e
2026-05-25T05:55:04,LISRUA PRIDE,Voir sa fiche,Equifun 50 cm,Club Poney Minime Circuit Dpt individuel,,2,6,cold-start,True,LightGBM,crawl-predict:c36a23a6,8a17942878d8
2026-05-25T05:55:04,UNFENOMENE D'ARQUETAN,Voir sa fiche,Equifun 50 cm,Club Poney Minime Circuit Dpt individuel,,3,6,cold-start,True,LightGBM,crawl-predict:c36a23a6,46bdc532b2a4
2026-05-25T05:55:04,TETHYS DE PLEYSSE,Voir sa fiche,Equifun 70 cm,Club Elite Circuit Dpt individuel,,1,17,cold-start,True,LightGBM,crawl-predict:c36a23a6,b7622815d2e5
2026-05-25T05:55:04,SIMBA DU LAVILLON,Voir sa fiche,Equifun 70 cm,Club Elite Circuit Dpt individuel,,2,17,cold-start,True,LightGBM,crawl-predict:c36a23a6,fa14854b0fcd
2026-05-25T05:55:04,QUERIBUS,Voir sa fiche,Equifun 70 cm,Club Elite Circuit Dpt individuel,,3,17,cold-start,True,LightGBM,crawl-predict:c36a23a6,540e39c2b39a
2026-05-25T05:55:04,OPEN,Voir sa fiche,Equifun 70 cm,Club Elite Circuit Dpt individuel,,4,17,cold-start,True,LightGBM,crawl-predict:c36a23a6,a8dccd025cda
2026-05-25T05:55:04,FETICHE DES PONTS,Voir sa fiche,Equifun 70 cm,Club Elite Circuit Dpt équipe,,1,17,cold-start,True,LightGBM,crawl-predict:c36a23a6,848c5e2d68b0
2026-05-25T05:55:04,FOSTER DORCAMP,Voir sa fiche,Equifun 70 cm,Club Elite Circuit Dpt équipe,,4,7,cold-start,True,LightGBM,crawl-predict:c36a23a6,bfd4330cca5d
2026-05-25T05:55:04,SAPHIRA,Voir sa fiche,Equifun 70 cm,Club Elite Circuit Dpt équipe,,2,17,cold-start,True,LightGBM,crawl-predict:c36a23a6,50da01697aab
2026-05-25T05:55:04,LA BISE,Voir sa fiche,Equifun 70 cm,Club Elite Circuit Dpt équipe,,3,17,cold-start,True,LightGBM,crawl-predict:c36a23a6,3c830662679e
2026-05-25T05:55:04,BETH TOUTUNG,Voir sa fiche,Equifun 60 cm,Club Circuit Dpt individuel,,1,17,cold-start,True,LightGBM,crawl-predict:c36a23a6,131674d76503
2026-05-25T05:55:04,OPEN,Voir sa fiche,Equifun 60 cm,Club Circuit Dpt individuel,,2,17,cold-start,True,LightGBM,crawl-predict:c36a23a6,e92626c04e0a
2026-05-25T05:55:04,REALE DE MAUPET,Voir sa fiche,Equifun 60 cm,Club Circuit Dpt individuel,,3,17,cold-start,True,LightGBM,crawl-predict:c36a23a6,dfa4acb4c89a
2026-05-25T05:55:04,TEMPETE D'ENCOUSTEAU,Voir sa fiche,Equifun 60 cm,Club Circuit Dpt individuel,,4,17,cold-start,True,LightGBM,crawl-predict:c36a23a6,6e5bf3e3d55f
2026-05-25T05:55:04,TETHYS DE PLEYSSE,Voir sa fiche,Equifun 60 cm,Club Circuit Dpt individuel,,5,17,cold-start,True,LightGBM,crawl-predict:c36a23a6,4582aad81634
2026-05-25T05:55:04,GRAFFITI DE CHATENET,Voir sa fiche,Equifun 60 cm,Club Circuit Dpt équipe,,1,100,cold-start,True,LightGBM,crawl-predict:c36a23a6,868b6a49311a
2026-05-25T05:55:04,VITO,Voir sa fiche,Equifun 60 cm,Club Circuit Dpt équipe,,3,17,cold-start,True,LightGBM,crawl-predict:c36a23a6,52f69e63832d
2026-05-25T05:55:04,COCA COLA ZENN,Voir sa fiche,Equifun 60 cm,Club Circuit Dpt équipe,,2,100,cold-start,True,LightGBM,crawl-predict:c36a23a6,143fcf64f089
2026-05-25T05:55:04,VICTOR,Voir sa fiche,Equifun 60 cm,Club Circuit Dpt équipe,,4,17,cold-start,True,LightGBM,crawl-predict:c36a23a6,54235bf23970
2026-05-25T05:55:04,DOODLE,Voir sa fiche,Equifun 40 cm,Club Poney B Benjamin équipe,,1,17,cold-start,True,LightGBM,crawl-predict:c36a23a6,34717c95c3a7
2026-05-25T05:55:04,ECLAT DE PILORGES,Voir sa fiche,Equifun 40 cm,Club Poney B Benjamin équipe,,2,17,cold-start,True,LightGBM,crawl-predict:c36a23a6,e4c8dbf32eec
2026-05-25T05:55:04,EHOP DES BRANDES,Voir sa fiche,Equifun 40 cm,Club Poney B Benjamin équipe,,3,17,cold-start,True,LightGBM,crawl-predict:c36a23a6,f1140087aefe
2026-05-25T05:55:04,ATLANTIC DES AUGUSTINES,Voir sa fiche,Equifun 40 cm,Club Poney B Benjamin équipe,,4,17,cold-start,True,LightGBM,crawl-predict:c36a23a6,c18736c27696
2026-05-25T05:55:04,FIDJIE DU SANON,Voir sa fiche,Equifun 30 cm,Club A Moustique Chp Reg Circuit Dpt individuel,,2,53,cold-start,True,LightGBM,crawl-predict:c36a23a6,702afdbbee6d
2026-05-25T05:55:04,ESMEE DRESS CODE,Voir sa fiche,Equifun 30 cm,Club A Moustique Chp Reg Circuit Dpt individuel,,3,17,cold-start,True,LightGBM,crawl-predict:c36a23a6,55232e56e221
2026-05-25T05:55:04,ESPION DES ISLES,Voir sa fiche,Equifun 30 cm,Club A Moustique Chp Reg Circuit Dpt individuel,,16,4,cold-start,True,LightGBM,crawl-predict:c36a23a6,bb7eb0b3f23e
2026-05-25T05:55:04,DIAMOND ICE DES VOLTS,Voir sa fiche,Equifun 30 cm,Club A Moustique Chp Reg Circuit Dpt individuel,,4,17,cold-start,True,LightGBM,crawl-predict:c36a23a6,5e7c6a5e33ad
2026-05-25T05:55:04,KOSMOS DES ILES,Voir sa fiche,Equifun 30 cm,Club A Moustique Chp Reg Circuit Dpt individuel,,5,17,cold-start,True,LightGBM,crawl-predict:c36a23a6,91eb59eeca71
2026-05-25T05:55:04,I LOVE YOU DES ISLES,Voir sa fiche,Equifun 30 cm,Club A Moustique Chp Reg Circuit Dpt individuel,,17,4,cold-start,True,LightGBM,crawl-predict:c36a23a6,b73c465178a0
2026-05-25T05:55:04,FABIOLA,Voir sa fiche,Equifun 30 cm,Club A Moustique Chp Reg Circuit Dpt individuel,,6,17,cold-start,True,LightGBM,crawl-predict:c36a23a6,f4b6ace57a80
2026-05-25T05:55:04,SHOUKRAN DE BEL VERNE,Voir sa fiche,Equifun 30 cm,Club A Moustique Chp Reg Circuit Dpt individuel,,7,17,cold-start,True,LightGBM,crawl-predict:c36a23a6,9326742cc50b
2026-05-25T05:55:04,FABIOLA,Voir sa fiche,Equifun 30 cm,Club A Moustique Chp Reg Circuit Dpt individuel,,8,17,cold-start,True,LightGBM,crawl-predict:c36a23a6,3c467cf409c1
2026-05-25T05:55:04,ESPION DES ISLES,Voir sa fiche,Equifun 30 cm,Club A Moustique Chp Reg Circuit Dpt individuel,,18,4,cold-start,True,LightGBM,crawl-predict:c36a23a6,05bd15d4f7ae
2026-05-25T05:55:04,DIAMOND ICE DES VOLTS,Voir sa fiche,Equifun 30 cm,Club A Moustique Chp Reg Circuit Dpt individuel,,9,17,cold-start,True,LightGBM,crawl-predict:c36a23a6,69685b304888
2026-05-25T05:55:04,FORREST DE KERCHRIST,Voir sa fiche,Equifun 30 cm,Club A Moustique Chp Reg Circuit Dpt individuel,,10,17,cold-start,True,LightGBM,crawl-predict:c36a23a6,0ff0daf070a3
2026-05-25T05:55:04,SHOUKRAN DE BEL VERNE,Voir sa fiche,Equifun 30 cm,Club A Moustique Chp Reg Circuit Dpt individuel,,11,17,cold-start,True,LightGBM,crawl-predict:c36a23a6,190e8a032797
2026-05-25T05:55:04,DIAMOND ICE DES VOLTS,Voir sa fiche,Equifun 30 cm,Club A Moustique Chp Reg Circuit Dpt individuel,,12,17,cold-start,True,LightGBM,crawl-predict:c36a23a6,e9ca30fc0d44
2026-05-25T05:55:04,DIVINE DU VAILLANT,Voir sa fiche,Equifun 30 cm,Club A Moustique Chp Reg Circuit Dpt individuel,,13,17,cold-start,True,LightGBM,crawl-predict:c36a23a6,6bb08b59d472
2026-05-25T05:55:04,FABIOLA,Voir sa fiche,Equifun 30 cm,Club A Moustique Chp Reg Circuit Dpt individuel,,14,17,cold-start,True,LightGBM,crawl-predict:c36a23a6,fdfbef9ffd97
2026-05-25T05:55:04,VOYOU DE LANOE,Voir sa fiche,Equifun 30 cm,Club A Moustique Chp Reg Circuit Dpt individuel,,15,17,cold-start,True,LightGBM,crawl-predict:c36a23a6,79fbdd0bf63c
2026-05-25T05:55:04,ELEGANTE,Voir sa fiche,Equifun 30 cm,Club A Moustique Chp Reg Circuit Dpt individuel,,1,100,cold-start,True,LightGBM,crawl-predict:c36a23a6,5b4daf2bc768
2026-05-25T05:55:04,FIDJIE DU SANON,Voir sa fiche,Equifun 30 cm,Club A Poussin Chp Reg Circuit Dpt individuel,,1,53,cold-start,True,LightGBM,crawl-predict:c36a23a6,b542196387a4
2026-05-25T05:55:04,JUDICAELLE DE KERVE,Voir sa fiche,Equifun 30 cm,Club A Poussin Chp Reg Circuit Dpt individuel,,2,17,cold-start,True,LightGBM,crawl-predict:c36a23a6,efa339bba4c2
2026-05-25T05:55:04,VILAINE,Voir sa fiche,Equifun 30 cm,Club A Poussin Chp Reg Circuit Dpt individuel,,16,5,cold-start,True,LightGBM,crawl-predict:c36a23a6,be0406b73bdc
2026-05-25T05:55:04,ESPION DES ISLES,Voir sa fiche,Equifun 30 cm,Club A Poussin Chp Reg Circuit Dpt individuel,,18,4,cold-start,True,LightGBM,crawl-predict:c36a23a6,b743659de142
2026-05-25T05:55:04,CRAGUETTE,Voir sa fiche,Equifun 30 cm,Club A Poussin Chp Reg Circuit Dpt individuel,,3,17,cold-start,True,LightGBM,crawl-predict:c36a23a6,cda89ff4d4e8
2026-05-25T05:55:04,VILAINE,Voir sa fiche,Equifun 30 cm,Club A Poussin Chp Reg Circuit Dpt individuel,,17,5,cold-start,True,LightGBM,crawl-predict:c36a23a6,0f371471d4b1
2026-05-25T05:55:04,CRAGUETTE,Voir sa fiche,Equifun 30 cm,Club A Poussin Chp Reg Circuit Dpt individuel,,4,17,cold-start,True,LightGBM,crawl-predict:c36a23a6,fb5f624f4768
2026-05-25T05:55:04,SHOUKRAN DE BEL VERNE,Voir sa fiche,Equifun 30 cm,Club A Poussin Chp Reg Circuit Dpt individuel,,5,17,cold-start,True,LightGBM,crawl-predict:c36a23a6,0b5815d2b72a
2026-05-25T05:55:04,ESMEE DRESS CODE,Voir sa fiche,Equifun 30 cm,Club A Poussin Chp Reg Circuit Dpt individuel,,6,17,cold-start,True,LightGBM,crawl-predict:c36a23a6,015f8001754e
2026-05-25T05:55:04,EPSILON,Voir sa fiche,Equifun 30 cm,Club A Poussin Chp Reg Circuit Dpt individuel,,7,17,cold-start,True,LightGBM,crawl-predict:c36a23a6,caab07a32c13
2026-05-25T05:55:04,FORREST DE KERCHRIST,Voir sa fiche,Equifun 30 cm,Club A Poussin Chp Reg Circuit Dpt individuel,,8,17,cold-start,True,LightGBM,crawl-predict:c36a23a6,afb76eb9c637
2026-05-25T05:55:04,FORREST DE KERCHRIST,Voir sa fiche,Equifun 30 cm,Club A Poussin Chp Reg Circuit Dpt individuel,,9,17,cold-start,True,LightGBM,crawl-predict:c36a23a6,7c8e3d41c3bc
2026-05-25T05:55:04,KAOURA,Voir sa fiche,Equifun 30 cm,Club A Poussin Chp Reg Circuit Dpt individuel,,10,17,cold-start,True,LightGBM,crawl-predict:c36a23a6,7da37ae684ae
2026-05-25T05:55:04,POTTOKA,Voir sa fiche,Equifun 30 cm,Club A Poussin Chp Reg Circuit Dpt individuel,,11,17,cold-start,True,LightGBM,crawl-predict:c36a23a6,e2704f897132
2026-05-25T05:55:04,I LOVE YOU DES ISLES,Voir sa fiche,Equifun 30 cm,Club A Poussin Chp Reg Circuit Dpt individuel,,19,4,cold-start,True,LightGBM,crawl-predict:c36a23a6,5840b2c59eb2
2026-05-25T05:55:04,EPSILON,Voir sa fiche,Equifun 30 cm,Club A Poussin Chp Reg Circuit Dpt individuel,,12,17,cold-start,True,LightGBM,crawl-predict:c36a23a6,815d53194c67
2026-05-25T05:55:04,KAOURA,Voir sa fiche,Equifun 30 cm,Club A Poussin Chp Reg Circuit Dpt individuel,,13,17,cold-start,True,LightGBM,crawl-predict:c36a23a6,bd99a3114ed3
2026-05-25T05:55:04,POTTOKA,Voir sa fiche,Equifun 30 cm,Club A Poussin Chp Reg Circuit Dpt individuel,,14,17,cold-start,True,LightGBM,crawl-predict:c36a23a6,b155aa15c111
2026-05-25T05:55:04,BALDO DE LA CLAIRIERE,Voir sa fiche,Equifun 30 cm,Club A Poussin Chp Reg Circuit Dpt individuel,,15,17,cold-start,True,LightGBM,crawl-predict:c36a23a6,945addfe1cd1
2026-05-25T05:55:04,JUDICAELLE DE KERVE,Voir sa fiche,Equifun 40 cm,Club Poney B Benjamin Chp Reg Circuit Dpt individuel,,2,17,cold-start,True,LightGBM,crawl-predict:c36a23a6,16276e677c0e
2026-05-25T05:55:04,VAVIT DU BOIS,Voir sa fiche,Equifun 40 cm,Club Poney B Benjamin Chp Reg Circuit Dpt individuel,,3,17,cold-start,True,LightGBM,crawl-predict:c36a23a6,c67771005b4b
2026-05-25T05:55:04,KOSMOS DES ILES,Voir sa fiche,Equifun 40 cm,Club Poney B Benjamin Chp Reg Circuit Dpt individuel,,4,17,cold-start,True,LightGBM,crawl-predict:c36a23a6,4a5044386877
2026-05-25T05:55:04,KISS MAGIC DES ILES,Voir sa fiche,Equifun 40 cm,Club Poney B Benjamin Chp Reg Circuit Dpt individuel,,5,17,cold-start,True,LightGBM,crawl-predict:c36a23a6,272e7c30d47f
2026-05-25T05:55:04,KIRIKOU,Voir sa fiche,Equifun 40 cm,Club Poney B Benjamin Chp Reg Circuit Dpt individuel,,20,15,cold-start,True,LightGBM,crawl-predict:c36a23a6,7f58c73bec7e
2026-05-25T05:55:04,CQUINOA DU SHOET,Voir sa fiche,Equifun 40 cm,Club Poney B Benjamin Chp Reg Circuit Dpt individuel,,6,17,cold-start,True,LightGBM,crawl-predict:c36a23a6,ba129f266083
2026-05-25T05:55:04,JOEME MAGIC DES ILES,Voir sa fiche,Equifun 40 cm,Club Poney B Benjamin Chp Reg Circuit Dpt individuel,,23,6,cold-start,True,LightGBM,crawl-predict:c36a23a6,b548cee7a3c8
2026-05-25T05:55:04,KINGLY DE KERAVEL,Voir sa fiche,Equifun 40 cm,Club Poney B Benjamin Chp Reg Circuit Dpt individuel,,7,17,cold-start,True,LightGBM,crawl-predict:c36a23a6,081de0f86fd3
2026-05-25T05:55:04,VAVIT DU BOIS,Voir sa fiche,Equifun 40 cm,Club Poney B Benjamin Chp Reg Circuit Dpt individuel,,8,17,cold-start,True,LightGBM,crawl-predict:c36a23a6,57ee6e7bee06
2026-05-25T05:55:04,VANILLE,Voir sa fiche,Equifun 40 cm,Club Poney B Benjamin Chp Reg Circuit Dpt individuel,,25,3,cold-start,True,LightGBM,crawl-predict:c36a23a6,4accea9d0019
2026-05-25T05:55:04,SI JOLIE DE ROSSIGNOL,Voir sa fiche,Equifun 40 cm,Club Poney B Benjamin Chp Reg Circuit Dpt individuel,,9,17,cold-start,True,LightGBM,crawl-predict:c36a23a6,78a863972e6c
2026-05-25T05:55:04,JOEME MAGIC DES ILES,Voir sa fiche,Equifun 40 cm,Club Poney B Benjamin Chp Reg Circuit Dpt individuel,,24,6,cold-start,True,LightGBM,crawl-predict:c36a23a6,379b7268fa0e
2026-05-25T05:55:04,OLDTOWN JOAN,Voir sa fiche,Equifun 40 cm,Club Poney B Benjamin Chp Reg Circuit Dpt individuel,,10,17,cold-start,True,LightGBM,crawl-predict:c36a23a6,f548279b7f0a
2026-05-25T05:55:04,EPSILON,Voir sa fiche,Equifun 40 cm,Club Poney B Benjamin Chp Reg Circuit Dpt individuel,,11,17,cold-start,True,LightGBM,crawl-predict:c36a23a6,a82c47d76e5d
2026-05-25T05:55:04,KISS MAGIC DES ILES,Voir sa fiche,Equifun 40 cm,Club Poney B Benjamin Chp Reg Circuit Dpt individuel,,12,17,cold-start,True,LightGBM,crawl-predict:c36a23a6,48ca326c45aa
2026-05-25T05:55:04,ALADIN,Voir sa fiche,Equifun 40 cm,Club Poney B Benjamin Chp Reg Circuit Dpt individuel,,1,19,cold-start,True,LightGBM,crawl-predict:c36a23a6,f603aad5e794
2026-05-25T05:55:04,VANILLE,Voir sa fiche,Equifun 40 cm,Club Poney B Benjamin Chp Reg Circuit Dpt individuel,,26,3,cold-start,True,LightGBM,crawl-predict:c36a23a6,670e10f18ad4
2026-05-25T05:55:04,PITCHOUNE DU RULGOAT,Voir sa fiche,Equifun 40 cm,Club Poney B Benjamin Chp Reg Circuit Dpt individuel,,13,17,cold-start,True,LightGBM,crawl-predict:c36a23a6,60602e76e2e2
2026-05-25T05:55:04,KINGLY DE KERAVEL,Voir sa fiche,Equifun 40 cm,Club Poney B Benjamin Chp Reg Circuit Dpt individuel,,14,17,cold-start,True,LightGBM,crawl-predict:c36a23a6,ee71c68d4508
2026-05-25T05:55:04,ESMERALDA DES ISLES,Voir sa fiche,Equifun 40 cm,Club Poney B Benjamin Chp Reg Circuit Dpt individuel,,15,17,cold-start,True,LightGBM,crawl-predict:c36a23a6,e293fcd58da4
2026-05-25T05:55:04,IZZY BOY DU PETIT BOI,Voir sa fiche,Equifun 40 cm,Club Poney B Benjamin Chp Reg Circuit Dpt individuel,,16,17,cold-start,True,LightGBM,crawl-predict:c36a23a6,eb053e45e0b2
2026-05-25T05:55:04,KIRIKOU,Voir sa fiche,Equifun 40 cm,Club Poney B Benjamin Chp Reg Circuit Dpt individuel,,21,15,cold-start,True,LightGBM,crawl-predict:c36a23a6,f99cb27b3ec9
2026-05-25T05:55:04,GOUACHE DU PETIT BOIS,Voir sa fiche,Equifun 40 cm,Club Poney B Benjamin Chp Reg Circuit Dpt individuel,,17,17,cold-start,True,LightGBM,crawl-predict:c36a23a6,ce3a94f85b7f
2026-05-25T05:55:04,FOX TROT DU PETIT BOI,Voir sa fiche,Equifun 40 cm,Club Poney B Benjamin Chp Reg Circuit Dpt individuel,,18,17,cold-start,True,LightGBM,crawl-predict:c36a23a6,9ad24d5814f4
2026-05-25T05:55:04,KIRIKOU,Voir sa fiche,Equifun 40 cm,Club Poney B Benjamin Chp Reg Circuit Dpt individuel,,22,15,cold-start,True,LightGBM,crawl-predict:c36a23a6,ee7d209dcab3
2026-05-25T05:55:04,ESMERALDA DES ISLES,Voir sa fiche,Equifun 40 cm,Club Poney B Benjamin Chp Reg Circuit Dpt individuel,,19,17,cold-start,True,LightGBM,crawl-predict:c36a23a6,6582a69f6fe9
2026-05-25T05:55:04,ECLIPSE DU ROC,Voir sa fiche,Equifun 40 cm,Club Poney Benjamin Chp Reg Circuit Dpt individuel,,1,17,cold-start,True,LightGBM,crawl-predict:c36a23a6,f94a0bd8ed25
2026-05-25T05:55:04,YAKARI,Voir sa fiche,Equifun 40 cm,Club Poney Benjamin Chp Reg Circuit Dpt individuel,,23,13,cold-start,True,LightGBM,crawl-predict:c36a23a6,6cd51a8c648e
2026-05-25T05:55:04,VAVIT DU BOIS,Voir sa fiche,Equifun 40 cm,Club Poney Benjamin Chp Reg Circuit Dpt individuel,,2,17,cold-start,True,LightGBM,crawl-predict:c36a23a6,026242c2f381
2026-05-25T05:55:04,MANDOLANA,Voir sa fiche,Equifun 40 cm,Club Poney Benjamin Chp Reg Circuit Dpt individuel,,3,17,cold-start,True,LightGBM,crawl-predict:c36a23a6,5b7d2d230b52
2026-05-25T05:55:04,QUATIMINI DES CLOTINS,Voir sa fiche,Equifun 40 cm,Club Poney Benjamin Chp Reg Circuit Dpt individuel,,4,17,cold-start,True,LightGBM,crawl-predict:c36a23a6,e2a440015939
2026-05-25T05:55:04,FAUVETTE,Voir sa fiche,Equifun 40 cm,Club Poney Benjamin Chp Reg Circuit Dpt individuel,,25,3,cold-start,True,LightGBM,crawl-predict:c36a23a6,c035f82075cd
2026-05-25T05:55:04,FANDORA DU TRISKEL,Voir sa fiche,Equifun 40 cm,Club Poney Benjamin Chp Reg Circuit Dpt individuel,,5,17,cold-start,True,LightGBM,crawl-predict:c36a23a6,c5388c816296
2026-05-25T05:55:04,YAKARI,Voir sa fiche,Equifun 40 cm,Club Poney Benjamin Chp Reg Circuit Dpt individuel,,24,13,cold-start,True,LightGBM,crawl-predict:c36a23a6,0b6d6a5c3682
2026-05-25T05:55:04,ECLIPSE DU ROC,Voir sa fiche,Equifun 40 cm,Club Poney Benjamin Chp Reg Circuit Dpt individuel,,6,17,cold-start,True,LightGBM,crawl-predict:c36a23a6,aa8fd3f09d46
2026-05-25T05:55:04,ECLIPSE DU ROC,Voir sa fiche,Equifun 40 cm,Club Poney Benjamin Chp Reg Circuit Dpt individuel,,7,17,cold-start,True,LightGBM,crawl-predict:c36a23a6,b6c816797a20
2026-05-25T05:55:04,LILAS ROSNOEN,Voir sa fiche,Equifun 40 cm,Club Poney Benjamin Chp Reg Circuit Dpt individuel,,8,17,cold-start,True,LightGBM,crawl-predict:c36a23a6,e99030d1629d
2026-05-25T05:55:04,CHOCOLAT DU BEZIAU,Voir sa fiche,Equifun 40 cm,Club Poney Benjamin Chp Reg Circuit Dpt individuel,,9,17,cold-start,True,LightGBM,crawl-predict:c36a23a6,714c770a3b86
2026-05-25T05:55:04,HARIBO DE KERESSEIS,Voir sa fiche,Equifun 40 cm,Club Poney Benjamin Chp Reg Circuit Dpt individuel,,10,17,cold-start,True,LightGBM,crawl-predict:c36a23a6,1891b6b9facc
2026-05-25T05:55:04,INVICTUS D'ARGAN,Voir sa fiche,Equifun 40 cm,Club Poney Benjamin Chp Reg Circuit Dpt individuel,,11,17,cold-start,True,LightGBM,crawl-predict:c36a23a6,5b4d7636b65a
2026-05-25T05:55:04,PRIMTEMP DES DEPORTES,Voir sa fiche,Equifun 40 cm,Club Poney Benjamin Chp Reg Circuit Dpt individuel,,12,17,cold-start,True,LightGBM,crawl-predict:c36a23a6,1e9df33f52d5
2026-05-25T05:55:04,K'FEE INN AR GWELANN,Voir sa fiche,Equifun 40 cm,Club Poney Benjamin Chp Reg Circuit Dpt individuel,,13,17,cold-start,True,LightGBM,crawl-predict:c36a23a6,c3615f68a8cc
2026-05-25T05:55:04,SILVER D'AVEL,Voir sa fiche,Equifun 40 cm,Club Poney Benjamin Chp Reg Circuit Dpt individuel,,14,17,cold-start,True,LightGBM,crawl-predict:c36a23a6,58258780fe66
2026-05-25T05:55:04,OVE AR CRANO,Voir sa fiche,Equifun 40 cm,Club Poney Benjamin Chp Reg Circuit Dpt individuel,,15,17,cold-start,True,LightGBM,crawl-predict:c36a23a6,0323cec2c9b6
2026-05-25T05:55:04,ERMINE,Voir sa fiche,Equifun 40 cm,Club Poney Benjamin Chp Reg Circuit Dpt individuel,,16,17,cold-start,True,LightGBM,crawl-predict:c36a23a6,85a70b5a5e0a
2026-05-25T05:55:04,BONUS DU LOCH,Voir sa fiche,Equifun 40 cm,Club Poney Benjamin Chp Reg Circuit Dpt individuel,,17,17,cold-start,True,LightGBM,crawl-predict:c36a23a6,59f8261b7b6e
2026-05-25T05:55:04,ERMINE,Voir sa fiche,Equifun 40 cm,Club Poney Benjamin Chp Reg Circuit Dpt individuel,,18,17,cold-start,True,LightGBM,crawl-predict:c36a23a6,538081fc5fd1
2026-05-25T05:55:04,BONUS DU LOCH,Voir sa fiche,Equifun 40 cm,Club Poney Benjamin Chp Reg Circuit Dpt individuel,,19,17,cold-start,True,LightGBM,crawl-predict:c36a23a6,4343723a3120
2026-05-25T05:55:04,UPERCUT DE LA POINTE,Voir sa fiche,Equifun 40 cm,Club Poney Benjamin Chp Reg Circuit Dpt individuel,,20,17,cold-start,True,LightGBM,crawl-predict:c36a23a6,cd92fc9228ae
2026-05-25T05:55:04,ADENA,Voir sa fiche,Equifun 40 cm,Club Poney Benjamin Chp Reg Circuit Dpt individuel,,21,17,cold-start,True,LightGBM,crawl-predict:c36a23a6,c13409228959
2026-05-25T05:55:04,UPERCUT DE LA POINTE,Voir sa fiche,Equifun 40 cm,Club Poney Benjamin Chp Reg Circuit Dpt individuel,,22,17,cold-start,True,LightGBM,crawl-predict:c36a23a6,6b8a9a813a63
2026-05-25T05:55:04,CQUINOA DU SHOET,Voir sa fiche,Equifun 50 cm,Club Poney Minime Chp Reg Circuit Dpt individuel,,2,17,cold-start,True,LightGBM,crawl-predict:c36a23a6,0d24fc24a9c3
2026-05-25T05:55:04,NEW HEAVEN,Voir sa fiche,Equifun 50 cm,Club Poney Minime Chp Reg Circuit Dpt individuel,,3,17,cold-start,True,LightGBM,crawl-predict:c36a23a6,8ff83dd60845
2026-05-25T05:55:04,GRIBOUILLE,Voir sa fiche,Equifun 50 cm,Club Poney Minime Chp Reg Circuit Dpt individuel,,1,100,cold-start,True,LightGBM,crawl-predict:c36a23a6,d2fe4f8ca0bb
2026-05-25T05:55:04,VERITY DE QUILLIEN,Voir sa fiche,Equifun 50 cm,Club Poney Minime Chp Reg Circuit Dpt individuel,,4,17,cold-start,True,LightGBM,crawl-predict:c36a23a6,ac3c72c2c8ef
2026-05-25T05:55:04,TIRKA DE BOISSY,Voir sa fiche,Equifun 50 cm,Club Poney Minime Chp Reg Circuit Dpt individuel,,5,17,cold-start,True,LightGBM,crawl-predict:c36a23a6,a0d9d15b5843
2026-05-25T05:55:04,HARIBO DE KERESSEIS,Voir sa fiche,Equifun 50 cm,Club Poney Minime Chp Reg Circuit Dpt individuel,,6,17,cold-start,True,LightGBM,crawl-predict:c36a23a6,2e908c5b47a9
2026-05-25T05:55:04,INVICTUS D'ARGAN,Voir sa fiche,Equifun 50 cm,Club Poney Minime Chp Reg Circuit Dpt individuel,,7,17,cold-start,True,LightGBM,crawl-predict:c36a23a6,7b632435ed02
2026-05-25T05:55:04,EVEREST DE L'AMBRE,Voir sa fiche,Equifun 50 cm,Club Poney Minime Chp Reg Circuit Dpt individuel,,8,17,cold-start,True,LightGBM,crawl-predict:c36a23a6,d108155c3767
2026-05-25T05:55:04,JON DE MATXOENIA,Voir sa fiche,Equifun 50 cm,Club Poney Minime Chp Reg Circuit Dpt individuel,,9,17,cold-start,True,LightGBM,crawl-predict:c36a23a6,d6879a410cfa
2026-05-25T05:55:04,KANTJE'S DALOU,Voir sa fiche,Equifun 50 cm,Club Poney Minime Chp Reg Circuit Dpt individuel,,10,17,cold-start,True,LightGBM,crawl-predict:c36a23a6,6e89be70b6c9
2026-05-25T05:55:04,YAKARI,Voir sa fiche,Equifun 50 cm,Club Poney Minime Chp Reg Circuit Dpt individuel,,32,13,cold-start,True,LightGBM,crawl-predict:c36a23a6,fe504ed63f78
2026-05-25T05:55:04,PRIMTEMP DES DEPORTES,Voir sa fiche,Equifun 50 cm,Club Poney Minime Chp Reg Circuit Dpt individuel,,11,17,cold-start,True,LightGBM,crawl-predict:c36a23a6,b20efc4d0cd0
2026-05-25T05:55:04,QUATIMINI DES CLOTINS,Voir sa fiche,Equifun 50 cm,Club Poney Minime Chp Reg Circuit Dpt individuel,,12,17,cold-start,True,LightGBM,crawl-predict:c36a23a6,36d9aff48abc
2026-05-25T05:55:04,TIRKA DE BOISSY,Voir sa fiche,Equifun 50 cm,Club Poney Minime Chp Reg Circuit Dpt individuel,,13,17,cold-start,True,LightGBM,crawl-predict:c36a23a6,1bcf2cd18a99
2026-05-25T05:55:04,FANDORA DU TRISKEL,Voir sa fiche,Equifun 50 cm,Club Poney Minime Chp Reg Circuit Dpt individuel,,14,17,cold-start,True,LightGBM,crawl-predict:c36a23a6,17923545cec9
2026-05-25T05:55:04,VENISE,Voir sa fiche,Equifun 50 cm,Club Poney Minime Chp Reg Circuit Dpt individuel,,15,17,cold-start,True,LightGBM,crawl-predict:c36a23a6,164c0ed61ecb
2026-05-25T05:55:04,VENISE,Voir sa fiche,Equifun 50 cm,Club Poney Minime Chp Reg Circuit Dpt individuel,,16,17,cold-start,True,LightGBM,crawl-predict:c36a23a6,fd2fda05de80
2026-05-25T05:55:04,OVE AR CRANO,Voir sa fiche,Equifun 50 cm,Club Poney Minime Chp Reg Circuit Dpt individuel,,17,17,cold-start,True,LightGBM,crawl-predict:c36a23a6,376247dd9c8c
2026-05-25T05:55:04,VERITY DE QUILLIEN,Voir sa fiche,Equifun 50 cm,Club Poney Minime Chp Reg Circuit Dpt individuel,,18,17,cold-start,True,LightGBM,crawl-predict:c36a23a6,ed12fdb4ebb8
2026-05-25T05:55:04,KANTJE'S DALOU,Voir sa fiche,Equifun 50 cm,Club Poney Minime Chp Reg Circuit Dpt individuel,,19,17,cold-start,True,LightGBM,crawl-predict:c36a23a6,ce171c6a2342
2026-05-25T05:55:04,OVE AR CRANO,Voir sa fiche,Equifun 50 cm,Club Poney Minime Chp Reg Circuit Dpt individuel,,20,17,cold-start,True,LightGBM,crawl-predict:c36a23a6,438cb7b86ed0
2026-05-25T05:55:04,OLDTOWN JOAN,Voir sa fiche,Equifun 50 cm,Club Poney Minime Chp Reg Circuit Dpt individuel,,21,17,cold-start,True,LightGBM,crawl-predict:c36a23a6,2de1cb753a67
2026-05-25T05:55:04,HARIBO DE KERESSEIS,Voir sa fiche,Equifun 50 cm,Club Poney Minime Chp Reg Circuit Dpt individuel,,22,17,cold-start,True,LightGBM,crawl-predict:c36a23a6,ac91115baebb
2026-05-25T05:55:04,NEW HEAVEN,Voir sa fiche,Equifun 50 cm,Club Poney Minime Chp Reg Circuit Dpt individuel,,23,17,cold-start,True,LightGBM,crawl-predict:c36a23a6,8dc6eb0cf1a6
2026-05-25T05:55:04,EVEREST DE L'AMBRE,Voir sa fiche,Equifun 50 cm,Club Poney Minime Chp Reg Circuit Dpt individuel,,24,17,cold-start,True,LightGBM,crawl-predict:c36a23a6,475a13134c99
2026-05-25T05:55:04,RAVISSANTE,Voir sa fiche,Equifun 50 cm,Club Poney Minime Chp Reg Circuit Dpt individuel,,25,17,cold-start,True,LightGBM,crawl-predict:c36a23a6,d55f4694a91d
2026-05-25T05:55:04,SALSA,Voir sa fiche,Equifun 50 cm,Club Poney Minime Chp Reg Circuit Dpt individuel,,26,17,cold-start,True,LightGBM,crawl-predict:c36a23a6,a5dda9cbd72f
2026-05-25T05:55:04,KIOWA DE CHANTEPIE,Voir sa fiche,Equifun 50 cm,Club Poney Minime Chp Reg Circuit Dpt individuel,,27,17,cold-start,True,LightGBM,crawl-predict:c36a23a6,540d660eee9a
2026-05-25T05:55:04,CHOCOLAT DU BEZIAU,Voir sa fiche,Equifun 50 cm,Club Poney Minime Chp Reg Circuit Dpt individuel,,28,17,cold-start,True,LightGBM,crawl-predict:c36a23a6,acc5a25e4679
2026-05-25T05:55:04,RWAN DU ROZIER,Voir sa fiche,Equifun 50 cm,Club Poney Minime Chp Reg Circuit Dpt individuel,,29,17,cold-start,True,LightGBM,crawl-predict:c36a23a6,551f1c4331ca
2026-05-25T05:55:04,CREAM D'ELPHEN,Voir sa fiche,Equifun 50 cm,Club Poney Minime Chp Reg Circuit Dpt individuel,,30,17,cold-start,True,LightGBM,crawl-predict:c36a23a6,74b0ad32bf25
2026-05-25T05:55:04,TCHACHA,Voir sa fiche,Equifun 50 cm,Club Poney Minime Chp Reg Circuit Dpt individuel,,31,17,cold-start,True,LightGBM,crawl-predict:c36a23a6,d5daa3a690a1
2026-05-25T05:55:04,INDIANA MONTGEOFFROY,Voir sa fiche,Equifun 60 cm,Club Poney Cadet Chp Reg Circuit Dpt individuel,,2,17,cold-start,True,LightGBM,crawl-predict:c36a23a6,38fc709f8163
2026-05-25T05:55:04,FANDORA DU TRISKEL,Voir sa fiche,Equifun 60 cm,Club Poney Cadet Chp Reg Circuit Dpt individuel,,3,17,cold-start,True,LightGBM,crawl-predict:c36a23a6,8cf48c8a0206
2026-05-25T05:55:04,KANTJE'S DALOU,Voir sa fiche,Equifun 60 cm,Club Poney Cadet Chp Reg Circuit Dpt individuel,,4,17,cold-start,True,LightGBM,crawl-predict:c36a23a6,177dd86fe81c
2026-05-25T05:55:04,CHOCOLAT DU BEZIAU,Voir sa fiche,Equifun 60 cm,Club Poney Cadet Chp Reg Circuit Dpt individuel,,5,17,cold-start,True,LightGBM,crawl-predict:c36a23a6,454c79ebd921
2026-05-25T05:55:04,NEW HEAVEN,Voir sa fiche,Equifun 60 cm,Club Poney Cadet Chp Reg Circuit Dpt individuel,,6,17,cold-start,True,LightGBM,crawl-predict:c36a23a6,f29af061aa1f
2026-05-25T05:55:04,GRIBOUILLE,Voir sa fiche,Equifun 60 cm,Club Poney Cadet Chp Reg Circuit Dpt individuel,,1,100,cold-start,True,LightGBM,crawl-predict:c36a23a6,3337a4cca09f
2026-05-25T05:55:04,EVEREST DE L'AMBRE,Voir sa fiche,Equifun 60 cm,Club Poney Cadet Chp Reg Circuit Dpt individuel,,7,17,cold-start,True,LightGBM,crawl-predict:c36a23a6,710f0a3cb099
2026-05-25T05:55:04,ULRICH VON LIZIO,Voir sa fiche,Equifun 60 cm,Club Poney Cadet Chp Reg Circuit Dpt individuel,,8,17,cold-start,True,LightGBM,crawl-predict:c36a23a6,276cf25ed8ce
2026-05-25T05:55:04,TIRKA DE BOISSY,Voir sa fiche,Equifun 70 cm,Club Poney Elite Chp Reg Circuit Dpt individuel,,1,17,cold-start,True,LightGBM,crawl-predict:c36a23a6,c03f0aedfdc1
2026-05-25T05:55:04,CALHYA DES BERTAINES,Voir sa fiche,Equifun 70 cm,Club Poney Elite Chp Reg Circuit Dpt individuel,,2,17,cold-start,True,LightGBM,crawl-predict:c36a23a6,1e793ea6ddf6
2026-05-25T05:55:04,MANDOLANA,Voir sa fiche,Equifun 70 cm,Club Poney Elite Chp Reg Circuit Dpt individuel,,3,17,cold-start,True,LightGBM,crawl-predict:c36a23a6,956881e01086
2026-05-25T05:55:04,HOLA DE STARTUP,Voir sa fiche,Equifun 70 cm,Club Poney Elite Chp Reg Circuit Dpt individuel,,4,17,cold-start,True,LightGBM,crawl-predict:c36a23a6,17516067639c
2026-05-25T05:55:04,INDIANA MONTGEOFFROY,Voir sa fiche,Equifun 60 cm,Club Poney Junior Chp Reg Circuit Dpt individuel,,2,17,cold-start,True,LightGBM,crawl-predict:c36a23a6,f952bb32b650
2026-05-25T05:55:04,GRIBOUILLE,Voir sa fiche,Equifun 60 cm,Club Poney Junior Chp Reg Circuit Dpt individuel,,1,100,cold-start,True,LightGBM,crawl-predict:c36a23a6,d8ce704d398f
2026-05-25T05:55:04,JON DE MATXOENIA,Voir sa fiche,Equifun 60 cm,Club Poney Junior Chp Reg Circuit Dpt individuel,,3,17,cold-start,True,LightGBM,crawl-predict:c36a23a6,62d45602550a
2026-05-25T05:55:04,INVICTUS D'ARGAN,Voir sa fiche,Equifun 60 cm,Club Poney Junior Chp Reg Circuit Dpt individuel,,4,17,cold-start,True,LightGBM,crawl-predict:c36a23a6,e6d5ea4752dd
2026-05-25T05:55:04,SAPHYRA,Voir sa fiche,Equifun 60 cm,Club Chp Reg Circuit Dpt individuel,,1,17,cold-start,True,LightGBM,crawl-predict:c36a23a6,c5917be0df74
2026-05-25T05:55:04,LUNABELLE,Voir sa fiche,Equifun 60 cm,Club Chp Reg Circuit Dpt individuel,,2,17,cold-start,True,LightGBM,crawl-predict:c36a23a6,133f75482ee8
2026-05-25T05:55:04,ULRICH,Voir sa fiche,Equifun 60 cm,Club Chp Reg Circuit Dpt individuel,,3,17,cold-start,True,LightGBM,crawl-predict:c36a23a6,ce138910b757
2026-05-25T05:55:04,RAVISSANTE,Voir sa fiche,Equifun 60 cm,Club Chp Reg Circuit Dpt individuel,,4,17,cold-start,True,LightGBM,crawl-predict:c36a23a6,d718c66872b3
2026-05-25T05:55:04,SAPHYRA,Voir sa fiche,Equifun 60 cm,Club Chp Reg Circuit Dpt individuel,,5,17,cold-start,True,LightGBM,crawl-predict:c36a23a6,355d2f7c451e
2026-05-25T05:55:04,BARANA BOY,Voir sa fiche,Equifun 60 cm,Club Chp Reg Circuit Dpt individuel,,6,17,cold-start,True,LightGBM,crawl-predict:c36a23a6,e1d4c2aef5b4
2026-05-25T05:55:04,FARAH LOVE CHIC,Voir sa fiche,Equifun 60 cm,Club Chp Reg Circuit Dpt individuel,,7,17,cold-start,True,LightGBM,crawl-predict:c36a23a6,fb7b2422db95
2026-05-25T05:55:04,EL NINIO DE KENS,Voir sa fiche,Equifun 60 cm,Club Chp Reg Circuit Dpt individuel,,8,17,cold-start,True,LightGBM,crawl-predict:c36a23a6,302374430e34
2026-05-25T05:55:04,RAMIRO,Voir sa fiche,Equifun 60 cm,Club Chp Reg Circuit Dpt individuel,,9,17,cold-start,True,LightGBM,crawl-predict:c36a23a6,f3d23c6dc5b5
2026-05-25T05:55:04,KIGALI DU THOR,Voir sa fiche,Equifun 60 cm,Club Chp Reg Circuit Dpt individuel,,10,17,cold-start,True,LightGBM,crawl-predict:c36a23a6,b50fed20c913
2026-05-25T05:55:04,KIOWA DE CHANTEPIE,Voir sa fiche,Equifun 60 cm,Club Chp Reg Circuit Dpt individuel,,11,17,cold-start,True,LightGBM,crawl-predict:c36a23a6,e14684ff93c5
2026-05-25T05:55:04,NAOU,Voir sa fiche,Equifun 60 cm,Club Chp Reg Circuit Dpt individuel,,12,17,cold-start,True,LightGBM,crawl-predict:c36a23a6,bdc6ba98c1e7
2026-05-25T05:55:04,ARABESQUE DE LIZIO,Voir sa fiche,Equifun 60 cm,Club Chp Reg Circuit Dpt individuel,,13,17,cold-start,True,LightGBM,crawl-predict:c36a23a6,d1e1df1435e8
2026-05-25T05:55:04,TCHACHA,Voir sa fiche,Equifun 60 cm,Club Chp Reg Circuit Dpt individuel,,14,17,cold-start,True,LightGBM,crawl-predict:c36a23a6,00dfd750dd20
2026-05-25T05:55:04,CAYETANA DE LA POZA,Voir sa fiche,Equifun 70 cm,Club Elite Chp Reg Circuit Dpt individuel,,1,17,cold-start,True,LightGBM,crawl-predict:c36a23a6,b042100acadd
2026-05-25T05:55:04,OKELLE POUNE'S,Voir sa fiche,Equifun 70 cm,Club Elite Chp Reg Circuit Dpt individuel,,2,17,cold-start,True,LightGBM,crawl-predict:c36a23a6,7e5b66289e73
2026-05-25T05:55:04,ULRICH,Voir sa fiche,Equifun 70 cm,Club Elite Chp Reg Circuit Dpt individuel,,3,17,cold-start,True,LightGBM,crawl-predict:c36a23a6,d1453d9cc3e4
2026-05-25T05:55:04,EL NINIO DE KENS,Voir sa fiche,Equifun 70 cm,Club Elite Chp Reg Circuit Dpt individuel,,4,17,cold-start,True,LightGBM,crawl-predict:c36a23a6,12a7e1b1f10c
2026-05-25T05:55:04,GALILEO D'ALERON,Voir sa fiche,Equifun 70 cm,Club Elite Chp Reg Circuit Dpt individuel,,5,17,cold-start,True,LightGBM,crawl-predict:c36a23a6,b2a09cbf2c2d
2026-05-25T05:55:04,HOLA DE STARTUP,Voir sa fiche,Equifun 70 cm,Club Elite Chp Reg Circuit Dpt individuel,,6,17,cold-start,True,LightGBM,crawl-predict:c36a23a6,559873c0694d
2026-05-25T05:55:04,BARANA BOY,Voir sa fiche,Equifun 70 cm,Club Elite Chp Reg Circuit Dpt individuel,,7,17,cold-start,True,LightGBM,crawl-predict:c36a23a6,790f51e7ca25
2026-05-25T05:55:04,ELAN DE LIZIO,Voir sa fiche,Equifun 70 cm,Club Elite Chp Reg Circuit Dpt individuel,,8,17,cold-start,True,LightGBM,crawl-predict:c36a23a6,3e39587906b5
2026-05-25T05:55:04,KINGSTON DE KERAVEL,Voir sa fiche,Equifun 70 cm,Club Elite Chp Reg Circuit Dpt individuel,,9,17,cold-start,True,LightGBM,crawl-predict:c36a23a6,85adf6fe2871
2026-05-25T05:55:04,TRESOR D'UNGARO,Voir sa fiche,Equifun 70 cm,Club Elite Chp Reg Circuit Dpt individuel,,10,17,cold-start,True,LightGBM,crawl-predict:c36a23a6,8fea8f867e4d
2026-05-25T05:55:04,TRESOR D'UNGARO,Voir sa fiche,Equifun 70 cm,Club Elite Chp Reg Circuit Dpt individuel,,11,17,cold-start,True,LightGBM,crawl-predict:c36a23a6,58dc10109017
2026-05-25T05:55:04,RAMIRO,Voir sa fiche,Equifun 70 cm,Club Elite Chp Reg Circuit Dpt individuel,,12,17,cold-start,True,LightGBM,crawl-predict:c36a23a6,0e9d488d0d42
2026-05-25T05:55:04,ONEBOY LOY,Voir sa fiche,Equifun 70 cm,Club Elite Chp Reg Circuit Dpt individuel,,13,17,cold-start,True,LightGBM,crawl-predict:c36a23a6,d10fb793f5c6
2026-05-25T05:55:04,BOY DE LIZIO,Voir sa fiche,Equifun 70 cm,Club Elite Chp Reg Circuit Dpt individuel,,14,17,cold-start,True,LightGBM,crawl-predict:c36a23a6,40d00a873c19
2026-05-25T05:55:04,NORWEGIA,Voir sa fiche,Equifun 70 cm,Club Elite Chp Reg Circuit Dpt individuel,,15,17,cold-start,True,LightGBM,crawl-predict:c36a23a6,3b3d9a5278d4
2026-05-25T05:55:04,ELAN DE LIZIO,Voir sa fiche,Equifun 70 cm,Club Elite Chp Reg Circuit Dpt individuel,,16,17,cold-start,True,LightGBM,crawl-predict:c36a23a6,b26856b779de
2026-05-25T05:55:04,JUNE DU DIX HUIT,Voir sa fiche,Equifun 30 cm,Club A Moustique individuel,,1,100,cold-start,True,LightGBM,crawl-predict:c36a23a6,ea36071b5694
2026-05-25T05:55:04,ATOMIC DU SANON,Voir sa fiche,Equifun 30 cm,Club A Moustique individuel,,2,17,cold-start,True,LightGBM,crawl-predict:c36a23a6,7935e403c9fe
2026-05-25T05:55:04,FANFAN,Voir sa fiche,Equifun 30 cm,Club A Moustique individuel,,3,17,cold-start,True,LightGBM,crawl-predict:c36a23a6,7d77fb9b79a7
2026-05-25T05:55:04,TANIA,Voir sa fiche,Equifun 30 cm,Club A Moustique individuel,,4,17,cold-start,True,LightGBM,crawl-predict:c36a23a6,fed53fb42c22
2026-05-25T05:55:04,GALOPIN DES ROYS,Voir sa fiche,Equifun 30 cm,Club A Poussin individuel,,1,100,cold-start,True,LightGBM,crawl-predict:c36a23a6,1922da98b85f
2026-05-25T05:55:04,ALTESSE DU DRAP D'OR,Voir sa fiche,Equifun 40 cm,Club Poney B Benjamin individuel,,1,17,cold-start,True,LightGBM,crawl-predict:c36a23a6,ab112dfcc28f
2026-05-25T05:55:04,ALTESSE DU CLARON,Voir sa fiche,Equifun 40 cm,Club Poney Benjamin individuel,,1,17,cold-start,True,LightGBM,crawl-predict:c36a23a6,bce5cb3691ce
2026-05-25T05:55:04,UGOLIN DU ROND PRE,Voir sa fiche,Equifun 40 cm,Club Poney Benjamin individuel,,2,17,cold-start,True,LightGBM,crawl-predict:c36a23a6,a4440cd268bb
2026-05-25T05:55:04,JALOUSE DE LA RHUNE,Voir sa fiche,Equifun 50 cm,Club Poney Minime individuel,,1,17,cold-start,True,LightGBM,crawl-predict:c36a23a6,25b521ba5f0d
2026-05-25T05:55:04,QUAPRICE DE LA GROISE,Voir sa fiche,Equifun 50 cm,Club Poney Minime individuel,,2,17,cold-start,True,LightGBM,crawl-predict:c36a23a6,4967bf492afa
2026-05-25T05:55:04,T'CHOUPI,Voir sa fiche,Equifun 30 cm,Club A Moustique Circuit Dpt individuel,,1,17,cold-start,True,LightGBM,crawl-predict:c36a23a6,0ce1b5b82167
2026-05-25T05:55:04,JOJO,Voir sa fiche,Equifun 30 cm,Club A Moustique Circuit Dpt individuel,,2,17,cold-start,True,LightGBM,crawl-predict:c36a23a6,357cc8e794d2
2026-05-25T05:55:04,MILANO PASSIONE,Voir sa fiche,Equifun 30 cm,Club A Poussin Circuit Dpt individuel,,1,17,cold-start,True,LightGBM,crawl-predict:c36a23a6,3520e2e6117d
2026-05-25T05:55:04,BROOKWATER HONEYDEW,Voir sa fiche,Equifun 40 cm,Club Poney B Benjamin Circuit Dpt individuel,,2,19,cold-start,True,LightGBM,crawl-predict:c36a23a6,240e0b3cd38a
2026-05-25T05:55:04,AIDA,Voir sa fiche,Equifun 40 cm,Club Poney B Benjamin Circuit Dpt individuel,,1,23,cold-start,True,LightGBM,crawl-predict:c36a23a6,304b1af4f392
2026-05-25T05:55:04,VASIE,Voir sa fiche,Equifun 40 cm,Club Poney B Benjamin Circuit Dpt individuel,,3,17,cold-start,True,LightGBM,crawl-predict:c36a23a6,c1bea982df22
2026-05-25T05:55:04,GHOST LADY DES ISLES,Voir sa fiche,Equifun 70 cm,Club Poney Elite Circuit Dpt individuel,,1,17,cold-start,True,LightGBM,crawl-predict:c36a23a6,d3593cecc20a
2026-05-25T05:55:04,BAUKE,Voir sa fiche,Equifun 70 cm,Club Poney Elite Circuit Dpt individuel,,2,17,cold-start,True,LightGBM,crawl-predict:c36a23a6,398b0799b491
2026-05-25T05:55:04,HERA DE LAUNAY,Voir sa fiche,Equifun 40 cm,Club Poney Benjamin Circuit Dpt individuel,,1,17,cold-start,True,LightGBM,crawl-predict:c36a23a6,620f2fcf1284
2026-05-25T05:55:04,LUCKY TROVAO,Voir sa fiche,Equifun 70 cm,Club Elite Circuit Dpt individuel,,1,17,cold-start,True,LightGBM,crawl-predict:c36a23a6,27113ad0aec3
2026-05-25T05:55:04,RATHBARRON MOLLY,Voir sa fiche,Equifun 60 cm,Club Circuit Dpt individuel,,1,17,cold-start,True,LightGBM,crawl-predict:c36a23a6,d465883f8683
2026-05-25T05:55:04,DISNEY D'ARQUETAN,Voir sa fiche,Equifun 30 cm,Club A Poussin individuel,,1,17,cold-start,True,LightGBM,crawl-predict:c36a23a6,0e15bec4aa8c
2026-05-25T05:55:04,MEURLINGENOORT'S CHAYENNE,Voir sa fiche,Equifun 40 cm,Club Poney Benjamin individuel,,7,1,cold-start,True,LightGBM,crawl-predict:c36a23a6,eb46e627f783
2026-05-25T05:55:04,FFYNNONBACH BLODYN MAI,Voir sa fiche,Equifun 40 cm,Club Poney Benjamin individuel,,3,17,cold-start,True,LightGBM,crawl-predict:c36a23a6,10eb25ecb34d
2026-05-25T05:55:04,JACINTE,Voir sa fiche,Equifun 40 cm,Club Poney Benjamin individuel,,4,17,cold-start,True,LightGBM,crawl-predict:c36a23a6,7dbf3bed8e02
2026-05-25T05:55:04,CHUPA CHUPS,Voir sa fiche,Equifun 40 cm,Club Poney Benjamin individuel,,1,100,cold-start,True,LightGBM,crawl-predict:c36a23a6,4581b8793efa
2026-05-25T05:55:04,PRUNELLE,Voir sa fiche,Equifun 40 cm,Club Poney Benjamin individuel,,5,17,cold-start,True,LightGBM,crawl-predict:c36a23a6,9a96d4912b75
2026-05-25T05:55:04,CEFNFEDW SEREN BELLA,Voir sa fiche,Equifun 40 cm,Club Poney Benjamin individuel,,6,17,cold-start,True,LightGBM,crawl-predict:c36a23a6,b33f29293113
2026-05-25T05:55:04,CHUPA CHUPS,Voir sa fiche,Equifun 40 cm,Club Poney Benjamin individuel,,2,100,cold-start,True,LightGBM,crawl-predict:c36a23a6,f4ddf48d4a25
2026-05-25T05:55:04,ECRIN,Voir sa fiche,Equifun 60 cm,Club Poney Cadet individuel,,11,2,cold-start,True,LightGBM,crawl-predict:c36a23a6,060666376199
2026-05-25T05:55:04,EXPRESSO,Voir sa fiche,Equifun 60 cm,Club Poney Cadet individuel,,1,100,cold-start,True,LightGBM,crawl-predict:c36a23a6,9b1c5fa4946b
2026-05-25T05:55:04,ROSALIE DU JARDIN,Voir sa fiche,Equifun 60 cm,Club Poney Cadet individuel,,2,17,cold-start,True,LightGBM,crawl-predict:c36a23a6,3b8c5248d93b
2026-05-25T05:55:04,ROSALIE DU JARDIN,Voir sa fiche,Equifun 60 cm,Club Poney Cadet individuel,,3,17,cold-start,True,LightGBM,crawl-predict:c36a23a6,7bb4b43a2b35
2026-05-25T05:55:04,ROSSHILL EDDY,Voir sa fiche,Equifun 60 cm,Club Poney Cadet individuel,,10,6,cold-start,True,LightGBM,crawl-predict:c36a23a6,807f95080240
2026-05-25T05:55:04,IMAGE DU JOFFROIS,Voir sa fiche,Equifun 60 cm,Club Poney Cadet individuel,,4,17,cold-start,True,LightGBM,crawl-predict:c36a23a6,1cfac1feaf09
2026-05-25T05:55:04,FRIPON,Voir sa fiche,Equifun 60 cm,Club Poney Cadet individuel,,5,17,cold-start,True,LightGBM,crawl-predict:c36a23a6,1773fe60c1ee
2026-05-25T05:55:04,KARIE DE BELLEFIOLE,Voir sa fiche,Equifun 60 cm,Club Poney Cadet individuel,,6,17,cold-start,True,LightGBM,crawl-predict:c36a23a6,8cd4bf758ebd
2026-05-25T05:55:04,BIANCA DE L'ETAPE,Voir sa fiche,Equifun 60 cm,Club Poney Cadet individuel,,7,17,cold-start,True,LightGBM,crawl-predict:c36a23a6,97c5915b2b56
2026-05-25T05:55:04,CELESTIN,Voir sa fiche,Equifun 60 cm,Club Poney Cadet individuel,,8,17,cold-start,True,LightGBM,crawl-predict:c36a23a6,fa4d0560806a
2026-05-25T05:55:04,FLOYD LOOF,Voir sa fiche,Equifun 60 cm,Club Poney Cadet individuel,,9,17,cold-start,True,LightGBM,crawl-predict:c36a23a6,b0d61bd72c58
2026-05-25T05:55:04,CELESTIN,Voir sa fiche,Equifun 60 cm,Club Poney Junior individuel,,1,17,cold-start,True,LightGBM,crawl-predict:c36a23a6,17a6dc8941f2
2026-05-25T05:55:04,COLL DE COUX,Voir sa fiche,Equifun 60 cm,Club Poney Junior individuel,,2,17,cold-start,True,LightGBM,crawl-predict:c36a23a6,1d78d37128a1
2026-05-25T05:55:04,IMAGE DU JOFFROIS,Voir sa fiche,Equifun 50 cm,Club Poney Minime individuel,,1,17,cold-start,True,LightGBM,crawl-predict:c36a23a6,9e7990803093
2026-05-25T05:55:04,MEURLINGENOORT'S CHAYENNE,Voir sa fiche,Equifun 50 cm,Club Poney Minime individuel,,8,1,cold-start,True,LightGBM,crawl-predict:c36a23a6,642aaeaece8d
2026-05-25T05:55:04,ROSSHILL EDDY,Voir sa fiche,Equifun 50 cm,Club Poney Minime individuel,,6,6,cold-start,True,LightGBM,crawl-predict:c36a23a6,7d2a57bd2279
2026-05-25T05:55:04,ECRIN,Voir sa fiche,Equifun 50 cm,Club Poney Minime individuel,,7,2,cold-start,True,LightGBM,crawl-predict:c36a23a6,e0f1a6f2a8e6
2026-05-25T05:55:04,BIANCA DE L'ETAPE,Voir sa fiche,Equifun 50 cm,Club Poney Minime individuel,,2,17,cold-start,True,LightGBM,crawl-predict:c36a23a6,87d58d3e6942
2026-05-25T05:55:04,UPLA BOOM,Voir sa fiche,Equifun 50 cm,Club Poney Minime individuel,,3,17,cold-start,True,LightGBM,crawl-predict:c36a23a6,ad01ff11840c
2026-05-25T05:55:04,KARIE DE BELLEFIOLE,Voir sa fiche,Equifun 50 cm,Club Poney Minime individuel,,4,17,cold-start,True,LightGBM,crawl-predict:c36a23a6,16608e782fa0
2026-05-25T05:55:04,VICTOIRE DES BARATS,Voir sa fiche,Equifun 50 cm,Club Poney Minime individuel,,5,17,cold-start,True,LightGBM,crawl-predict:c36a23a6,55af80cb22a1
2026-05-25T05:55:04,SASHA GE,Voir sa fiche,Equifun 60 cm,Club individuel,,3,17,cold-start,True,LightGBM,crawl-predict:c36a23a6,c95eda6980fb
2026-05-25T05:55:04,GOTHAM DU VAL,Voir sa fiche,Equifun 60 cm,Club individuel,,4,17,cold-start,True,LightGBM,crawl-predict:c36a23a6,03a8866791a2
2026-05-25T05:55:04,MYRTILLE,Voir sa fiche,Equifun 60 cm,Club individuel,,1,100,cold-start,True,LightGBM,crawl-predict:c36a23a6,4b0788797987
2026-05-25T05:55:04,COLL DE COUX,Voir sa fiche,Equifun 60 cm,Club individuel,,5,17,cold-start,True,LightGBM,crawl-predict:c36a23a6,f3afad4a68f5
2026-05-25T05:55:04,VAINQUEUR DE DOUIT,Voir sa fiche,Equifun 60 cm,Club individuel,,6,17,cold-start,True,LightGBM,crawl-predict:c36a23a6,18521d9a2a03
2026-05-25T05:55:04,FLOYD LOOF,Voir sa fiche,Equifun 60 cm,Club individuel,,7,17,cold-start,True,LightGBM,crawl-predict:c36a23a6,8b5fd870fb93
2026-05-25T05:55:04,EXPRESSO,Voir sa fiche,Equifun 60 cm,Club individuel,,2,100,cold-start,True,LightGBM,crawl-predict:c36a23a6,0dec66b24ea5
2026-05-25T05:55:04,FEROE,Voir sa fiche,Equifun 70 cm,Club Elite individuel,,1,17,cold-start,True,LightGBM,crawl-predict:c36a23a6,28ec7036eabd
2026-05-25T05:55:04,KEEN FAIRY TALE,Voir sa fiche,Equifun 70 cm,Club Elite individuel,,2,17,cold-start,True,LightGBM,crawl-predict:c36a23a6,6955be75887b
2026-05-25T05:55:04,SANLUQUENO,Voir sa fiche,Equifun 70 cm,Club Elite individuel,,3,17,cold-start,True,LightGBM,crawl-predict:c36a23a6,65f399eba192
2026-05-25T05:55:04,HIP HOP II,Voir sa fiche,Equifun 70 cm,Club Elite individuel,,4,17,cold-start,True,LightGBM,crawl-predict:c36a23a6,a9e7a46751b1
2026-05-25T05:55:04,HARISTO ARISTO AA,Voir sa fiche,Equifun 70 cm,Club Elite individuel,,5,17,cold-start,True,LightGBM,crawl-predict:c36a23a6,0ff45d3cc71c
2026-05-25T05:55:04,LUCKY DE MAY,Voir sa fiche,Equifun 70 cm,Club Elite individuel,,6,17,cold-start,True,LightGBM,crawl-predict:c36a23a6,c6e7d01b8d8e
2026-05-25T05:55:04,SASHA GE,Voir sa fiche,Equifun 70 cm,Club Elite équipe,,2,17,cold-start,True,LightGBM,crawl-predict:c36a23a6,95baad2c7cea
2026-05-25T05:55:04,VAINQUEUR DE DOUIT,Voir sa fiche,Equifun 70 cm,Club Elite équipe,,3,17,cold-start,True,LightGBM,crawl-predict:c36a23a6,8a9f57aa1962
2026-05-25T05:55:04,GOTHAM DU VAL,Voir sa fiche,Equifun 70 cm,Club Elite équipe,,4,17,cold-start,True,LightGBM,crawl-predict:c36a23a6,9eb96acdbb22
2026-05-25T05:55:04,SANLUQUENO,Voir sa fiche,Equifun 70 cm,Club Elite équipe,,5,17,cold-start,True,LightGBM,crawl-predict:c36a23a6,483d74866531
2026-05-25T05:55:04,KEEN FAIRY TALE,Voir sa fiche,Equifun 70 cm,Club Elite équipe,,6,17,cold-start,True,LightGBM,crawl-predict:c36a23a6,3fee1863102f
2026-05-25T05:55:04,MYRTILLE,Voir sa fiche,Equifun 70 cm,Club Elite équipe,,1,100,cold-start,True,LightGBM,crawl-predict:c36a23a6,bc28a3a28375
2026-05-25T05:55:04,HIP HOP II,Voir sa fiche,Equifun 70 cm,Club Elite équipe,,7,17,cold-start,True,LightGBM,crawl-predict:c36a23a6,ecdfc444675a
2026-05-25T05:55:04,HARISTO ARISTO AA,Voir sa fiche,Equifun 70 cm,Club Elite équipe,,8,17,cold-start,True,LightGBM,crawl-predict:c36a23a6,e6357ae2417c
2026-05-25T05:55:04,QUEL DES ALLEUDS,Voir sa fiche,Equifun 70 cm,Club Elite équipe,,9,17,cold-start,True,LightGBM,crawl-predict:c36a23a6,548c8caf0ef4
2026-05-25T05:55:04,FRIPON,Voir sa fiche,Equifun 70 cm,Club Elite équipe,,10,17,cold-start,True,LightGBM,crawl-predict:c36a23a6,b53f99cc43ec
2026-05-25T05:55:04,FEROE,Voir sa fiche,Equifun 70 cm,Club Elite équipe,,11,17,cold-start,True,LightGBM,crawl-predict:c36a23a6,699b81d0b29a
2026-05-25T05:55:04,LUCKY DE MAY,Voir sa fiche,Equifun 70 cm,Club Elite équipe,,12,17,cold-start,True,LightGBM,crawl-predict:c36a23a6,a2f2e7f33ef4
2026-05-25T05:55:04,FFYNNONBACH BLODYN MAI,Voir sa fiche,Equifun 40 cm,Club Poney B Benjamin individuel,,2,17,cold-start,True,LightGBM,crawl-predict:c36a23a6,adca1a9530d0
2026-05-25T05:55:04,FFYNNONBACH BLODYN MAI,Voir sa fiche,Equifun 40 cm,Club Poney B Benjamin individuel,,3,17,cold-start,True,LightGBM,crawl-predict:c36a23a6,d7248fa42ef9
2026-05-25T05:55:04,CEFNFEDW SEREN BELLA,Voir sa fiche,Equifun 40 cm,Club Poney B Benjamin individuel,,4,17,cold-start,True,LightGBM,crawl-predict:c36a23a6,77e65030be69
2026-05-25T05:55:04,CHUPA CHUPS,Voir sa fiche,Equifun 40 cm,Club Poney B Benjamin individuel,,1,100,cold-start,True,LightGBM,crawl-predict:c36a23a6,842e888fde09
2026-05-25T05:55:04,DISNEY D'ARQUETAN,Voir sa fiche,Equifun 40 cm,Club Poney B Benjamin individuel,,5,17,cold-start,True,LightGBM,crawl-predict:c36a23a6,4e2fd655101e
2026-05-25T05:55:04,PRUNELLE,Voir sa fiche,Equifun 40 cm,Club Poney B Benjamin individuel,,6,17,cold-start,True,LightGBM,crawl-predict:c36a23a6,e461d493a125
2026-05-25T05:55:04,CHOCOLAT,Voir sa fiche,Equifun 30 cm,Club A Moustique Circuit Dpt individuel,,1,100,cold-start,True,LightGBM,crawl-predict:c36a23a6,ff6ffc767c67
2026-05-25T05:55:04,ELLIOT DE TEMME,Voir sa fiche,Equifun 30 cm,Club A Poussin Circuit Dpt individuel,,1,100,cold-start,True,LightGBM,crawl-predict:c36a23a6,345863a7e95f
2026-05-25T05:55:04,BRINDILLE,Voir sa fiche,Equifun 30 cm,Club A Poussin Circuit Dpt individuel,,2,17,cold-start,True,LightGBM,crawl-predict:c36a23a6,be2352903cf2
2026-05-25T05:55:04,ELDORADO,Voir sa fiche,Equifun 40 cm,Club Poney B Benjamin Circuit Dpt individuel,,1,17,cold-start,True,LightGBM,crawl-predict:c36a23a6,74afd6d355e6
2026-05-25T05:55:04,UHLAN DE LA CROIX,Voir sa fiche,Equifun 60 cm,Club Poney Cadet Circuit Dpt individuel,,1,100,cold-start,True,LightGBM,crawl-predict:c36a23a6,020181155a65
2026-05-25T05:55:04,PHENYX DE MONCHEAUX,Voir sa fiche,Equifun 70 cm,Club Elite Circuit Dpt individuel,,1,17,cold-start,True,LightGBM,crawl-predict:c36a23a6,c48164558b99
2026-05-25T05:55:04,EASY JUMP DU VAL,Voir sa fiche,Equifun 70 cm,Club Elite Circuit Dpt individuel,,2,17,cold-start,True,LightGBM,crawl-predict:c36a23a6,e86ef28f98bb
2026-05-25T05:55:04,ISIS DU GEVAUDAN,Voir sa fiche,Equifun 70 cm,Club Elite Circuit Dpt individuel,,3,17,cold-start,True,LightGBM,crawl-predict:c36a23a6,0b4b3b54341d
2026-05-25T05:55:04,BAZARUTO,Voir sa fiche,Equifun 60 cm,Club Circuit Dpt individuel,,1,17,cold-start,True,LightGBM,crawl-predict:c36a23a6,a452f5c3274a
2026-05-25T05:55:04,GLADOUILLE,Voir sa fiche,Equifun 70 cm,Club Elite Circuit Dpt équipe,,1,17,cold-start,True,LightGBM,crawl-predict:c36a23a6,b40dd8e6037d
2026-05-25T05:55:04,UNE DE L'INRA,Voir sa fiche,Equifun 70 cm,Club Elite Circuit Dpt équipe,,2,17,cold-start,True,LightGBM,crawl-predict:c36a23a6,fd85e0199b65
2026-05-25T05:55:04,VENUE DE LA BORDERIE,Voir sa fiche,Equifun 70 cm,Club Elite Circuit Dpt équipe,,3,17,cold-start,True,LightGBM,crawl-predict:c36a23a6,284fceb6af86
2026-05-25T05:55:04,BAZARUTO,Voir sa fiche,Equifun 70 cm,Club Elite Circuit Dpt équipe,,4,17,cold-start,True,LightGBM,crawl-predict:c36a23a6,6dbe2e8e27ed
2026-05-25T05:55:04,ESQUIMEAU,Voir sa fiche,Equifun 30 cm,Club A Moustique Circuit Dpt individuel,,1,17,cold-start,True,LightGBM,crawl-predict:c36a23a6,1a51aea2790c
2026-05-25T05:55:04,KAMIEL VD GEERSHOF,Voir sa fiche,Equifun 30 cm,Club A Moustique Circuit Dpt individuel,,2,17,cold-start,True,LightGBM,crawl-predict:c36a23a6,07383b600dec
2026-05-25T05:55:04,KAMIEL VD GEERSHOF,Voir sa fiche,Equifun 30 cm,Club A Moustique Circuit Dpt individuel,,3,17,cold-start,True,LightGBM,crawl-predict:c36a23a6,22b92551453a
2026-05-25T05:55:04,KAMIEL VD GEERSHOF,Voir sa fiche,Equifun 30 cm,Club A Moustique Circuit Dpt individuel,,4,17,cold-start,True,LightGBM,crawl-predict:c36a23a6,887d58db8e0d
2026-05-25T05:55:04,JUPITER DES BLEUETS,Voir sa fiche,Equifun 30 cm,Club A Moustique Circuit Dpt individuel,,5,17,cold-start,True,LightGBM,crawl-predict:c36a23a6,08be1f17371f
2026-05-25T05:55:04,ESQUIMEAU,Voir sa fiche,Equifun 30 cm,Club A Moustique Circuit Dpt individuel,,6,17,cold-start,True,LightGBM,crawl-predict:c36a23a6,00a2a9e60231
2026-05-25T05:55:04,FRAMBOISE,Voir sa fiche,Equifun 30 cm,Club A Moustique Circuit Dpt individuel,,7,17,cold-start,True,LightGBM,crawl-predict:c36a23a6,c097fd3cb692
2026-05-25T05:55:04,PETER V.D.BOESJES,Voir sa fiche,Equifun 30 cm,Club A Poussin Circuit Dpt individuel,,2,17,cold-start,True,LightGBM,crawl-predict:c36a23a6,d830bfa431d4
2026-05-25T05:55:04,CALINE,Voir sa fiche,Equifun 30 cm,Club A Poussin Circuit Dpt individuel,,1,100,cold-start,True,LightGBM,crawl-predict:c36a23a6,b0cff8fb117d
2026-05-25T05:55:04,EASY RIDER DE TID,Voir sa fiche,Equifun 40 cm,Club Poney B Benjamin Circuit Dpt individuel,,6,17,cold-start,True,LightGBM,crawl-predict:c36a23a6,67eb6a1e8133
2026-05-25T05:55:04,FABULEUSE,Voir sa fiche,Equifun 40 cm,Club Poney B Benjamin Circuit Dpt individuel,,7,17,cold-start,True,LightGBM,crawl-predict:c36a23a6,2ece98b211e2
2026-05-25T05:55:04,BOSTAR DE LA VELIONE,Voir sa fiche,Equifun 40 cm,Club Poney B Benjamin Circuit Dpt individuel,,8,17,cold-start,True,LightGBM,crawl-predict:c36a23a6,cfd4c04a91e7
2026-05-25T05:55:04,VENUS,Voir sa fiche,Equifun 40 cm,Club Poney B Benjamin Circuit Dpt individuel,,1,100,cold-start,True,LightGBM,crawl-predict:c36a23a6,0c1a7bd20257
2026-05-25T05:55:04,THEBES DE L'ORME BRULE,Voir sa fiche,Equifun 40 cm,Club Poney B Benjamin Circuit Dpt individuel,,9,17,cold-start,True,LightGBM,crawl-predict:c36a23a6,740700eb8c7b
2026-05-25T05:55:04,BOSTAR DE LA VELIONE,Voir sa fiche,Equifun 40 cm,Club Poney B Benjamin Circuit Dpt individuel,,10,17,cold-start,True,LightGBM,crawl-predict:c36a23a6,cd8710848db6
2026-05-25T05:55:04,VENUS,Voir sa fiche,Equifun 40 cm,Club Poney B Benjamin Circuit Dpt individuel,,2,100,cold-start,True,LightGBM,crawl-predict:c36a23a6,253a6f045000
2026-05-25T05:55:04,THEBES DE L'ORME BRULE,Voir sa fiche,Equifun 40 cm,Club Poney B Benjamin Circuit Dpt individuel,,11,17,cold-start,True,LightGBM,crawl-predict:c36a23a6,5b709661546f
2026-05-25T05:55:04,GUISMO,Voir sa fiche,Equifun 40 cm,Club Poney B Benjamin Circuit Dpt individuel,,12,17,cold-start,True,LightGBM,crawl-predict:c36a23a6,c4356e9897c5
2026-05-25T05:55:04,GLANGWNA GOLDILOCKS,Voir sa fiche,Equifun 40 cm,Club Poney B Benjamin Circuit Dpt individuel,,13,17,cold-start,True,LightGBM,crawl-predict:c36a23a6,c7bbd1f81c0d
2026-05-25T05:55:04,BISCOTTE DES PINS,Voir sa fiche,Equifun 40 cm,Club Poney B Benjamin Circuit Dpt individuel,,14,17,cold-start,True,LightGBM,crawl-predict:c36a23a6,4e9df1087c6a
2026-05-25T05:55:04,EASY RIDER DE TID,Voir sa fiche,Equifun 40 cm,Club Poney B Benjamin Circuit Dpt individuel,,15,17,cold-start,True,LightGBM,crawl-predict:c36a23a6,6941376598d5
2026-05-25T05:55:04,PETER V.D.BOESJES,Voir sa fiche,Equifun 40 cm,Club Poney B Benjamin Circuit Dpt individuel,,16,17,cold-start,True,LightGBM,crawl-predict:c36a23a6,596989b1541b
2026-05-25T05:55:04,THEBES DE L'ORME BRULE,Voir sa fiche,Equifun 40 cm,Club Poney B Benjamin Circuit Dpt individuel,,17,17,cold-start,True,LightGBM,crawl-predict:c36a23a6,6cda975c6727
2026-05-25T05:55:04,VENUS,Voir sa fiche,Equifun 40 cm,Club Poney B Benjamin Circuit Dpt individuel,,3,100,cold-start,True,LightGBM,crawl-predict:c36a23a6,7b3df9374e92
2026-05-25T05:55:04,JASMINE D'URANIE,Voir sa fiche,Equifun 40 cm,Club Poney B Benjamin Circuit Dpt individuel,,18,17,cold-start,True,LightGBM,crawl-predict:c36a23a6,6b5dd6f612f6
2026-05-25T05:55:04,DARTAGNAN DES PINS,Voir sa fiche,Equifun 40 cm,Club Poney B Benjamin Circuit Dpt individuel,,4,22,cold-start,True,LightGBM,crawl-predict:c36a23a6,ae370ae4973b
2026-05-25T05:55:04,EMMA,Voir sa fiche,Equifun 40 cm,Club Poney B Benjamin Circuit Dpt individuel,,5,20,cold-start,True,LightGBM,crawl-predict:c36a23a6,473ad8630fde
2026-05-25T05:55:04,VLADIMIR,Voir sa fiche,Equifun 40 cm,Club Poney B Benjamin Circuit Dpt individuel,,19,17,cold-start,True,LightGBM,crawl-predict:c36a23a6,c3bec6d76353
2026-05-25T05:55:04,FABULEUSE,Voir sa fiche,Equifun 40 cm,Club Poney B Benjamin Circuit Dpt individuel,,20,17,cold-start,True,LightGBM,crawl-predict:c36a23a6,4f87bc658a82
2026-05-25T05:55:04,GLANGWNA GOLDILOCKS,Voir sa fiche,Equifun 40 cm,Club Poney B Benjamin Circuit Dpt individuel,,21,17,cold-start,True,LightGBM,crawl-predict:c36a23a6,5bcb4937ac4f
2026-05-25T05:55:04,EMIR DU NABERON,Voir sa fiche,Equifun 40 cm,Club Poney B Benjamin Circuit Dpt individuel,,22,17,cold-start,True,LightGBM,crawl-predict:c36a23a6,a4a1d0b928b8
2026-05-25T05:55:04,JUPITER DES BLEUETS,Voir sa fiche,Equifun 40 cm,Club Poney B Benjamin Circuit Dpt individuel,,23,17,cold-start,True,LightGBM,crawl-predict:c36a23a6,10111b08a11a
2026-05-25T05:55:04,LYCAON D'ARQUETAN,Voir sa fiche,Equifun 40 cm,Club Poney B Benjamin Circuit Dpt individuel,,24,17,cold-start,True,LightGBM,crawl-predict:c36a23a6,5c8f7820c5ff
2026-05-25T05:55:04,BOSTAR DE LA VELIONE,Voir sa fiche,Equifun 40 cm,Club Poney B Benjamin Circuit Dpt individuel,,25,17,cold-start,True,LightGBM,crawl-predict:c36a23a6,91cd90c0a700
2026-05-25T05:55:04,HIRONDELLE,Voir sa fiche,Equifun 40 cm,Club Poney B Benjamin Circuit Dpt individuel,,26,17,cold-start,True,LightGBM,crawl-predict:c36a23a6,3b5978c11052
2026-05-25T05:55:04,UXELLE,Voir sa fiche,Equifun 40 cm,Club Poney B Benjamin Circuit Dpt individuel,,27,17,cold-start,True,LightGBM,crawl-predict:c36a23a6,29e7febb1cf8
2026-05-25T05:55:04,ICEBERG DE MESNES,Voir sa fiche,Equifun 40 cm,Club Poney B Benjamin Circuit Dpt individuel,,28,17,cold-start,True,LightGBM,crawl-predict:c36a23a6,0f0dd8dd5179
2026-05-25T05:55:04,ICEBERG DE MESNES,Voir sa fiche,Equifun 40 cm,Club Poney B Benjamin Circuit Dpt individuel,,29,17,cold-start,True,LightGBM,crawl-predict:c36a23a6,c223cbd81eb4
2026-05-25T05:55:04,ICEBERG DE MESNES,Voir sa fiche,Equifun 40 cm,Club Poney B Benjamin Circuit Dpt individuel,,30,17,cold-start,True,LightGBM,crawl-predict:c36a23a6,6459b6da8818
2026-05-25T05:55:04,EMIR DU NABERON,Voir sa fiche,Equifun 40 cm,Club Poney B Benjamin Circuit Dpt individuel,,31,17,cold-start,True,LightGBM,crawl-predict:c36a23a6,51e0e3e7bc64
2026-05-25T05:55:04,VLADIMIR,Voir sa fiche,Equifun 40 cm,Club Poney B Benjamin Circuit Dpt individuel,,32,17,cold-start,True,LightGBM,crawl-predict:c36a23a6,a8a5f712f305
2026-05-25T05:55:04,DARTAGNAN DES PINS,Voir sa fiche,Equifun 40 cm,Club Poney Benjamin Circuit Dpt individuel,,1,22,cold-start,True,LightGBM,crawl-predict:c36a23a6,4454f2c8522b
2026-05-25T05:55:04,SCARLET,Voir sa fiche,Equifun 40 cm,Club Poney Benjamin Circuit Dpt individuel,,7,11,cold-start,True,LightGBM,crawl-predict:c36a23a6,1e0825b8b011
2026-05-25T05:55:04,EMMA,Voir sa fiche,Equifun 40 cm,Club Poney Benjamin Circuit Dpt individuel,,2,20,cold-start,True,LightGBM,crawl-predict:c36a23a6,10edb0a13702
2026-05-25T05:55:04,SCARLET,Voir sa fiche,Equifun 40 cm,Club Poney Benjamin Circuit Dpt individuel,,8,11,cold-start,True,LightGBM,crawl-predict:c36a23a6,f4c557a58967
2026-05-25T05:55:04,DERRIVANE DUN,Voir sa fiche,Equifun 40 cm,Club Poney Benjamin Circuit Dpt individuel,,3,17,cold-start,True,LightGBM,crawl-predict:c36a23a6,f8e4a77409b6
2026-05-25T05:55:04,GLANGWNA GOLDILOCKS,Voir sa fiche,Equifun 40 cm,Club Poney Benjamin Circuit Dpt individuel,,4,17,cold-start,True,LightGBM,crawl-predict:c36a23a6,4b4878db0d6c
2026-05-25T05:55:04,DERRIVANE DUN,Voir sa fiche,Equifun 40 cm,Club Poney Benjamin Circuit Dpt individuel,,5,17,cold-start,True,LightGBM,crawl-predict:c36a23a6,350df7394a16
2026-05-25T05:55:04,BISCOTTE DES PINS,Voir sa fiche,Equifun 40 cm,Club Poney Benjamin Circuit Dpt individuel,,6,17,cold-start,True,LightGBM,crawl-predict:c36a23a6,abb4894d5b5b
2026-05-25T05:55:04,ICE D'ESNES,Voir sa fiche,Equifun 60 cm,Club Poney Cadet Circuit Dpt individuel,,1,3,cold-start,True,LightGBM,crawl-predict:c36a23a6,52f8a34a9637
2026-05-25T05:55:04,VIREVOLT DES PINS,Voir sa fiche,Equifun 50 cm,Club Poney Minime Circuit Dpt individuel,,7,17,cold-start,True,LightGBM,crawl-predict:c36a23a6,877aa6ac9a0f
2026-05-25T05:55:04,ERISTOFF DE CATCE,Voir sa fiche,Equifun 50 cm,Club Poney Minime Circuit Dpt individuel,,1,43,cold-start,True,LightGBM,crawl-predict:c36a23a6,50bf978a1670
2026-05-25T05:55:04,VIREVOLT DES PINS,Voir sa fiche,Equifun 50 cm,Club Poney Minime Circuit Dpt individuel,,8,17,cold-start,True,LightGBM,crawl-predict:c36a23a6,edd02388d944
2026-05-25T05:55:04,SCARLET,Voir sa fiche,Equifun 50 cm,Club Poney Minime Circuit Dpt individuel,,14,11,cold-start,True,LightGBM,crawl-predict:c36a23a6,955897f788f5
2026-05-25T05:55:04,ERISTOFF DE CATCE,Voir sa fiche,Equifun 50 cm,Club Poney Minime Circuit Dpt individuel,,2,43,cold-start,True,LightGBM,crawl-predict:c36a23a6,8c09f027a2bb
2026-05-25T05:55:04,UGO DES ALLEUDS,Voir sa fiche,Equifun 50 cm,Club Poney Minime Circuit Dpt individuel,,5,19,cold-start,True,LightGBM,crawl-predict:c36a23a6,333bf04d8886
2026-05-25T05:55:04,DERRIVANE DUN,Voir sa fiche,Equifun 50 cm,Club Poney Minime Circuit Dpt individuel,,9,17,cold-start,True,LightGBM,crawl-predict:c36a23a6,4f9f951604d9
2026-05-25T05:55:04,UGO DES ALLEUDS,Voir sa fiche,Equifun 50 cm,Club Poney Minime Circuit Dpt individuel,,6,19,cold-start,True,LightGBM,crawl-predict:c36a23a6,61307090bcf6
2026-05-25T05:55:04,ICE D'ESNES,Voir sa fiche,Equifun 50 cm,Club Poney Minime Circuit Dpt individuel,,15,3,cold-start,True,LightGBM,crawl-predict:c36a23a6,94f13b359ef7
2026-05-25T05:55:04,TONNERRE,Voir sa fiche,Equifun 50 cm,Club Poney Minime Circuit Dpt individuel,,3,20,cold-start,True,LightGBM,crawl-predict:c36a23a6,56b1561ae607
2026-05-25T05:55:04,VVELL WAZH TARTIFUME,Voir sa fiche,Equifun 50 cm,Club Poney Minime Circuit Dpt individuel,,10,17,cold-start,True,LightGBM,crawl-predict:c36a23a6,ad60c80aa7f2
2026-05-25T05:55:04,TONNERRE,Voir sa fiche,Equifun 50 cm,Club Poney Minime Circuit Dpt individuel,,4,20,cold-start,True,LightGBM,crawl-predict:c36a23a6,f3975f283d37
2026-05-25T05:55:04,VVELL WAZH TARTIFUME,Voir sa fiche,Equifun 50 cm,Club Poney Minime Circuit Dpt individuel,,11,17,cold-start,True,LightGBM,crawl-predict:c36a23a6,e1847b1ddd3e
2026-05-25T05:55:04,CLOGHEEN FAT CHANCE,Voir sa fiche,Equifun 50 cm,Club Poney Minime Circuit Dpt individuel,,12,17,cold-start,True,LightGBM,crawl-predict:c36a23a6,e2175ce2a97f
2026-05-25T05:55:04,CLOGHEEN FAT CHANCE,Voir sa fiche,Equifun 50 cm,Club Poney Minime Circuit Dpt individuel,,13,17,cold-start,True,LightGBM,crawl-predict:c36a23a6,43e9ea47f8d6
2026-05-25T05:55:04,ETOILE,Voir sa fiche,Equifun 40 cm,Club Poney B Benjamin Circuit Dpt individuel,,9,4,cold-start,True,LightGBM,crawl-predict:c36a23a6,6d7d3ae7c406
2026-05-25T05:55:04,PANACHE,Voir sa fiche,Equifun 40 cm,Club Poney B Benjamin Circuit Dpt individuel,,1,59,cold-start,True,LightGBM,crawl-predict:c36a23a6,bdf251ba277c
2026-05-25T05:55:04,PHIONA,Voir sa fiche,Equifun 40 cm,Club Poney B Benjamin Circuit Dpt individuel,,3,17,cold-start,True,LightGBM,crawl-predict:c36a23a6,81c2852d18fd
2026-05-25T05:55:04,QUETTON,Voir sa fiche,Equifun 40 cm,Club Poney B Benjamin Circuit Dpt individuel,,4,17,cold-start,True,LightGBM,crawl-predict:c36a23a6,b19f98a5fa50
2026-05-25T05:55:04,ETOILE,Voir sa fiche,Equifun 40 cm,Club Poney B Benjamin Circuit Dpt individuel,,10,4,cold-start,True,LightGBM,crawl-predict:c36a23a6,c81192aaf57b
2026-05-25T05:55:04,PALADIN DU CHENILLY,Voir sa fiche,Equifun 40 cm,Club Poney B Benjamin Circuit Dpt individuel,,5,17,cold-start,True,LightGBM,crawl-predict:c36a23a6,7d2729a43394
2026-05-25T05:55:04,COOKIE DU PLONGEON,Voir sa fiche,Equifun 40 cm,Club Poney B Benjamin Circuit Dpt individuel,,6,17,cold-start,True,LightGBM,crawl-predict:c36a23a6,66411a899c24
2026-05-25T05:55:04,QUETTON,Voir sa fiche,Equifun 40 cm,Club Poney B Benjamin Circuit Dpt individuel,,7,17,cold-start,True,LightGBM,crawl-predict:c36a23a6,ffff3b576a8a
2026-05-25T05:55:04,PANACHE,Voir sa fiche,Equifun 40 cm,Club Poney B Benjamin Circuit Dpt individuel,,2,59,cold-start,True,LightGBM,crawl-predict:c36a23a6,2bb5035b99a9
2026-05-25T05:55:04,ETOILE,Voir sa fiche,Equifun 40 cm,Club Poney B Benjamin Circuit Dpt individuel,,11,4,cold-start,True,LightGBM,crawl-predict:c36a23a6,8afd18494c73
2026-05-25T05:55:04,PHIONA,Voir sa fiche,Equifun 40 cm,Club Poney B Benjamin Circuit Dpt individuel,,8,17,cold-start,True,LightGBM,crawl-predict:c36a23a6,c79b3bf1b203
2026-05-25T05:55:04,DIAMANT,Voir sa fiche,Equifun 40 cm,Club Poney Benjamin Circuit Dpt individuel,,1,17,cold-start,True,LightGBM,crawl-predict:c36a23a6,7f58d8f935f2
2026-05-25T05:55:04,JON DE MATXOENIA,Voir sa fiche,Equifun 60 cm,Club Poney Cadet Circuit Dpt individuel,,1,17,cold-start,True,LightGBM,crawl-predict:c36a23a6,5a88b8171ff6
2026-05-25T05:55:04,HOBART VD BUITENWEG,Voir sa fiche,Equifun 30 cm,Club A Moustique Chp Dpt Circuit Dpt individuel,,2,17,cold-start,True,LightGBM,crawl-predict:c36a23a6,9a58cac3fe9b
2026-05-25T05:55:04,FLOCON DE LACROUX,Voir sa fiche,Equifun 30 cm,Club A Moustique Chp Dpt Circuit Dpt individuel,,1,100,cold-start,True,LightGBM,crawl-predict:c36a23a6,b583ead2ee4e
2026-05-25T05:55:04,HOBART VD BUITENWEG,Voir sa fiche,Equifun 30 cm,Club A Moustique Chp Dpt Circuit Dpt individuel,,3,17,cold-start,True,LightGBM,crawl-predict:c36a23a6,2d883d2c5d15
2026-05-25T05:55:04,HOBART VD BUITENWEG,Voir sa fiche,Equifun 30 cm,Club A Poussin Chp Dpt Circuit Dpt individuel,,1,17,cold-start,True,LightGBM,crawl-predict:c36a23a6,ffe7acfd2ccc
2026-05-25T05:55:04,KELLY,Voir sa fiche,Equifun 40 cm,Club Poney B Benjamin Chp Dpt Circuit Dpt individuel,,4,17,cold-start,True,LightGBM,crawl-predict:c36a23a6,08fde7b10c1e
2026-05-25T05:55:04,ROMEO,Voir sa fiche,Equifun 40 cm,Club Poney B Benjamin Chp Dpt Circuit Dpt individuel,,1,100,cold-start,True,LightGBM,crawl-predict:c36a23a6,fbf9ad97dc77
2026-05-25T05:55:04,EUREKA DE LA LICORNE,Voir sa fiche,Equifun 40 cm,Club Poney B Benjamin Chp Dpt Circuit Dpt individuel,,5,17,cold-start,True,LightGBM,crawl-predict:c36a23a6,7d7dd06a76c3
2026-05-25T05:55:04,ELFERINK'S RAMONA,Voir sa fiche,Equifun 40 cm,Club Poney B Benjamin Chp Dpt Circuit Dpt individuel,,6,17,cold-start,True,LightGBM,crawl-predict:c36a23a6,fee2c502a7bd
2026-05-25T05:55:04,FLOCON DE LACROUX,Voir sa fiche,Equifun 40 cm,Club Poney B Benjamin Chp Dpt Circuit Dpt individuel,,2,100,cold-start,True,LightGBM,crawl-predict:c36a23a6,021c9b11c5d6
2026-05-25T05:55:04,ELVIS DES TOUNTOUS,Voir sa fiche,Equifun 40 cm,Club Poney B Benjamin Chp Dpt Circuit Dpt individuel,,7,17,cold-start,True,LightGBM,crawl-predict:c36a23a6,62608d026a5b
2026-05-25T05:55:04,KELLY,Voir sa fiche,Equifun 40 cm,Club Poney B Benjamin Chp Dpt Circuit Dpt individuel,,8,17,cold-start,True,LightGBM,crawl-predict:c36a23a6,909ccc59f58d
2026-05-25T05:55:04,ALBATOR,Voir sa fiche,Equifun 40 cm,Club Poney B Benjamin Chp Dpt Circuit Dpt individuel,,9,17,cold-start,True,LightGBM,crawl-predict:c36a23a6,a0e1c59e3117
2026-05-25T05:55:04,NISSAN SANTA,Voir sa fiche,Equifun 40 cm,Club Poney B Benjamin Chp Dpt Circuit Dpt individuel,,10,17,cold-start,True,LightGBM,crawl-predict:c36a23a6,fe1210055f12
2026-05-25T05:55:04,ROMEO,Voir sa fiche,Equifun 40 cm,Club Poney B Benjamin Chp Dpt Circuit Dpt individuel,,3,100,cold-start,True,LightGBM,crawl-predict:c36a23a6,ecdf9c1a08a9
2026-05-25T05:55:04,ASLAN DU KRYSTAL,Voir sa fiche,Equifun 40 cm,Club Poney B Benjamin Chp Dpt Circuit Dpt individuel,,11,17,cold-start,True,LightGBM,crawl-predict:c36a23a6,48e8187f8816
2026-05-25T05:55:04,EUREKA DE LA LICORNE,Voir sa fiche,Equifun 40 cm,Club Poney B Benjamin Chp Dpt Circuit Dpt individuel,,12,17,cold-start,True,LightGBM,crawl-predict:c36a23a6,8cb3a3e87368
2026-05-25T05:55:04,KELLY,Voir sa fiche,Equifun 40 cm,Club Poney B Benjamin Chp Dpt Circuit Dpt individuel,,13,17,cold-start,True,LightGBM,crawl-predict:c36a23a6,b822d221b6e8
2026-05-25T05:55:04,DYSARTS LASS,Voir sa fiche,Equifun 70 cm,Club Poney Elite Chp Dpt Circuit Dpt individuel,,1,17,cold-start,True,LightGBM,crawl-predict:c36a23a6,a8ef46b5c989
2026-05-25T05:55:04,ASLAN DU KRYSTAL,Voir sa fiche,Equifun 70 cm,Club Poney Elite Chp Dpt Circuit Dpt individuel,,2,17,cold-start,True,LightGBM,crawl-predict:c36a23a6,989d5b0b8afe
2026-05-25T05:55:04,ELFERINK'S RAMONA,Voir sa fiche,Equifun 70 cm,Club Poney Elite Chp Dpt Circuit Dpt individuel,,3,17,cold-start,True,LightGBM,crawl-predict:c36a23a6,92b00582ce97
2026-05-25T05:55:04,BETSY RUTH VOILAC,Voir sa fiche,Equifun 70 cm,Club Poney Elite Chp Dpt Circuit Dpt individuel,,4,17,cold-start,True,LightGBM,crawl-predict:c36a23a6,a64532cd79c4
2026-05-25T05:55:04,ELIDJA,Voir sa fiche,Equifun 70 cm,Club Poney Elite Chp Dpt Circuit Dpt individuel,,5,17,cold-start,True,LightGBM,crawl-predict:c36a23a6,9bb4072e87f5
2026-05-25T05:55:04,CAPUCINE DELAROQUERIE,Voir sa fiche,Equifun 70 cm,Club Poney Elite Chp Dpt Circuit Dpt individuel,,6,17,cold-start,True,LightGBM,crawl-predict:c36a23a6,d6fa46cd2a8d
2026-05-25T05:55:04,BELLE,Voir sa fiche,Equifun 40 cm,Club Poney Benjamin Chp Dpt Circuit Dpt individuel,,1,17,cold-start,True,LightGBM,crawl-predict:c36a23a6,077d28fc287f
2026-05-25T05:55:04,ALBATOR,Voir sa fiche,Equifun 40 cm,Club Poney Benjamin Chp Dpt Circuit Dpt individuel,,2,17,cold-start,True,LightGBM,crawl-predict:c36a23a6,1c12361f0d1b
2026-05-25T05:55:04,USHER CARMANTRAN,Voir sa fiche,Equifun 40 cm,Club Poney Benjamin Chp Dpt Circuit Dpt individuel,,3,17,cold-start,True,LightGBM,crawl-predict:c36a23a6,c0b781040b04
2026-05-25T05:55:04,SMARTIES,Voir sa fiche,Equifun 40 cm,Club Poney Benjamin Chp Dpt Circuit Dpt individuel,,15,9,cold-start,True,LightGBM,crawl-predict:c36a23a6,924f1e25dba3
2026-05-25T05:55:04,ASTAR DU CERF,Voir sa fiche,Equifun 40 cm,Club Poney Benjamin Chp Dpt Circuit Dpt individuel,,4,17,cold-start,True,LightGBM,crawl-predict:c36a23a6,d3689050007d
2026-05-25T05:55:04,EDERRA,Voir sa fiche,Equifun 40 cm,Club Poney Benjamin Chp Dpt Circuit Dpt individuel,,5,17,cold-start,True,LightGBM,crawl-predict:c36a23a6,9059f4e794d7
2026-05-25T05:55:04,KOKOTS XURI,Voir sa fiche,Equifun 40 cm,Club Poney Benjamin Chp Dpt Circuit Dpt individuel,,6,17,cold-start,True,LightGBM,crawl-predict:c36a23a6,62ffc007b0cf
2026-05-25T05:55:04,BELLE,Voir sa fiche,Equifun 40 cm,Club Poney Benjamin Chp Dpt Circuit Dpt individuel,,7,17,cold-start,True,LightGBM,crawl-predict:c36a23a6,9601c11a99fe
2026-05-25T05:55:04,EFFY,Voir sa fiche,Equifun 40 cm,Club Poney Benjamin Chp Dpt Circuit Dpt individuel,,8,17,cold-start,True,LightGBM,crawl-predict:c36a23a6,fd4535b2c45b
2026-05-25T05:55:04,TZIGANE,Voir sa fiche,Equifun 40 cm,Club Poney Benjamin Chp Dpt Circuit Dpt individuel,,9,17,cold-start,True,LightGBM,crawl-predict:c36a23a6,eb2c36b2347b
2026-05-25T05:55:04,ELVIS DES TOUNTOUS,Voir sa fiche,Equifun 40 cm,Club Poney Benjamin Chp Dpt Circuit Dpt individuel,,10,17,cold-start,True,LightGBM,crawl-predict:c36a23a6,f13c81d9c7bb
2026-05-25T05:55:04,ALBATOR,Voir sa fiche,Equifun 40 cm,Club Poney Benjamin Chp Dpt Circuit Dpt individuel,,11,17,cold-start,True,LightGBM,crawl-predict:c36a23a6,4cedca242790
2026-05-25T05:55:04,EUREKA DE LA LICORNE,Voir sa fiche,Equifun 40 cm,Club Poney Benjamin Chp Dpt Circuit Dpt individuel,,12,17,cold-start,True,LightGBM,crawl-predict:c36a23a6,40cf00289939
2026-05-25T05:55:04,SMARTIES,Voir sa fiche,Equifun 40 cm,Club Poney Benjamin Chp Dpt Circuit Dpt individuel,,16,9,cold-start,True,LightGBM,crawl-predict:c36a23a6,e1fc46d0fc1d
2026-05-25T05:55:04,USHER CARMANTRAN,Voir sa fiche,Equifun 40 cm,Club Poney Benjamin Chp Dpt Circuit Dpt individuel,,13,17,cold-start,True,LightGBM,crawl-predict:c36a23a6,4132b6da9410
2026-05-25T05:55:04,BELLE,Voir sa fiche,Equifun 40 cm,Club Poney Benjamin Chp Dpt Circuit Dpt individuel,,14,17,cold-start,True,LightGBM,crawl-predict:c36a23a6,b93fe3492abe
2026-05-25T05:55:04,BACCARA DU SAGITTAIRE,Voir sa fiche,Equifun 60 cm,Club Poney Cadet Chp Dpt Circuit Dpt individuel,,1,17,cold-start,True,LightGBM,crawl-predict:c36a23a6,d4b6fc6576c7
2026-05-25T05:55:04,ASTAR DU CERF,Voir sa fiche,Equifun 60 cm,Club Poney Cadet Chp Dpt Circuit Dpt individuel,,2,17,cold-start,True,LightGBM,crawl-predict:c36a23a6,63232558ad55
2026-05-25T05:55:04,DYSARTS LASS,Voir sa fiche,Equifun 60 cm,Club Poney Cadet Chp Dpt Circuit Dpt individuel,,3,17,cold-start,True,LightGBM,crawl-predict:c36a23a6,47ee5138f38d
2026-05-25T05:55:04,CANAILLE DE KER HEOL,Voir sa fiche,Equifun 60 cm,Club Poney Cadet Chp Dpt Circuit Dpt individuel,,4,17,cold-start,True,LightGBM,crawl-predict:c36a23a6,eb7590314e9d
2026-05-25T05:55:04,VOLUBILIS DE MURALIS,Voir sa fiche,Equifun 60 cm,Club Poney Cadet Chp Dpt Circuit Dpt individuel,,5,17,cold-start,True,LightGBM,crawl-predict:c36a23a6,481a2502fadb
2026-05-25T05:55:04,BIRRINVIEW DAZZLER,Voir sa fiche,Equifun 60 cm,Club Poney Cadet Chp Dpt Circuit Dpt individuel,,6,17,cold-start,True,LightGBM,crawl-predict:c36a23a6,7a4afe08f44c
2026-05-25T05:55:04,MANU,Voir sa fiche,Equifun 60 cm,Club Poney Cadet Chp Dpt Circuit Dpt individuel,,7,17,cold-start,True,LightGBM,crawl-predict:c36a23a6,9232414076b0
2026-05-25T05:55:04,ELSA,Voir sa fiche,Equifun 60 cm,Club Poney Cadet Chp Dpt Circuit Dpt individuel,,8,17,cold-start,True,LightGBM,crawl-predict:c36a23a6,da7a0e700bcb
2026-05-25T05:55:04,BACCARA DU SAGITTAIRE,Voir sa fiche,Equifun 60 cm,Club Poney Cadet Chp Dpt Circuit Dpt individuel,,9,17,cold-start,True,LightGBM,crawl-predict:c36a23a6,25eec5791795
2026-05-25T05:55:04,VIDOCQ,Voir sa fiche,Equifun 60 cm,Club Poney Cadet Chp Dpt Circuit Dpt individuel,,10,17,cold-start,True,LightGBM,crawl-predict:c36a23a6,73ae83861d84
2026-05-25T05:55:04,CLYDAGH ISLE,Voir sa fiche,Equifun 60 cm,Club Poney Cadet Chp Dpt Circuit Dpt individuel,,11,17,cold-start,True,LightGBM,crawl-predict:c36a23a6,410df8757360
2026-05-25T05:55:04,CLYDAGH ISLE,Voir sa fiche,Equifun 60 cm,Club Poney Junior Chp Dpt Circuit Dpt individuel,,1,17,cold-start,True,LightGBM,crawl-predict:c36a23a6,b6a5eaa17549
2026-05-25T05:55:04,CRUNCH GASCON,Voir sa fiche,Equifun 60 cm,Club Poney Junior Chp Dpt Circuit Dpt individuel,,2,17,cold-start,True,LightGBM,crawl-predict:c36a23a6,350b169446a6
2026-05-25T05:55:04,BIRRINVIEW DAZZLER,Voir sa fiche,Equifun 50 cm,Club Poney Minime Chp Dpt Circuit Dpt individuel,,1,17,cold-start,True,LightGBM,crawl-predict:c36a23a6,30c35085426f
2026-05-25T05:55:04,KOKOTS XURI,Voir sa fiche,Equifun 50 cm,Club Poney Minime Chp Dpt Circuit Dpt individuel,,2,17,cold-start,True,LightGBM,crawl-predict:c36a23a6,60d91e894c49
2026-05-25T05:55:04,FILOU,Voir sa fiche,Equifun 50 cm,Club Poney Minime Chp Dpt Circuit Dpt individuel,,3,17,cold-start,True,LightGBM,crawl-predict:c36a23a6,e58e37f90177
2026-05-25T05:55:04,VIDOCQ,Voir sa fiche,Equifun 50 cm,Club Poney Minime Chp Dpt Circuit Dpt individuel,,4,17,cold-start,True,LightGBM,crawl-predict:c36a23a6,4e9652b9f0e9
2026-05-25T05:55:04,CANAILLE DE KER HEOL,Voir sa fiche,Equifun 50 cm,Club Poney Minime Chp Dpt Circuit Dpt individuel,,5,17,cold-start,True,LightGBM,crawl-predict:c36a23a6,7b580b202d81
2026-05-25T05:55:04,DYSARTS LASS,Voir sa fiche,Equifun 50 cm,Club Poney Minime Chp Dpt Circuit Dpt individuel,,6,17,cold-start,True,LightGBM,crawl-predict:c36a23a6,9b631f7897d7
2026-05-25T05:55:04,LADY CAT,Voir sa fiche,Equifun 50 cm,Club Poney Minime Chp Dpt Circuit Dpt individuel,,7,17,cold-start,True,LightGBM,crawl-predict:c36a23a6,a39d68f1a540
2026-05-25T05:55:04,ELVIS DES TOUNTOUS,Voir sa fiche,Equifun 50 cm,Club Poney Minime Chp Dpt Circuit Dpt individuel,,8,17,cold-start,True,LightGBM,crawl-predict:c36a23a6,06af432ed07c
2026-05-25T05:55:04,EDERRA,Voir sa fiche,Equifun 50 cm,Club Poney Minime Chp Dpt Circuit Dpt individuel,,9,17,cold-start,True,LightGBM,crawl-predict:c36a23a6,361d16be8ed6
2026-05-25T05:55:04,VOLUBILIS DE MURALIS,Voir sa fiche,Equifun 50 cm,Club Poney Minime Chp Dpt Circuit Dpt individuel,,10,17,cold-start,True,LightGBM,crawl-predict:c36a23a6,1346246c6d85
2026-05-25T05:55:04,EFFY,Voir sa fiche,Equifun 50 cm,Club Poney Minime Chp Dpt Circuit Dpt individuel,,11,17,cold-start,True,LightGBM,crawl-predict:c36a23a6,b9308eb0f555
2026-05-25T05:55:04,MANU,Voir sa fiche,Equifun 50 cm,Club Poney Minime Chp Dpt Circuit Dpt individuel,,12,17,cold-start,True,LightGBM,crawl-predict:c36a23a6,49705ce4c96c
2026-05-25T05:55:04,TZIGANE,Voir sa fiche,Equifun 50 cm,Club Poney Minime Chp Dpt Circuit Dpt individuel,,13,17,cold-start,True,LightGBM,crawl-predict:c36a23a6,5dc853451b77
2026-05-25T05:55:04,BIRRINVIEW DAZZLER,Voir sa fiche,Equifun 50 cm,Club Poney Minime Chp Dpt Circuit Dpt individuel,,14,17,cold-start,True,LightGBM,crawl-predict:c36a23a6,7311ab906235
2026-05-25T05:55:04,CRUNCH GASCON,Voir sa fiche,Equifun 50 cm,Club Poney Minime Chp Dpt Circuit Dpt individuel,,15,17,cold-start,True,LightGBM,crawl-predict:c36a23a6,ba2bf74a3642
2026-05-25T05:55:04,BACCARA DU SAGITTAIRE,Voir sa fiche,Equifun 50 cm,Club Poney Minime Chp Dpt Circuit Dpt individuel,,16,17,cold-start,True,LightGBM,crawl-predict:c36a23a6,4268f2f13b04
2026-05-25T05:55:04,CANAILLE DE KER HEOL,Voir sa fiche,Equifun 50 cm,Club Poney Minime Chp Dpt Circuit Dpt individuel,,17,17,cold-start,True,LightGBM,crawl-predict:c36a23a6,29499713b02e
2026-05-25T05:55:04,DYSARTS LASS,Voir sa fiche,Equifun 50 cm,Club Poney Minime Chp Dpt Circuit Dpt individuel,,18,17,cold-start,True,LightGBM,crawl-predict:c36a23a6,3289d8e1558b
2026-05-25T05:55:04,SUZETTE DU VAL,Voir sa fiche,Equifun 50 cm,Club Poney Minime Chp Dpt Circuit Dpt individuel,,19,17,cold-start,True,LightGBM,crawl-predict:c36a23a6,06d055bb5201
2026-05-25T05:55:04,FILOU,Voir sa fiche,Equifun 50 cm,Club Poney Minime Chp Dpt Circuit Dpt individuel,,20,17,cold-start,True,LightGBM,crawl-predict:c36a23a6,e195748537b2
2026-05-25T05:55:04,BETSY RUTH VOILAC,Voir sa fiche,Equifun 70 cm,Club Elite Chp Dpt Circuit Dpt individuel,,1,17,cold-start,True,LightGBM,crawl-predict:c36a23a6,ebd954e6a261
2026-05-25T05:55:04,CONFETTI,Voir sa fiche,Equifun 70 cm,Club Elite Chp Dpt Circuit Dpt individuel,,2,17,cold-start,True,LightGBM,crawl-predict:c36a23a6,12630c9137ce
2026-05-25T05:55:04,CAROTTE,Voir sa fiche,Equifun 30 cm,Club A Moustique Chp Reg individuel,,2,17,cold-start,True,LightGBM,crawl-predict:c36a23a6,6a5d9ec383f4
2026-05-25T05:55:04,VELOURS,Voir sa fiche,Equifun 30 cm,Club A Moustique Chp Reg individuel,,3,17,cold-start,True,LightGBM,crawl-predict:c36a23a6,ed93a7fb1a90
2026-05-25T05:55:04,CAROTTE,Voir sa fiche,Equifun 30 cm,Club A Moustique Chp Reg individuel,,4,17,cold-start,True,LightGBM,crawl-predict:c36a23a6,f04755f5064d
2026-05-25T05:55:04,FLOCON DE LACROUX,Voir sa fiche,Equifun 30 cm,Club A Moustique Chp Reg individuel,,1,100,cold-start,True,LightGBM,crawl-predict:c36a23a6,cdfdf53438e0
2026-05-25T05:55:04,VELOURS,Voir sa fiche,Equifun 30 cm,Club A Moustique Chp Reg individuel,,5,17,cold-start,True,LightGBM,crawl-predict:c36a23a6,814d299a8283
2026-05-25T05:55:04,CAROTTE,Voir sa fiche,Equifun 30 cm,Club A Moustique Chp Reg individuel,,6,17,cold-start,True,LightGBM,crawl-predict:c36a23a6,28e9c389b657
2026-05-25T05:55:04,VELOURS,Voir sa fiche,Equifun 30 cm,Club A Moustique Chp Reg individuel,,7,17,cold-start,True,LightGBM,crawl-predict:c36a23a6,5c5912972bd4
2026-05-25T05:55:04,ROMEO,Voir sa fiche,Equifun 40 cm,Club Poney B Benjamin Chp Reg individuel,,1,100,cold-start,True,LightGBM,crawl-predict:c36a23a6,667744dffbbf
2026-05-25T05:55:04,ELFERINK'S RAMONA,Voir sa fiche,Equifun 40 cm,Club Poney B Benjamin Chp Reg individuel,,4,17,cold-start,True,LightGBM,crawl-predict:c36a23a6,bcb20eedd1c6
2026-05-25T05:55:04,ZORION,Voir sa fiche,Equifun 40 cm,Club Poney B Benjamin Chp Reg individuel,,5,17,cold-start,True,LightGBM,crawl-predict:c36a23a6,918c4b9a5563
2026-05-25T05:55:04,FLOCON DE LACROUX,Voir sa fiche,Equifun 40 cm,Club Poney B Benjamin Chp Reg individuel,,2,100,cold-start,True,LightGBM,crawl-predict:c36a23a6,9b48a5d0f01f
2026-05-25T05:55:04,ALBATOR,Voir sa fiche,Equifun 40 cm,Club Poney B Benjamin Chp Reg individuel,,6,17,cold-start,True,LightGBM,crawl-predict:c36a23a6,ac27cd23e5eb
2026-05-25T05:55:04,RQUECAUSSE DU QUERCY,Voir sa fiche,Equifun 40 cm,Club Poney B Benjamin Chp Reg individuel,,7,17,cold-start,True,LightGBM,crawl-predict:c36a23a6,8ad419c49b41
2026-05-25T05:55:04,SCOOBIDOU DE BEL AIR,Voir sa fiche,Equifun 40 cm,Club Poney B Benjamin Chp Reg individuel,,8,17,cold-start,True,LightGBM,crawl-predict:c36a23a6,55afb08dab69
2026-05-25T05:55:04,LOOPING,Voir sa fiche,Equifun 40 cm,Club Poney B Benjamin Chp Reg individuel,,9,17,cold-start,True,LightGBM,crawl-predict:c36a23a6,2ccffa661125
2026-05-25T05:55:04,KELLY,Voir sa fiche,Equifun 40 cm,Club Poney B Benjamin Chp Reg individuel,,10,17,cold-start,True,LightGBM,crawl-predict:c36a23a6,f5c44ecfddcd
2026-05-25T05:55:04,EUREKA DE LA LICORNE,Voir sa fiche,Equifun 40 cm,Club Poney B Benjamin Chp Reg individuel,,11,17,cold-start,True,LightGBM,crawl-predict:c36a23a6,bd7f1cf1a714
2026-05-25T05:55:04,ROMEO,Voir sa fiche,Equifun 40 cm,Club Poney B Benjamin Chp Reg individuel,,3,100,cold-start,True,LightGBM,crawl-predict:c36a23a6,b432748034a5
2026-05-25T05:55:04,NISSAN SANTA,Voir sa fiche,Equifun 40 cm,Club Poney B Benjamin Chp Reg individuel,,12,17,cold-start,True,LightGBM,crawl-predict:c36a23a6,bd55b5c529e1
2026-05-25T05:55:04,ASLAN DU KRYSTAL,Voir sa fiche,Equifun 40 cm,Club Poney B Benjamin Chp Reg individuel,,13,17,cold-start,True,LightGBM,crawl-predict:c36a23a6,895a7fdba950
2026-05-25T05:55:04,ZORION,Voir sa fiche,Equifun 40 cm,Club Poney B Benjamin Chp Reg individuel,,14,17,cold-start,True,LightGBM,crawl-predict:c36a23a6,bf9cdbb9bc69
2026-05-25T05:55:04,FIFTY SHADES OF DREAM,Voir sa fiche,Equifun 70 cm,Club Poney Elite Chp Reg individuel,,1,17,cold-start,True,LightGBM,crawl-predict:c36a23a6,38687571df59
2026-05-25T05:55:04,ELFERINK'S RAMONA,Voir sa fiche,Equifun 70 cm,Club Poney Elite Chp Reg individuel,,2,17,cold-start,True,LightGBM,crawl-predict:c36a23a6,0e67e1fb9d5d
2026-05-25T05:55:04,LAPIS LAZULY,Voir sa fiche,Equifun 70 cm,Club Poney Elite Chp Reg individuel,,3,17,cold-start,True,LightGBM,crawl-predict:c36a23a6,bb17778954f0
2026-05-25T05:55:04,BELLE,Voir sa fiche,Equifun 40 cm,Club Poney Benjamin Chp Reg individuel,,1,17,cold-start,True,LightGBM,crawl-predict:c36a23a6,5cc9e504bb46
2026-05-25T05:55:04,CHILIE DE TERRIDE,Voir sa fiche,Equifun 40 cm,Club Poney Benjamin Chp Reg individuel,,2,17,cold-start,True,LightGBM,crawl-predict:c36a23a6,e69a433db7e1
2026-05-25T05:55:04,SMARTIES,Voir sa fiche,Equifun 40 cm,Club Poney Benjamin Chp Reg individuel,,18,9,cold-start,True,LightGBM,crawl-predict:c36a23a6,8f4b7b141ece
2026-05-25T05:55:04,USHER CARMANTRAN,Voir sa fiche,Equifun 40 cm,Club Poney Benjamin Chp Reg individuel,,3,17,cold-start,True,LightGBM,crawl-predict:c36a23a6,ebc741367afa
2026-05-25T05:55:04,BARRY V.STAL DE CRAYE,Voir sa fiche,Equifun 40 cm,Club Poney Benjamin Chp Reg individuel,,4,17,cold-start,True,LightGBM,crawl-predict:c36a23a6,9b07d48153a3
2026-05-25T05:55:04,ALBATOR,Voir sa fiche,Equifun 40 cm,Club Poney Benjamin Chp Reg individuel,,5,17,cold-start,True,LightGBM,crawl-predict:c36a23a6,17798b3041a4
2026-05-25T05:55:04,KOKOTS XURI,Voir sa fiche,Equifun 40 cm,Club Poney Benjamin Chp Reg individuel,,6,17,cold-start,True,LightGBM,crawl-predict:c36a23a6,7627fbb00515
2026-05-25T05:55:04,TZIGANE,Voir sa fiche,Equifun 40 cm,Club Poney Benjamin Chp Reg individuel,,7,17,cold-start,True,LightGBM,crawl-predict:c36a23a6,0843abe73898
2026-05-25T05:55:04,EDERRA,Voir sa fiche,Equifun 40 cm,Club Poney Benjamin Chp Reg individuel,,8,17,cold-start,True,LightGBM,crawl-predict:c36a23a6,632bb769a1c4
2026-05-25T05:55:04,CHILIE DE TERRIDE,Voir sa fiche,Equifun 40 cm,Club Poney Benjamin Chp Reg individuel,,9,17,cold-start,True,LightGBM,crawl-predict:c36a23a6,460157ced242
2026-05-25T05:55:04,LOOPING,Voir sa fiche,Equifun 40 cm,Club Poney Benjamin Chp Reg individuel,,10,17,cold-start,True,LightGBM,crawl-predict:c36a23a6,bd047f322653
2026-05-25T05:55:04,ELFERINK'S RAMONA,Voir sa fiche,Equifun 40 cm,Club Poney Benjamin Chp Reg individuel,,11,17,cold-start,True,LightGBM,crawl-predict:c36a23a6,171d55a1891c
2026-05-25T05:55:04,SMARTIES,Voir sa fiche,Equifun 40 cm,Club Poney Benjamin Chp Reg individuel,,19,9,cold-start,True,LightGBM,crawl-predict:c36a23a6,9f3075d1bf55
2026-05-25T05:55:04,USHER CARMANTRAN,Voir sa fiche,Equifun 40 cm,Club Poney Benjamin Chp Reg individuel,,12,17,cold-start,True,LightGBM,crawl-predict:c36a23a6,4336b0a6d524
2026-05-25T05:55:04,MIKADO DE L'ETAPE,Voir sa fiche,Equifun 40 cm,Club Poney Benjamin Chp Reg individuel,,13,17,cold-start,True,LightGBM,crawl-predict:c36a23a6,7b14c2746932
2026-05-25T05:55:04,ALBATOR,Voir sa fiche,Equifun 40 cm,Club Poney Benjamin Chp Reg individuel,,14,17,cold-start,True,LightGBM,crawl-predict:c36a23a6,66e389fd01fb
2026-05-25T05:55:04,CRUNCH GASCON,Voir sa fiche,Equifun 40 cm,Club Poney Benjamin Chp Reg individuel,,15,17,cold-start,True,LightGBM,crawl-predict:c36a23a6,2bf424461400
2026-05-25T05:55:04,BELLE,Voir sa fiche,Equifun 40 cm,Club Poney Benjamin Chp Reg individuel,,16,17,cold-start,True,LightGBM,crawl-predict:c36a23a6,63fa8df8abf5
2026-05-25T05:55:04,CHILIE DE TERRIDE,Voir sa fiche,Equifun 40 cm,Club Poney Benjamin Chp Reg individuel,,17,17,cold-start,True,LightGBM,crawl-predict:c36a23a6,5360194c51a3
2026-05-25T05:55:04,DYSARTS LASS,Voir sa fiche,Equifun 60 cm,Club Poney Cadet Chp Reg individuel,,1,17,cold-start,True,LightGBM,crawl-predict:c36a23a6,7ac3a389b22e
2026-05-25T05:55:04,MANU,Voir sa fiche,Equifun 60 cm,Club Poney Cadet Chp Reg individuel,,2,17,cold-start,True,LightGBM,crawl-predict:c36a23a6,8701864b61fb
2026-05-25T05:55:04,ASTAR DU CERF,Voir sa fiche,Equifun 60 cm,Club Poney Cadet Chp Reg individuel,,3,17,cold-start,True,LightGBM,crawl-predict:c36a23a6,718c483c9cf9
2026-05-25T05:55:04,BACCARA DU SAGITTAIRE,Voir sa fiche,Equifun 60 cm,Club Poney Cadet Chp Reg individuel,,4,17,cold-start,True,LightGBM,crawl-predict:c36a23a6,d8f56def4736
2026-05-25T05:55:04,VIDOCQ,Voir sa fiche,Equifun 60 cm,Club Poney Cadet Chp Reg individuel,,5,17,cold-start,True,LightGBM,crawl-predict:c36a23a6,4c806dfb1766
2026-05-25T05:55:04,GRINGA,Voir sa fiche,Equifun 60 cm,Club Poney Junior Chp Reg individuel,,1,17,cold-start,True,LightGBM,crawl-predict:c36a23a6,ca06b4dc01dd
2026-05-25T05:55:04,CLYDAGH ISLE,Voir sa fiche,Equifun 60 cm,Club Poney Junior Chp Reg individuel,,2,17,cold-start,True,LightGBM,crawl-predict:c36a23a6,6b06d41c60ae
2026-05-25T05:55:04,FILOU,Voir sa fiche,Equifun 50 cm,Club Poney Minime Chp Reg individuel,,1,17,cold-start,True,LightGBM,crawl-predict:c36a23a6,74cad52d716a
2026-05-25T05:55:04,DYSARTS LASS,Voir sa fiche,Equifun 50 cm,Club Poney Minime Chp Reg individuel,,2,17,cold-start,True,LightGBM,crawl-predict:c36a23a6,9a0b855f09d5
2026-05-25T05:55:04,VIDOCQ,Voir sa fiche,Equifun 50 cm,Club Poney Minime Chp Reg individuel,,3,17,cold-start,True,LightGBM,crawl-predict:c36a23a6,5e6374061d38
2026-05-25T05:55:04,LADY CAT,Voir sa fiche,Equifun 50 cm,Club Poney Minime Chp Reg individuel,,4,17,cold-start,True,LightGBM,crawl-predict:c36a23a6,c3f66dbe3cf5
2026-05-25T05:55:04,VOLUBILIS DE MURALIS,Voir sa fiche,Equifun 50 cm,Club Poney Minime Chp Reg individuel,,5,17,cold-start,True,LightGBM,crawl-predict:c36a23a6,f1c1250d8063
2026-05-25T05:55:04,TZIGANE,Voir sa fiche,Equifun 50 cm,Club Poney Minime Chp Reg individuel,,6,17,cold-start,True,LightGBM,crawl-predict:c36a23a6,91e7f00feac9
2026-05-25T05:55:04,EDERRA,Voir sa fiche,Equifun 50 cm,Club Poney Minime Chp Reg individuel,,7,17,cold-start,True,LightGBM,crawl-predict:c36a23a6,a0b3f498e88a
2026-05-25T05:55:04,MANU,Voir sa fiche,Equifun 50 cm,Club Poney Minime Chp Reg individuel,,8,17,cold-start,True,LightGBM,crawl-predict:c36a23a6,ef5d5ed12270
2026-05-25T05:55:04,CRUNCH GASCON,Voir sa fiche,Equifun 50 cm,Club Poney Minime Chp Reg individuel,,9,17,cold-start,True,LightGBM,crawl-predict:c36a23a6,89472187ac33
2026-05-25T05:55:04,DYSARTS LASS,Voir sa fiche,Equifun 50 cm,Club Poney Minime Chp Reg individuel,,10,17,cold-start,True,LightGBM,crawl-predict:c36a23a6,05165ac70980
2026-05-25T05:55:04,SUZETTE DU VAL,Voir sa fiche,Equifun 50 cm,Club Poney Minime Chp Reg individuel,,11,17,cold-start,True,LightGBM,crawl-predict:c36a23a6,faf8557cc5f6
2026-05-25T05:55:04,BACCARA DU SAGITTAIRE,Voir sa fiche,Equifun 50 cm,Club Poney Minime Chp Reg individuel,,12,17,cold-start,True,LightGBM,crawl-predict:c36a23a6,585df290758b
2026-05-25T05:55:04,CANAILLE DE KER HEOL,Voir sa fiche,Equifun 50 cm,Club Poney Minime Chp Reg individuel,,13,17,cold-start,True,LightGBM,crawl-predict:c36a23a6,761b95866a06
2026-05-25T05:55:04,FILOU,Voir sa fiche,Equifun 50 cm,Club Poney Minime Chp Reg individuel,,14,17,cold-start,True,LightGBM,crawl-predict:c36a23a6,e82ac8c675eb
2026-05-25T05:55:04,LAPIS LAZULY,Voir sa fiche,Equifun 70 cm,Club Elite Chp Reg individuel,,1,17,cold-start,True,LightGBM,crawl-predict:c36a23a6,3b2c60b29944
2026-05-25T05:55:04,HENGWYS PUFFIN,Voir sa fiche,Equifun 50 cm,Club Poney Minime Circuit Dpt individuel,,1,17,cold-start,True,LightGBM,crawl-predict:c36a23a6,d838e34722a3
2026-05-25T05:55:04,CACAHUETE,Voir sa fiche,Equifun 50 cm,Club Poney Minime Circuit Dpt individuel,,2,17,cold-start,True,LightGBM,crawl-predict:c36a23a6,6d277c1f5974
2026-05-25T05:55:04,GRANNY SMITH TRAVEL,Voir sa fiche,Equifun 60 cm,Club Circuit Dpt individuel,,1,17,cold-start,True,LightGBM,crawl-predict:c36a23a6,5206725b4787
2026-05-25T05:55:04,HERA ARMOR,Voir sa fiche,Equifun 60 cm,Club Circuit Dpt individuel,,2,17,cold-start,True,LightGBM,crawl-predict:c36a23a6,572a9241932b
2026-05-25T05:55:04,NADIMAT,Voir sa fiche,Equifun 60 cm,Club Circuit Dpt individuel,,3,17,cold-start,True,LightGBM,crawl-predict:c36a23a6,f43a412c6022
2026-05-25T05:55:04,LORELEY GRENA,Voir sa fiche,Equifun 30 cm,Club A Poussin Circuit Dpt individuel,,1,17,cold-start,True,LightGBM,crawl-predict:c36a23a6,94642d6d5738
2026-05-25T05:55:04,QUEEN,Voir sa fiche,Equifun 30 cm,Club A Poussin Circuit Dpt individuel,,2,17,cold-start,True,LightGBM,crawl-predict:c36a23a6,e6e33b5743e5
2026-05-25T05:55:04,WINNI 262,Voir sa fiche,Equifun 30 cm,Club A Poussin Circuit Dpt individuel,,3,17,cold-start,True,LightGBM,crawl-predict:c36a23a6,5ef5e8d886c5
2026-05-25T05:55:04,LAGOS DE CABUE,Voir sa fiche,Equifun 30 cm,Club A Poussin Circuit Dpt individuel,,4,17,cold-start,True,LightGBM,crawl-predict:c36a23a6,d0bf8578da56
2026-05-25T05:55:04,JAIS GRANGE HERCULE,Voir sa fiche,Equifun 30 cm,Club A Poussin Circuit Dpt individuel,,5,17,cold-start,True,LightGBM,crawl-predict:c36a23a6,1326eb672438
2026-05-25T05:55:04,CORNELIS V.D. WEZE,Voir sa fiche,Equifun 30 cm,Club A Poussin Circuit Dpt individuel,,6,17,cold-start,True,LightGBM,crawl-predict:c36a23a6,c1ea9b518105
2026-05-25T05:55:04,JANUS,Voir sa fiche,Equifun 30 cm,Club A Poussin Circuit Dpt individuel,,7,17,cold-start,True,LightGBM,crawl-predict:c36a23a6,48e61fc79049
2026-05-25T05:55:04,QUEEN,Voir sa fiche,Equifun 30 cm,Club A Poussin Circuit Dpt individuel,,8,17,cold-start,True,LightGBM,crawl-predict:c36a23a6,0765d4d0fd1d
2026-05-25T05:55:04,CARLOS,Voir sa fiche,Equifun 30 cm,Club A Poussin Circuit Dpt individuel,,9,17,cold-start,True,LightGBM,crawl-predict:c36a23a6,8b7679346e62
2026-05-25T05:55:04,CHOCOLATINE,Voir sa fiche,Equifun 30 cm,Club A Poussin Circuit Dpt individuel,,10,17,cold-start,True,LightGBM,crawl-predict:c36a23a6,e01e5b0c9392
2026-05-25T05:55:04,JED PRIOR GALILEO,Voir sa fiche,Equifun 30 cm,Club A Poussin Circuit Dpt individuel,,11,17,cold-start,True,LightGBM,crawl-predict:c36a23a6,725a950748c4
2026-05-25T05:55:04,BUBBLE GUM DE BRUERE,Voir sa fiche,Equifun 30 cm,Club A Poussin Circuit Dpt individuel,,12,17,cold-start,True,LightGBM,crawl-predict:c36a23a6,6b18f09c188a
2026-05-25T05:55:04,ANNE V WORDRAGEN,Voir sa fiche,Equifun 30 cm,Club A Poussin Circuit Dpt individuel,,13,17,cold-start,True,LightGBM,crawl-predict:c36a23a6,0e7532141504
2026-05-25T05:55:04,BUBBLE GUM DE BRUERE,Voir sa fiche,Equifun 30 cm,Club A Poussin Circuit Dpt individuel,,14,17,cold-start,True,LightGBM,crawl-predict:c36a23a6,c46ba00c2c89
2026-05-25T05:55:04,FOLIE DE PLAUDETTE,Voir sa fiche,Equifun 30 cm,Club A Poussin Circuit Dpt individuel,,15,17,cold-start,True,LightGBM,crawl-predict:c36a23a6,cc28bab15d67
2026-05-25T05:55:04,BIGUINE DE CABUE,Voir sa fiche,Equifun 30 cm,Club A Poussin Circuit Dpt individuel,,16,17,cold-start,True,LightGBM,crawl-predict:c36a23a6,609d0582951a
2026-05-25T05:55:04,BIJDUS MINI ZAUBERMAUS,Voir sa fiche,Equifun 40 cm,Club Poney Benjamin Circuit Dpt individuel,,3,17,cold-start,True,LightGBM,crawl-predict:c36a23a6,84fce5a81252
2026-05-25T05:55:04,DOMINO,Voir sa fiche,Equifun 40 cm,Club Poney Benjamin Circuit Dpt individuel,,1,100,cold-start,True,LightGBM,crawl-predict:c36a23a6,2a80d20a49f4
2026-05-25T05:55:04,QUADRADO,Voir sa fiche,Equifun 40 cm,Club Poney Benjamin Circuit Dpt individuel,,4,17,cold-start,True,LightGBM,crawl-predict:c36a23a6,8695884bc7d4
2026-05-25T05:55:04,ECLAIR,Voir sa fiche,Equifun 40 cm,Club Poney Benjamin Circuit Dpt individuel,,14,4,cold-start,True,LightGBM,crawl-predict:c36a23a6,43c48825adb7
2026-05-25T05:55:04,D'ELISE DU BUISSON,Voir sa fiche,Equifun 40 cm,Club Poney Benjamin Circuit Dpt individuel,,5,17,cold-start,True,LightGBM,crawl-predict:c36a23a6,61afa421bce7
2026-05-25T05:55:04,DOMINO,Voir sa fiche,Equifun 40 cm,Club Poney Benjamin Circuit Dpt individuel,,2,100,cold-start,True,LightGBM,crawl-predict:c36a23a6,4f940e2728a3
2026-05-25T05:55:04,D'ELISE DU BUISSON,Voir sa fiche,Equifun 40 cm,Club Poney Benjamin Circuit Dpt individuel,,6,17,cold-start,True,LightGBM,crawl-predict:c36a23a6,d55cf8ff16e2
2026-05-25T05:55:04,QUADRADO,Voir sa fiche,Equifun 40 cm,Club Poney Benjamin Circuit Dpt individuel,,7,17,cold-start,True,LightGBM,crawl-predict:c36a23a6,8b6f53ff0902
2026-05-25T05:55:04,KATIA DU ROUSSEL,Voir sa fiche,Equifun 40 cm,Club Poney Benjamin Circuit Dpt individuel,,8,17,cold-start,True,LightGBM,crawl-predict:c36a23a6,2aa7af4ef630
2026-05-25T05:55:04,OLRICH GRENA,Voir sa fiche,Equifun 40 cm,Club Poney Benjamin Circuit Dpt individuel,,9,17,cold-start,True,LightGBM,crawl-predict:c36a23a6,b41856671953
2026-05-25T05:55:04,ECLAIR,Voir sa fiche,Equifun 40 cm,Club Poney Benjamin Circuit Dpt individuel,,15,4,cold-start,True,LightGBM,crawl-predict:c36a23a6,6f1bfdf2cd5a
2026-05-25T05:55:04,KATIA DU ROUSSEL,Voir sa fiche,Equifun 40 cm,Club Poney Benjamin Circuit Dpt individuel,,10,17,cold-start,True,LightGBM,crawl-predict:c36a23a6,f7c9432cc8d4
2026-05-25T05:55:04,KATIA DU ROUSSEL,Voir sa fiche,Equifun 40 cm,Club Poney Benjamin Circuit Dpt individuel,,11,17,cold-start,True,LightGBM,crawl-predict:c36a23a6,9f9d205da691
2026-05-25T05:55:04,KINANN DES MARGALAS,Voir sa fiche,Equifun 40 cm,Club Poney Benjamin Circuit Dpt individuel,,12,17,cold-start,True,LightGBM,crawl-predict:c36a23a6,c13e4798345a
2026-05-25T05:55:04,OLRICH GRENA,Voir sa fiche,Equifun 40 cm,Club Poney Benjamin Circuit Dpt individuel,,13,17,cold-start,True,LightGBM,crawl-predict:c36a23a6,286fa27fd354
2026-05-25T05:55:04,KINGSTONE DE MONTOURMY,Voir sa fiche,Equifun 70 cm,Club Elite individuel,,1,17,cold-start,True,LightGBM,crawl-predict:c36a23a6,85bcd4759a8b
2026-05-25T05:55:04,CACAHUETE,Voir sa fiche,Equifun 70 cm,Club Elite individuel,,2,17,cold-start,True,LightGBM,crawl-predict:c36a23a6,b8582270ad68
2026-05-25T05:55:04,HAYLEY VITA DE FAYT,Voir sa fiche,Equifun 70 cm,Club Elite Chp Dpt Circuit Dpt individuel,,1,100,cold-start,True,LightGBM,crawl-predict:c36a23a6,42f338e3279c
2026-05-25T05:55:04,EPICE NOB,Voir sa fiche,Equifun 40 cm,Club Poney B Benjamin individuel,,2,17,cold-start,True,LightGBM,crawl-predict:c36a23a6,dca2ff38a176
2026-05-25T05:55:04,APOLLON,Voir sa fiche,Equifun 40 cm,Club Poney B Benjamin individuel,,1,100,cold-start,True,LightGBM,crawl-predict:c36a23a6,eb2a88cd4866
2026-05-25T05:55:04,APOLLON,Voir sa fiche,Equifun 40 cm,Club Poney Benjamin individuel,,1,100,cold-start,True,LightGBM,crawl-predict:c36a23a6,c58225070ad0
2026-05-25T05:55:04,EPICE NOB,Voir sa fiche,Equifun 40 cm,Club Poney Benjamin individuel,,2,17,cold-start,True,LightGBM,crawl-predict:c36a23a6,81e951ffe0be
2026-05-25T05:55:04,MAJORO DU KER,Voir sa fiche,Equifun 40 cm,Club Poney Benjamin individuel,,3,17,cold-start,True,LightGBM,crawl-predict:c36a23a6,c4e8b65ffafc
2026-05-25T05:55:04,KOMETE PIYA,Voir sa fiche,Equifun 60 cm,Club individuel,,1,17,cold-start,True,LightGBM,crawl-predict:c36a23a6,fe2e802ba44c
2026-05-25T05:55:04,VENDREDI DE LANDRIOLE,Voir sa fiche,Equifun 70 cm,Club Elite individuel,,1,17,cold-start,True,LightGBM,crawl-predict:c36a23a6,8e4a5f8044a9
2026-05-25T05:55:04,HARIETTE D'ORLEANS,Voir sa fiche,Equifun 30 cm,Club A Poussin équipe,,1,17,cold-start,True,LightGBM,crawl-predict:c36a23a6,1b01536aadc8
2026-05-25T05:55:04,BILLOUTE,Voir sa fiche,Equifun 30 cm,Club A Poussin équipe,,2,17,cold-start,True,LightGBM,crawl-predict:c36a23a6,838d1be46d5c
2026-05-25T05:55:04,KANDY D ORLEANS,Voir sa fiche,Equifun 30 cm,Club A Poussin équipe,,3,17,cold-start,True,LightGBM,crawl-predict:c36a23a6,1bd795542916
2026-05-25T05:55:04,HARIETTE D'ORLEANS,Voir sa fiche,Equifun 40 cm,Club Poney B Benjamin équipe,,1,17,cold-start,True,LightGBM,crawl-predict:c36a23a6,4b12c79fec0e
2026-05-25T05:55:04,BILLOUTE,Voir sa fiche,Equifun 40 cm,Club Poney B Benjamin équipe,,2,17,cold-start,True,LightGBM,crawl-predict:c36a23a6,44393cf776c6
2026-05-25T05:55:04,ROCKY,Voir sa fiche,Equifun 40 cm,Club Poney B Benjamin équipe,,3,17,cold-start,True,LightGBM,crawl-predict:c36a23a6,3fbc344b2640
2026-05-25T05:55:04,NEMO,Voir sa fiche,Equifun 60 cm,Club équipe,,1,17,cold-start,True,LightGBM,crawl-predict:c36a23a6,24ccb93488dd
2026-05-25T05:55:04,KISS ME D'ORLEANS,Voir sa fiche,Equifun 60 cm,Club équipe,,2,17,cold-start,True,LightGBM,crawl-predict:c36a23a6,c5b5e836f87d
2026-05-25T05:55:04,SPENCER,Voir sa fiche,Equifun 60 cm,Club équipe,,3,17,cold-start,True,LightGBM,crawl-predict:c36a23a6,b7dfdc69fada
2026-05-25T05:55:04,KACAO DES VENTS,Voir sa fiche,Equifun 60 cm,Club équipe,,4,17,cold-start,True,LightGBM,crawl-predict:c36a23a6,b8da5fea289b
2026-05-25T05:55:04,VEGAS DU PREHAUT,Voir sa fiche,Equifun 60 cm,Club Poney Junior Circuit Dpt individuel,,1,17,cold-start,True,LightGBM,crawl-predict:c36a23a6,ca8d8d10ca1b
2026-05-25T05:55:04,AQUARELLE,Voir sa fiche,Equifun 60 cm,Club Circuit Dpt individuel,,1,17,cold-start,True,LightGBM,crawl-predict:c36a23a6,711bf13ba345
2026-05-25T05:55:04,CROCADON WILD GLENDA,Voir sa fiche,Equifun 70 cm,Club Elite Circuit Dpt individuel,,1,17,cold-start,True,LightGBM,crawl-predict:c36a23a6,0e157600e7e5
2026-05-25T05:55:04,ICLOUD DE PAME,Voir sa fiche,Equifun 70 cm,Club Elite Circuit Dpt individuel,,2,17,cold-start,True,LightGBM,crawl-predict:c36a23a6,2d2366e53c08
2026-05-25T05:55:04,AQUARELLE,Voir sa fiche,Equifun 70 cm,Club Elite équipe,,1,17,cold-start,True,LightGBM,crawl-predict:c36a23a6,573c1a8808ae
2026-05-25T05:55:04,GRISOU,Voir sa fiche,Equifun 70 cm,Club Elite équipe,,2,17,cold-start,True,LightGBM,crawl-predict:c36a23a6,e2affc339ace
2026-05-25T05:55:04,BERGS SEP09 89,Voir sa fiche,Equifun 70 cm,Club Elite équipe,,3,17,cold-start,True,LightGBM,crawl-predict:c36a23a6,3a21c57ebafb
2026-05-25T05:55:04,DIAHLAN EL ASWAN,Voir sa fiche,Equifun 70 cm,Club Elite équipe,,4,17,cold-start,True,LightGBM,crawl-predict:c36a23a6,f7429ca9fc85
2026-05-25T05:55:04,BLACK PEARL V STAL NEDERK,Voir sa fiche,Equifun 30 cm,Club A Moustique individuel,,2,17,cold-start,True,LightGBM,crawl-predict:c36a23a6,6a23a28e1aa9
2026-05-25T05:55:04,ELVERA V.D. RIJSBOS,Voir sa fiche,Equifun 30 cm,Club A Moustique individuel,,3,17,cold-start,True,LightGBM,crawl-predict:c36a23a6,40a717c74d82
2026-05-25T05:55:04,FISPISTACHE DE RUILLE,Voir sa fiche,Equifun 30 cm,Club A Moustique individuel,,25,1,cold-start,True,LightGBM,crawl-predict:c36a23a6,09171f9702b9
2026-05-25T05:55:04,BEBED V STAL DIJKZICHT,Voir sa fiche,Equifun 30 cm,Club A Moustique individuel,,20,2,cold-start,True,LightGBM,crawl-predict:c36a23a6,ea1f0b0e19c9
2026-05-25T05:55:04,AQUILAR FROM BROKEN COLOU,Voir sa fiche,Equifun 30 cm,Club A Moustique individuel,,4,17,cold-start,True,LightGBM,crawl-predict:c36a23a6,2fc5f3435da6
2026-05-25T05:55:04,GRANIT DE CABUE,Voir sa fiche,Equifun 30 cm,Club A Moustique individuel,,21,2,cold-start,True,LightGBM,crawl-predict:c36a23a6,6b6be1944729
2026-05-25T05:55:04,HOLALA DES ISLES,Voir sa fiche,Equifun 30 cm,Club A Moustique individuel,,5,17,cold-start,True,LightGBM,crawl-predict:c36a23a6,ce7c2eb5433b
2026-05-25T05:55:04,BLACK PEARL V STAL NEDERK,Voir sa fiche,Equifun 30 cm,Club A Moustique individuel,,6,17,cold-start,True,LightGBM,crawl-predict:c36a23a6,5ce84020bdc9
2026-05-25T05:55:04,ZITON,Voir sa fiche,Equifun 30 cm,Club A Moustique individuel,,7,17,cold-start,True,LightGBM,crawl-predict:c36a23a6,ee4700adc507
2026-05-25T05:55:04,FRIPAULLE,Voir sa fiche,Equifun 30 cm,Club A Moustique individuel,,8,17,cold-start,True,LightGBM,crawl-predict:c36a23a6,3f37f3cac2fc
2026-05-25T05:55:04,DURACELL,Voir sa fiche,Equifun 30 cm,Club A Moustique individuel,,19,9,cold-start,True,LightGBM,crawl-predict:c36a23a6,936ea06ee6b9
2026-05-25T05:55:04,CRACOTTE DE ROMILIE,Voir sa fiche,Equifun 30 cm,Club A Moustique individuel,,9,17,cold-start,True,LightGBM,crawl-predict:c36a23a6,03204b36e944
2026-05-25T05:55:04,UELA DE LA CLAIRIERE,Voir sa fiche,Equifun 30 cm,Club A Moustique individuel,,10,17,cold-start,True,LightGBM,crawl-predict:c36a23a6,c8ccbda9f7c5
2026-05-25T05:55:04,HOLALA DES ISLES,Voir sa fiche,Equifun 30 cm,Club A Moustique individuel,,11,17,cold-start,True,LightGBM,crawl-predict:c36a23a6,6ac7329a5db1
2026-05-25T05:55:04,KISMET V.STAL HET NOORDER,Voir sa fiche,Equifun 30 cm,Club A Moustique individuel,,12,17,cold-start,True,LightGBM,crawl-predict:c36a23a6,d44eca92d011
2026-05-25T05:55:04,GRIBOUILLE,Voir sa fiche,Equifun 30 cm,Club A Moustique individuel,,1,100,cold-start,True,LightGBM,crawl-predict:c36a23a6,3e49ee62ce65
2026-05-25T05:55:04,STRASS COUNTRY RED THIS I,Voir sa fiche,Equifun 30 cm,Club A Moustique individuel,,13,17,cold-start,True,LightGBM,crawl-predict:c36a23a6,658e15d6548d
2026-05-25T05:55:04,GRANIT DE CABUE,Voir sa fiche,Equifun 30 cm,Club A Moustique individuel,,22,2,cold-start,True,LightGBM,crawl-predict:c36a23a6,f8d2de041858
2026-05-25T05:55:04,AQUILAR FROM BROKEN COLOU,Voir sa fiche,Equifun 30 cm,Club A Moustique individuel,,14,17,cold-start,True,LightGBM,crawl-predict:c36a23a6,045a65b6ee6e
2026-05-25T05:55:04,BEBED V STAL DIJKZICHT,Voir sa fiche,Equifun 30 cm,Club A Moustique individuel,,23,2,cold-start,True,LightGBM,crawl-predict:c36a23a6,0bf472a2b914
2026-05-25T05:55:04,FISPISTACHE DE RUILLE,Voir sa fiche,Equifun 30 cm,Club A Moustique individuel,,26,1,cold-start,True,LightGBM,crawl-predict:c36a23a6,6e9d08755959
2026-05-25T05:55:04,ELVERA V.D. RIJSBOS,Voir sa fiche,Equifun 30 cm,Club A Moustique individuel,,15,17,cold-start,True,LightGBM,crawl-predict:c36a23a6,83c642fd3f90
2026-05-25T05:55:04,ZITON,Voir sa fiche,Equifun 30 cm,Club A Moustique individuel,,16,17,cold-start,True,LightGBM,crawl-predict:c36a23a6,8076a3ef7118
2026-05-25T05:55:04,BEBED V STAL DIJKZICHT,Voir sa fiche,Equifun 30 cm,Club A Moustique individuel,,24,2,cold-start,True,LightGBM,crawl-predict:c36a23a6,cc0950ba92e4
2026-05-25T05:55:04,BLACK PEARL V STAL NEDERK,Voir sa fiche,Equifun 30 cm,Club A Moustique individuel,,17,17,cold-start,True,LightGBM,crawl-predict:c36a23a6,29ce0aa1ccac
2026-05-25T05:55:04,AQUILAR FROM BROKEN COLOU,Voir sa fiche,Equifun 30 cm,Club A Moustique individuel,,18,17,cold-start,True,LightGBM,crawl-predict:c36a23a6,2c447f206d5c
2026-05-25T05:55:04,FRIPAULLE,Voir sa fiche,Equifun 30 cm,Club A Poussin individuel,,3,17,cold-start,True,LightGBM,crawl-predict:c36a23a6,77fe00b31f9e
2026-05-25T05:55:04,KORONA,Voir sa fiche,Equifun 30 cm,Club A Poussin individuel,,4,17,cold-start,True,LightGBM,crawl-predict:c36a23a6,b45565e730a2
2026-05-25T05:55:04,GRIBOUILLE,Voir sa fiche,Equifun 30 cm,Club A Poussin individuel,,1,100,cold-start,True,LightGBM,crawl-predict:c36a23a6,d9afefce3690
2026-05-25T05:55:04,LYBERO V.D.OLDEDIJCK,Voir sa fiche,Equifun 30 cm,Club A Poussin individuel,,26,3,cold-start,True,LightGBM,crawl-predict:c36a23a6,0ccd50f53d1f
2026-05-25T05:55:04,EARL GREY DES ISLES,Voir sa fiche,Equifun 30 cm,Club A Poussin individuel,,5,17,cold-start,True,LightGBM,crawl-predict:c36a23a6,cc101fc97cc7
2026-05-25T05:55:04,HENRIETTE V.STAL HET NOOR,Voir sa fiche,Equifun 30 cm,Club A Poussin individuel,,24,4,cold-start,True,LightGBM,crawl-predict:c36a23a6,9b22542879f0
2026-05-25T05:55:04,KLOWN DES ILES,Voir sa fiche,Equifun 30 cm,Club A Poussin individuel,,6,17,cold-start,True,LightGBM,crawl-predict:c36a23a6,5897a32bb6bf
2026-05-25T05:55:04,VIK DE MAI,Voir sa fiche,Equifun 30 cm,Club A Poussin individuel,,7,17,cold-start,True,LightGBM,crawl-predict:c36a23a6,66c4523a7650
2026-05-25T05:55:04,ZITON,Voir sa fiche,Equifun 30 cm,Club A Poussin individuel,,8,17,cold-start,True,LightGBM,crawl-predict:c36a23a6,15c64e3b73de
2026-05-25T05:55:04,GRANIT DE CABUE,Voir sa fiche,Equifun 30 cm,Club A Poussin individuel,,28,2,cold-start,True,LightGBM,crawl-predict:c36a23a6,2573705af954
2026-05-25T05:55:04,DURACELL,Voir sa fiche,Equifun 30 cm,Club A Poussin individuel,,22,9,cold-start,True,LightGBM,crawl-predict:c36a23a6,96112c4182e8
2026-05-25T05:55:04,JANEIRO DE CHANTEPIE,Voir sa fiche,Equifun 30 cm,Club A Poussin individuel,,9,17,cold-start,True,LightGBM,crawl-predict:c36a23a6,2b2f7c6ce1ad
2026-05-25T05:55:04,HOLALA DES ISLES,Voir sa fiche,Equifun 30 cm,Club A Poussin individuel,,10,17,cold-start,True,LightGBM,crawl-predict:c36a23a6,2e65d4602cf4
2026-05-25T05:55:04,KORONA,Voir sa fiche,Equifun 30 cm,Club A Poussin individuel,,11,17,cold-start,True,LightGBM,crawl-predict:c36a23a6,69ee01159541
2026-05-25T05:55:04,STRASS COUNTRY RED THIS I,Voir sa fiche,Equifun 30 cm,Club A Poussin individuel,,12,17,cold-start,True,LightGBM,crawl-predict:c36a23a6,7112c091b106
2026-05-25T05:55:04,UELA DE LA CLAIRIERE,Voir sa fiche,Equifun 30 cm,Club A Poussin individuel,,13,17,cold-start,True,LightGBM,crawl-predict:c36a23a6,da109c4280e4
2026-05-25T05:55:04,GRIBOUILLE,Voir sa fiche,Equifun 30 cm,Club A Poussin individuel,,2,100,cold-start,True,LightGBM,crawl-predict:c36a23a6,cf11a0bee4d2
2026-05-25T05:55:04,HENRIETTE V.STAL HET NOOR,Voir sa fiche,Equifun 30 cm,Club A Poussin individuel,,25,4,cold-start,True,LightGBM,crawl-predict:c36a23a6,bf6775ca8351
2026-05-25T05:55:04,HECTOR,Voir sa fiche,Equifun 30 cm,Club A Poussin individuel,,14,17,cold-start,True,LightGBM,crawl-predict:c36a23a6,fac1857801be
2026-05-25T05:55:04,CRACOTTE DE ROMILIE,Voir sa fiche,Equifun 30 cm,Club A Poussin individuel,,15,17,cold-start,True,LightGBM,crawl-predict:c36a23a6,6473de50472e
2026-05-25T05:55:04,ELVERA V.D. RIJSBOS,Voir sa fiche,Equifun 30 cm,Club A Poussin individuel,,16,17,cold-start,True,LightGBM,crawl-predict:c36a23a6,a98febe94e68
2026-05-25T05:55:04,FRIPAULLE,Voir sa fiche,Equifun 30 cm,Club A Poussin individuel,,17,17,cold-start,True,LightGBM,crawl-predict:c36a23a6,c1ed78fa07e2
2026-05-25T05:55:04,FISPISTACHE DE RUILLE,Voir sa fiche,Equifun 30 cm,Club A Poussin individuel,,29,1,cold-start,True,LightGBM,crawl-predict:c36a23a6,fc4aa5595a2d
2026-05-25T05:55:04,DURACELL,Voir sa fiche,Equifun 30 cm,Club A Poussin individuel,,23,9,cold-start,True,LightGBM,crawl-predict:c36a23a6,cd84ea82c96a
2026-05-25T05:55:04,LYBERO V.D.OLDEDIJCK,Voir sa fiche,Equifun 30 cm,Club A Poussin individuel,,27,3,cold-start,True,LightGBM,crawl-predict:c36a23a6,b86d6f47749a
2026-05-25T05:55:04,VIK DE MAI,Voir sa fiche,Equifun 30 cm,Club A Poussin individuel,,18,17,cold-start,True,LightGBM,crawl-predict:c36a23a6,f2b1e1249871
2026-05-25T05:55:04,EARL GREY DES ISLES,Voir sa fiche,Equifun 30 cm,Club A Poussin individuel,,19,17,cold-start,True,LightGBM,crawl-predict:c36a23a6,d6690b3ee8d6
2026-05-25T05:55:04,KORONA,Voir sa fiche,Equifun 30 cm,Club A Poussin individuel,,20,17,cold-start,True,LightGBM,crawl-predict:c36a23a6,1068c96b2a9c
2026-05-25T05:55:04,KLOWN DES ILES,Voir sa fiche,Equifun 30 cm,Club A Poussin individuel,,21,17,cold-start,True,LightGBM,crawl-predict:c36a23a6,daf9a7e334e2
2026-05-25T05:55:04,OREO,Voir sa fiche,Equifun 40 cm,Club Poney B Benjamin individuel,,1,17,cold-start,True,LightGBM,crawl-predict:c36a23a6,6af851ac3fad
2026-05-25T05:55:04,ASMAR DE THOUARE,Voir sa fiche,Equifun 40 cm,Club Poney B Benjamin individuel,,2,17,cold-start,True,LightGBM,crawl-predict:c36a23a6,02e767c6feb8
2026-05-25T05:55:04,TYGOLAU CAMPARI,Voir sa fiche,Equifun 40 cm,Club Poney B Benjamin individuel,,3,17,cold-start,True,LightGBM,crawl-predict:c36a23a6,79df83146b21
2026-05-25T05:55:04,KACY RANCE EMERAUDE,Voir sa fiche,Equifun 40 cm,Club Poney B Benjamin individuel,,18,4,cold-start,True,LightGBM,crawl-predict:c36a23a6,b60e129eee18
2026-05-25T05:55:04,KLOWN DES ILES,Voir sa fiche,Equifun 40 cm,Club Poney B Benjamin individuel,,4,17,cold-start,True,LightGBM,crawl-predict:c36a23a6,a1a8039d4a19
2026-05-25T05:55:04,CONAN GALICIAS JADEO,Voir sa fiche,Equifun 40 cm,Club Poney B Benjamin individuel,,5,17,cold-start,True,LightGBM,crawl-predict:c36a23a6,08477f3912b2
2026-05-25T05:55:04,HECTOR,Voir sa fiche,Equifun 40 cm,Club Poney B Benjamin individuel,,6,17,cold-start,True,LightGBM,crawl-predict:c36a23a6,eda343052822
2026-05-25T05:55:04,STRASS COUNTRY RED THIS I,Voir sa fiche,Equifun 40 cm,Club Poney B Benjamin individuel,,7,17,cold-start,True,LightGBM,crawl-predict:c36a23a6,71a6f8fd2093
2026-05-25T05:55:04,OREO,Voir sa fiche,Equifun 40 cm,Club Poney B Benjamin individuel,,8,17,cold-start,True,LightGBM,crawl-predict:c36a23a6,f7f68780e618
2026-05-25T05:55:04,ELKAYA DES BERTAINES,Voir sa fiche,Equifun 40 cm,Club Poney B Benjamin individuel,,9,17,cold-start,True,LightGBM,crawl-predict:c36a23a6,adf8b49c644e
2026-05-25T05:55:04,HENRIETTE V.STAL HET NOOR,Voir sa fiche,Equifun 40 cm,Club Poney B Benjamin individuel,,19,4,cold-start,True,LightGBM,crawl-predict:c36a23a6,cd1efc44582a
2026-05-25T05:55:04,CRACOTTE DE ROMILIE,Voir sa fiche,Equifun 40 cm,Club Poney B Benjamin individuel,,10,17,cold-start,True,LightGBM,crawl-predict:c36a23a6,eb9a34581b23
2026-05-25T05:55:04,ASMAR DE THOUARE,Voir sa fiche,Equifun 40 cm,Club Poney B Benjamin individuel,,11,17,cold-start,True,LightGBM,crawl-predict:c36a23a6,af125e44b6bd
2026-05-25T05:55:04,LYBERO V.D.OLDEDIJCK,Voir sa fiche,Equifun 40 cm,Club Poney B Benjamin individuel,,21,3,cold-start,True,LightGBM,crawl-predict:c36a23a6,407c1fdae87e
2026-05-25T05:55:04,KACY RANCE EMERAUDE,Voir sa fiche,Equifun 40 cm,Club Poney B Benjamin individuel,,20,4,cold-start,True,LightGBM,crawl-predict:c36a23a6,e1e7e9d90426
2026-05-25T05:55:04,OREO,Voir sa fiche,Equifun 40 cm,Club Poney B Benjamin individuel,,12,17,cold-start,True,LightGBM,crawl-predict:c36a23a6,483faf2d0a78
2026-05-25T05:55:04,ELYSIA DES BERTAINES,Voir sa fiche,Equifun 40 cm,Club Poney B Benjamin individuel,,13,17,cold-start,True,LightGBM,crawl-predict:c36a23a6,14fe4bce11ab
2026-05-25T05:55:04,CONAN GALICIAS JADEO,Voir sa fiche,Equifun 40 cm,Club Poney B Benjamin individuel,,14,17,cold-start,True,LightGBM,crawl-predict:c36a23a6,148c377a77ea
2026-05-25T05:55:04,TYGOLAU CAMPARI,Voir sa fiche,Equifun 40 cm,Club Poney B Benjamin individuel,,15,17,cold-start,True,LightGBM,crawl-predict:c36a23a6,648dbf27b87d
2026-05-25T05:55:04,ELKAYA DES BERTAINES,Voir sa fiche,Equifun 40 cm,Club Poney B Benjamin individuel,,16,17,cold-start,True,LightGBM,crawl-predict:c36a23a6,f639b751a9f1
2026-05-25T05:55:04,ASMAR DE THOUARE,Voir sa fiche,Equifun 40 cm,Club Poney B Benjamin individuel,,17,17,cold-start,True,LightGBM,crawl-predict:c36a23a6,d8a295e7ced6
2026-05-25T05:55:04,PETITE HOLLY,Voir sa fiche,Equifun 40 cm,Club Poney Benjamin individuel,,5,5,cold-start,True,LightGBM,crawl-predict:c36a23a6,90f27aa95b03
2026-05-25T05:55:04,CURUN ARVORIG,Voir sa fiche,Equifun 40 cm,Club Poney Benjamin individuel,,3,17,cold-start,True,LightGBM,crawl-predict:c36a23a6,2746442b0ee1
2026-05-25T05:55:04,SPRINT DE CAMENT,Voir sa fiche,Equifun 40 cm,Club Poney Benjamin individuel,,1,36,cold-start,True,LightGBM,crawl-predict:c36a23a6,22222838916b
2026-05-25T05:55:04,PETITE HOLLY,Voir sa fiche,Equifun 40 cm,Club Poney Benjamin individuel,,6,5,cold-start,True,LightGBM,crawl-predict:c36a23a6,3af98accfa03
2026-05-25T05:55:04,KACY RANCE EMERAUDE,Voir sa fiche,Equifun 40 cm,Club Poney Benjamin individuel,,8,4,cold-start,True,LightGBM,crawl-predict:c36a23a6,503acc4c446c
2026-05-25T05:55:04,CURUN ARVORIG,Voir sa fiche,Equifun 40 cm,Club Poney Benjamin individuel,,4,17,cold-start,True,LightGBM,crawl-predict:c36a23a6,754da59c1708
2026-05-25T05:55:04,FLAK,Voir sa fiche,Equifun 40 cm,Club Poney Benjamin individuel,,2,18,cold-start,True,LightGBM,crawl-predict:c36a23a6,aac8a9eec098
2026-05-25T05:55:04,PETITE HOLLY,Voir sa fiche,Equifun 40 cm,Club Poney Benjamin individuel,,7,5,cold-start,True,LightGBM,crawl-predict:c36a23a6,bf3fedb5640d
2026-05-25T05:55:04,VOLT ESS,Voir sa fiche,Equifun 60 cm,Club Poney Cadet individuel,,2,17,cold-start,True,LightGBM,crawl-predict:c36a23a6,f7944e512ac2
2026-05-25T05:55:04,FAVIDSON,Voir sa fiche,Equifun 60 cm,Club Poney Cadet individuel,,1,20,cold-start,True,LightGBM,crawl-predict:c36a23a6,8d762809590b
2026-05-25T05:55:04,VOLT ESS,Voir sa fiche,Equifun 50 cm,Club Poney Minime individuel,,4,17,cold-start,True,LightGBM,crawl-predict:c36a23a6,55412b61161b
2026-05-25T05:55:04,HICETEA DE MAZ,Voir sa fiche,Equifun 50 cm,Club Poney Minime individuel,,5,17,cold-start,True,LightGBM,crawl-predict:c36a23a6,4613f14efd50
2026-05-25T05:55:04,KEEPITFUNDELA COLLINE,Voir sa fiche,Equifun 50 cm,Club Poney Minime individuel,,10,7,cold-start,True,LightGBM,crawl-predict:c36a23a6,15ff5e42a574
2026-05-25T05:55:04,KODA ESS,Voir sa fiche,Equifun 50 cm,Club Poney Minime individuel,,6,17,cold-start,True,LightGBM,crawl-predict:c36a23a6,6d78555dd363
2026-05-25T05:55:04,FAVIDSON,Voir sa fiche,Equifun 50 cm,Club Poney Minime individuel,,3,20,cold-start,True,LightGBM,crawl-predict:c36a23a6,ea1d60d972a3
2026-05-25T05:55:04,SPRINT DE CAMENT,Voir sa fiche,Equifun 50 cm,Club Poney Minime individuel,,1,36,cold-start,True,LightGBM,crawl-predict:c36a23a6,bd60622a4080
2026-05-25T05:55:04,KALIF DE BAUSSE,Voir sa fiche,Equifun 50 cm,Club Poney Minime individuel,,7,17,cold-start,True,LightGBM,crawl-predict:c36a23a6,afafc1f3b6f4
2026-05-25T05:55:04,HICETEA DE MAZ,Voir sa fiche,Equifun 50 cm,Club Poney Minime individuel,,8,17,cold-start,True,LightGBM,crawl-predict:c36a23a6,abdcf8487d96
2026-05-25T05:55:04,VOLT ESS,Voir sa fiche,Equifun 50 cm,Club Poney Minime individuel,,9,17,cold-start,True,LightGBM,crawl-predict:c36a23a6,e389560afce0
2026-05-25T05:55:04,SPRINT DE CAMENT,Voir sa fiche,Equifun 50 cm,Club Poney Minime individuel,,2,36,cold-start,True,LightGBM,crawl-predict:c36a23a6,d908bad4b59d
2026-05-25T05:55:04,EVERDEEN DE MAIKA,Voir sa fiche,Equifun 70 cm,Club Elite individuel,,1,17,cold-start,True,LightGBM,crawl-predict:c36a23a6,74e3d157a0ff
2026-05-25T05:55:04,ANOUK DES SAULINES,Voir sa fiche,Equifun 70 cm,Club Elite individuel,,2,17,cold-start,True,LightGBM,crawl-predict:c36a23a6,7166ac936d53
2026-05-25T05:55:04,KALIF DE BAUSSE,Voir sa fiche,Equifun 70 cm,Club Elite individuel,,3,17,cold-start,True,LightGBM,crawl-predict:c36a23a6,8dde6c51c135
2026-05-25T05:55:04,MARIALVA,Voir sa fiche,Equifun 70 cm,Club Elite individuel,,8,6,cold-start,True,LightGBM,crawl-predict:c36a23a6,5d5ef119415d
2026-05-25T05:55:04,SAMBA,Voir sa fiche,Equifun 70 cm,Club Elite individuel,,4,17,cold-start,True,LightGBM,crawl-predict:c36a23a6,41679f08284b
2026-05-25T05:55:04,SHOGOUN DES BAUX,Voir sa fiche,Equifun 70 cm,Club Elite individuel,,5,17,cold-start,True,LightGBM,crawl-predict:c36a23a6,c16b2cc60799
2026-05-25T05:55:04,EVERDEEN DE MAIKA,Voir sa fiche,Equifun 70 cm,Club Elite individuel,,6,17,cold-start,True,LightGBM,crawl-predict:c36a23a6,7b4812931569
2026-05-25T05:55:04,ANOUK DES SAULINES,Voir sa fiche,Equifun 70 cm,Club Elite individuel,,7,17,cold-start,True,LightGBM,crawl-predict:c36a23a6,bdfbee7dd553
2026-05-25T05:55:04,IDA DU THEIL,Voir sa fiche,Equifun 30 cm,Club A Moustique Chp Dpt Circuit Dpt individuel,,1,17,cold-start,True,LightGBM,crawl-predict:c36a23a6,4ed93d0d8e1f
2026-05-25T05:55:04,VAGABOND AGREMENT,Voir sa fiche,Equifun 30 cm,Club A Moustique Chp Dpt Circuit Dpt individuel,,2,17,cold-start,True,LightGBM,crawl-predict:c36a23a6,b50f58e1c3b4
2026-05-25T05:55:04,JUPITER DU THEIL,Voir sa fiche,Equifun 30 cm,Club A Moustique Chp Dpt Circuit Dpt individuel,,3,17,cold-start,True,LightGBM,crawl-predict:c36a23a6,8e1c6d5d328d
2026-05-25T05:55:04,VANILLE,Voir sa fiche,Equifun 30 cm,Club A Moustique Chp Dpt Circuit Dpt individuel,,9,3,cold-start,True,LightGBM,crawl-predict:c36a23a6,91cbaedd62b9
2026-05-25T05:55:04,DEWEY DU THEIL,Voir sa fiche,Equifun 30 cm,Club A Moustique Chp Dpt Circuit Dpt individuel,,4,17,cold-start,True,LightGBM,crawl-predict:c36a23a6,7a482481cc17
2026-05-25T05:55:04,IDA DU THEIL,Voir sa fiche,Equifun 30 cm,Club A Moustique Chp Dpt Circuit Dpt individuel,,5,17,cold-start,True,LightGBM,crawl-predict:c36a23a6,de382dae343f
2026-05-25T05:55:04,ROMAN,Voir sa fiche,Equifun 30 cm,Club A Moustique Chp Dpt Circuit Dpt individuel,,6,17,cold-start,True,LightGBM,crawl-predict:c36a23a6,b44c5bbb4fab
2026-05-25T05:55:04,VOLCAN DU NABERON,Voir sa fiche,Equifun 30 cm,Club A Moustique Chp Dpt Circuit Dpt individuel,,7,17,cold-start,True,LightGBM,crawl-predict:c36a23a6,e0a628f1f824
2026-05-25T05:55:04,LUCIFER DU THEIL,Voir sa fiche,Equifun 30 cm,Club A Moustique Chp Dpt Circuit Dpt individuel,,8,17,cold-start,True,LightGBM,crawl-predict:c36a23a6,8cae23f462a3
2026-05-25T05:55:04,INTI RAYMI DES ISLES,Voir sa fiche,Equifun 30 cm,Club A Poussin Chp Dpt Circuit Dpt individuel,,1,17,cold-start,True,LightGBM,crawl-predict:c36a23a6,504c23229da5
2026-05-25T05:55:04,LILO DU THEIL,Voir sa fiche,Equifun 30 cm,Club A Poussin Chp Dpt Circuit Dpt individuel,,2,17,cold-start,True,LightGBM,crawl-predict:c36a23a6,7abbc2d55f96
2026-05-25T05:55:04,IDA DU THEIL,Voir sa fiche,Equifun 30 cm,Club A Poussin Chp Dpt Circuit Dpt individuel,,3,17,cold-start,True,LightGBM,crawl-predict:c36a23a6,0dbf30333552
2026-05-25T05:55:04,ROMAN,Voir sa fiche,Equifun 30 cm,Club A Poussin Chp Dpt Circuit Dpt individuel,,4,17,cold-start,True,LightGBM,crawl-predict:c36a23a6,c39a924275eb
2026-05-25T05:55:04,VOLCAN DU NABERON,Voir sa fiche,Equifun 30 cm,Club A Poussin Chp Dpt Circuit Dpt individuel,,5,17,cold-start,True,LightGBM,crawl-predict:c36a23a6,d8fcba33522c
2026-05-25T05:55:04,VANILLE,Voir sa fiche,Equifun 30 cm,Club A Poussin Chp Dpt Circuit Dpt individuel,,7,3,cold-start,True,LightGBM,crawl-predict:c36a23a6,c2f4cecf270f
2026-05-25T05:55:04,HOUPLA DU PETIT GUE,Voir sa fiche,Equifun 30 cm,Club A Poussin Chp Dpt Circuit Dpt individuel,,6,17,cold-start,True,LightGBM,crawl-predict:c36a23a6,fa7077525bf5
2026-05-25T05:55:04,JUPITER DU THEIL,Voir sa fiche,Equifun 40 cm,Club Poney B Benjamin Chp Dpt Circuit Dpt individuel,,5,17,cold-start,True,LightGBM,crawl-predict:c36a23a6,eff8a86bd474
2026-05-25T05:55:04,ULTRA CHIC D'YL,Voir sa fiche,Equifun 40 cm,Club Poney B Benjamin Chp Dpt Circuit Dpt individuel,,3,26,cold-start,True,LightGBM,crawl-predict:c36a23a6,1cb4fb037833
2026-05-25T05:55:04,INTI RAYMI DES ISLES,Voir sa fiche,Equifun 40 cm,Club Poney B Benjamin Chp Dpt Circuit Dpt individuel,,6,17,cold-start,True,LightGBM,crawl-predict:c36a23a6,781f3d80b060
2026-05-25T05:55:04,TONNERRE,Voir sa fiche,Equifun 40 cm,Club Poney B Benjamin Chp Dpt Circuit Dpt individuel,,4,20,cold-start,True,LightGBM,crawl-predict:c36a23a6,d32d5efed85e
2026-05-25T05:55:04,MOANA DU THEIL,Voir sa fiche,Equifun 40 cm,Club Poney B Benjamin Chp Dpt Circuit Dpt individuel,,7,17,cold-start,True,LightGBM,crawl-predict:c36a23a6,f6d6289e6bf1
2026-05-25T05:55:04,ULTRA,Voir sa fiche,Equifun 40 cm,Club Poney B Benjamin Chp Dpt Circuit Dpt individuel,,1,43,cold-start,True,LightGBM,crawl-predict:c36a23a6,1c1de8de8a8c
2026-05-25T05:55:04,RIKITA,Voir sa fiche,Equifun 40 cm,Club Poney B Benjamin Chp Dpt Circuit Dpt individuel,,2,38,cold-start,True,LightGBM,crawl-predict:c36a23a6,a0dba30fc085
2026-05-25T05:55:04,GADGET DU THEIL,Voir sa fiche,Equifun 40 cm,Club Poney B Benjamin Chp Dpt Circuit Dpt individuel,,8,17,cold-start,True,LightGBM,crawl-predict:c36a23a6,16d396e2fbe6
2026-05-25T05:55:04,ROMANCE,Voir sa fiche,Equifun 40 cm,Club Poney B Benjamin Chp Dpt Circuit Dpt individuel,,9,17,cold-start,True,LightGBM,crawl-predict:c36a23a6,d60343adc49d
2026-05-25T05:55:04,TIPSY,Voir sa fiche,Equifun 40 cm,Club Poney B Benjamin Chp Dpt Circuit Dpt individuel,,10,17,cold-start,True,LightGBM,crawl-predict:c36a23a6,0103f1060d95
2026-05-25T05:55:04,HOUPLA DU PETIT GUE,Voir sa fiche,Equifun 40 cm,Club Poney B Benjamin Chp Dpt Circuit Dpt individuel,,11,17,cold-start,True,LightGBM,crawl-predict:c36a23a6,231944696430
2026-05-25T05:55:04,TIPSY,Voir sa fiche,Equifun 40 cm,Club Poney B Benjamin Chp Dpt Circuit Dpt individuel,,12,17,cold-start,True,LightGBM,crawl-predict:c36a23a6,60d46ca1d9ba
2026-05-25T05:55:04,BAYKA,Voir sa fiche,Equifun 40 cm,Club Poney B Benjamin Chp Dpt Circuit Dpt individuel,,20,5,cold-start,True,LightGBM,crawl-predict:c36a23a6,ba2c42d09b2e
2026-05-25T05:55:04,MOGWAI DU THEIL,Voir sa fiche,Equifun 40 cm,Club Poney B Benjamin Chp Dpt Circuit Dpt individuel,,13,17,cold-start,True,LightGBM,crawl-predict:c36a23a6,af8be42d7477
2026-05-25T05:55:04,JAMAIK DE LOUZ,Voir sa fiche,Equifun 40 cm,Club Poney B Benjamin Chp Dpt Circuit Dpt individuel,,14,17,cold-start,True,LightGBM,crawl-predict:c36a23a6,7b45634fa5e4
2026-05-25T05:55:04,VOLCAN DU NABERON,Voir sa fiche,Equifun 40 cm,Club Poney B Benjamin Chp Dpt Circuit Dpt individuel,,15,17,cold-start,True,LightGBM,crawl-predict:c36a23a6,304b5f0fe6a9
2026-05-25T05:55:04,VANILLE,Voir sa fiche,Equifun 40 cm,Club Poney B Benjamin Chp Dpt Circuit Dpt individuel,,21,3,cold-start,True,LightGBM,crawl-predict:c36a23a6,5acdbd8622cb
2026-05-25T05:55:04,TIPSY,Voir sa fiche,Equifun 40 cm,Club Poney B Benjamin Chp Dpt Circuit Dpt individuel,,16,17,cold-start,True,LightGBM,crawl-predict:c36a23a6,375962a0f024
2026-05-25T05:55:04,ATCHOUM 39,Voir sa fiche,Equifun 40 cm,Club Poney B Benjamin Chp Dpt Circuit Dpt individuel,,17,17,cold-start,True,LightGBM,crawl-predict:c36a23a6,935165cf9a89
2026-05-25T05:55:04,ATCHOUM 39,Voir sa fiche,Equifun 40 cm,Club Poney B Benjamin Chp Dpt Circuit Dpt individuel,,18,17,cold-start,True,LightGBM,crawl-predict:c36a23a6,dbc5e089d3fe
2026-05-25T05:55:04,JUPITER DU THEIL,Voir sa fiche,Equifun 40 cm,Club Poney B Benjamin Chp Dpt Circuit Dpt individuel,,19,17,cold-start,True,LightGBM,crawl-predict:c36a23a6,517bf2404369
2026-05-25T05:55:04,TONNERRE,Voir sa fiche,Equifun 40 cm,Club Poney Benjamin Chp Dpt Circuit Dpt individuel,,3,20,cold-start,True,LightGBM,crawl-predict:c36a23a6,0ec0595f3932
2026-05-25T05:55:04,ULTRA CHIC D'YL,Voir sa fiche,Equifun 40 cm,Club Poney Benjamin Chp Dpt Circuit Dpt individuel,,2,26,cold-start,True,LightGBM,crawl-predict:c36a23a6,8cd9a64b9081
2026-05-25T05:55:04,CROCO D'YL,Voir sa fiche,Equifun 40 cm,Club Poney Benjamin Chp Dpt Circuit Dpt individuel,,4,17,cold-start,True,LightGBM,crawl-predict:c36a23a6,f2b6f4b58870
2026-05-25T05:55:04,ROMANCE,Voir sa fiche,Equifun 40 cm,Club Poney Benjamin Chp Dpt Circuit Dpt individuel,,5,17,cold-start,True,LightGBM,crawl-predict:c36a23a6,30444fa85f33
2026-05-25T05:55:04,ELDORA DU MIDI,Voir sa fiche,Equifun 40 cm,Club Poney Benjamin Chp Dpt Circuit Dpt individuel,,6,17,cold-start,True,LightGBM,crawl-predict:c36a23a6,36d05f85e4e0
2026-05-25T05:55:04,ULTRA,Voir sa fiche,Equifun 40 cm,Club Poney Benjamin Chp Dpt Circuit Dpt individuel,,1,43,cold-start,True,LightGBM,crawl-predict:c36a23a6,14927acfeb76
2026-05-25T05:55:04,DENUIT DE MOSAIQUE,Voir sa fiche,Equifun 40 cm,Club Poney Benjamin Chp Dpt Circuit Dpt individuel,,7,17,cold-start,True,LightGBM,crawl-predict:c36a23a6,ab5ecfd94ae8
2026-05-25T05:55:04,VIRAG,Voir sa fiche,Equifun 40 cm,Club Poney Benjamin Chp Dpt Circuit Dpt individuel,,8,17,cold-start,True,LightGBM,crawl-predict:c36a23a6,17da1d8f07ed
2026-05-25T05:55:04,VIRAG,Voir sa fiche,Equifun 40 cm,Club Poney Benjamin Chp Dpt Circuit Dpt individuel,,9,17,cold-start,True,LightGBM,crawl-predict:c36a23a6,b0784ee17b3c
2026-05-25T05:55:04,ESPOIR,Voir sa fiche,Equifun 40 cm,Club Poney Benjamin Chp Dpt Circuit Dpt individuel,,10,17,cold-start,True,LightGBM,crawl-predict:c36a23a6,dacdf42e1010
2026-05-25T05:55:04,ESPOIR,Voir sa fiche,Equifun 40 cm,Club Poney Benjamin Chp Dpt Circuit Dpt individuel,,11,17,cold-start,True,LightGBM,crawl-predict:c36a23a6,960a1e1c4f83
2026-05-25T05:55:04,ESPOIR,Voir sa fiche,Equifun 40 cm,Club Poney Benjamin Chp Dpt Circuit Dpt individuel,,12,17,cold-start,True,LightGBM,crawl-predict:c36a23a6,27795a785ebf
2026-05-25T05:55:04,CHUPA CHUPS D'YL,Voir sa fiche,Equifun 40 cm,Club Poney Benjamin Chp Dpt Circuit Dpt individuel,,13,15,cold-start,True,LightGBM,crawl-predict:c36a23a6,a0ef2b8e2e20
2026-05-25T05:55:04,ULTRACHIC,Voir sa fiche,Equifun 60 cm,Club Poney Cadet Chp Dpt Circuit Dpt individuel,,1,17,cold-start,True,LightGBM,crawl-predict:c36a23a6,8f2dfb7f0963
2026-05-25T05:55:04,ULTRACHIC,Voir sa fiche,Equifun 60 cm,Club Poney Cadet Chp Dpt Circuit Dpt individuel,,2,17,cold-start,True,LightGBM,crawl-predict:c36a23a6,ea6e42609be2
2026-05-25T05:55:04,CHUPA CHUPS D'YL,Voir sa fiche,Equifun 60 cm,Club Poney Cadet Chp Dpt Circuit Dpt individuel,,4,15,cold-start,True,LightGBM,crawl-predict:c36a23a6,5be46cad8864
2026-05-25T05:55:04,CROCO D'YL,Voir sa fiche,Equifun 60 cm,Club Poney Cadet Chp Dpt Circuit Dpt individuel,,3,17,cold-start,True,LightGBM,crawl-predict:c36a23a6,bf66c2afc7d4
2026-05-25T05:55:04,ELDORA DU MIDI,Voir sa fiche,Equifun 60 cm,Club Poney Junior Chp Dpt Circuit Dpt individuel,,1,17,cold-start,True,LightGBM,crawl-predict:c36a23a6,d19da2ebcc99
2026-05-25T05:55:04,ULTRACHIC,Voir sa fiche,Equifun 50 cm,Club Poney Minime Chp Dpt Circuit Dpt individuel,,4,17,cold-start,True,LightGBM,crawl-predict:c36a23a6,dc5317818499
2026-05-25T05:55:04,ULTRA CHIC D'YL,Voir sa fiche,Equifun 50 cm,Club Poney Minime Chp Dpt Circuit Dpt individuel,,3,26,cold-start,True,LightGBM,crawl-predict:c36a23a6,5e01ee88c31b
2026-05-25T05:55:04,RIKITA,Voir sa fiche,Equifun 50 cm,Club Poney Minime Chp Dpt Circuit Dpt individuel,,2,38,cold-start,True,LightGBM,crawl-predict:c36a23a6,65669632e1c9
2026-05-25T05:55:04,CROCO D'YL,Voir sa fiche,Equifun 50 cm,Club Poney Minime Chp Dpt Circuit Dpt individuel,,5,17,cold-start,True,LightGBM,crawl-predict:c36a23a6,8207bc37a183
2026-05-25T05:55:04,ULTRA,Voir sa fiche,Equifun 50 cm,Club Poney Minime Chp Dpt Circuit Dpt individuel,,1,43,cold-start,True,LightGBM,crawl-predict:c36a23a6,255d3ef78ab6
2026-05-25T05:55:04,PEQY,Voir sa fiche,Equifun 50 cm,Club Poney Minime Chp Dpt Circuit Dpt individuel,,6,17,cold-start,True,LightGBM,crawl-predict:c36a23a6,7b8f317e3929
2026-05-25T05:55:04,DENUIT DE MOSAIQUE,Voir sa fiche,Equifun 60 cm,Club Chp Dpt Circuit Dpt individuel,,1,17,cold-start,True,LightGBM,crawl-predict:c36a23a6,527e56935a05
2026-05-25T05:55:04,PEQY,Voir sa fiche,Equifun 60 cm,Club Chp Dpt Circuit Dpt individuel,,2,17,cold-start,True,LightGBM,crawl-predict:c36a23a6,4ef3cf4187a8
2026-05-25T05:55:04,ACTOR VD SCHOONENBURG,Voir sa fiche,Equifun 30 cm,Club A Poussin individuel,,1,17,cold-start,True,LightGBM,crawl-predict:c36a23a6,bcb59047cd8f
2026-05-25T05:55:04,CEKI,Voir sa fiche,Equifun 30 cm,Club A Poussin individuel,,2,17,cold-start,True,LightGBM,crawl-predict:c36a23a6,be8f2190addd
2026-05-25T05:55:04,ETOILE,Voir sa fiche,Equifun 40 cm,Club Poney B Benjamin individuel,,3,4,cold-start,True,LightGBM,crawl-predict:c36a23a6,275be647902b
2026-05-25T05:55:04,RIVER DU REAL,Voir sa fiche,Equifun 40 cm,Club Poney B Benjamin individuel,,1,17,cold-start,True,LightGBM,crawl-predict:c36a23a6,db52c92889f2
2026-05-25T05:55:04,VIDOCQ,Voir sa fiche,Equifun 40 cm,Club Poney B Benjamin individuel,,2,17,cold-start,True,LightGBM,crawl-predict:c36a23a6,50575279c3c8
2026-05-25T05:55:04,HARIBO DU MONARQUE,Voir sa fiche,Equifun 40 cm,Club Poney Benjamin individuel,,1,17,cold-start,True,LightGBM,crawl-predict:c36a23a6,88b7d436286a
2026-05-25T05:55:04,RIVER DU REAL,Voir sa fiche,Equifun 40 cm,Club Poney Benjamin individuel,,2,17,cold-start,True,LightGBM,crawl-predict:c36a23a6,d5eb6d87194b
2026-05-25T05:55:04,VIDOCQ,Voir sa fiche,Equifun 40 cm,Club Poney Benjamin individuel,,3,17,cold-start,True,LightGBM,crawl-predict:c36a23a6,28db1c39c221
2026-05-25T05:55:04,VERY GOOD,Voir sa fiche,Equifun 30 cm,Club A Moustique Circuit Dpt individuel,,1,17,cold-start,True,LightGBM,crawl-predict:c36a23a6,7f7a91408362
2026-05-25T05:55:04,RUFIN,Voir sa fiche,Equifun 30 cm,Club A Moustique Circuit Dpt individuel,,2,17,cold-start,True,LightGBM,crawl-predict:c36a23a6,75b60b5cc88e
2026-05-25T05:55:04,RUFIN,Voir sa fiche,Equifun 30 cm,Club A Moustique Circuit Dpt individuel,,3,17,cold-start,True,LightGBM,crawl-predict:c36a23a6,a407a369ea28
2026-05-25T05:55:04,ICARO,Voir sa fiche,Equifun 30 cm,Club A Moustique Circuit Dpt individuel,,4,17,cold-start,True,LightGBM,crawl-predict:c36a23a6,73ede296aabd
2026-05-25T05:55:04,PRUNE,Voir sa fiche,Equifun 30 cm,Club A Poussin individuel,,1,17,cold-start,True,LightGBM,crawl-predict:c36a23a6,368503597944
2026-05-25T05:55:04,PRUNE,Voir sa fiche,Equifun 30 cm,Club A Poussin individuel,,2,17,cold-start,True,LightGBM,crawl-predict:c36a23a6,ee06fb5994dd
2026-05-25T05:55:04,HIP HIP HIP,Voir sa fiche,Equifun 30 cm,Club A Poussin individuel,,3,17,cold-start,True,LightGBM,crawl-predict:c36a23a6,444b38bca602
2026-05-25T05:55:04,RUFIN,Voir sa fiche,Equifun 30 cm,Club A Poussin individuel,,4,17,cold-start,True,LightGBM,crawl-predict:c36a23a6,3d282bf8a2d6
2026-05-25T05:55:04,HOUPETTE,Voir sa fiche,Equifun 30 cm,Club A Poussin individuel,,5,17,cold-start,True,LightGBM,crawl-predict:c36a23a6,a341fcf6de81
2026-05-25T05:55:04,KIWI,Voir sa fiche,Equifun 30 cm,Club A Poussin individuel,,6,17,cold-start,True,LightGBM,crawl-predict:c36a23a6,585af13e0cf5
2026-05-25T05:55:04,VERY GOOD,Voir sa fiche,Equifun 30 cm,Club A Poussin individuel,,7,17,cold-start,True,LightGBM,crawl-predict:c36a23a6,10cfbe1dff99
2026-05-25T05:55:04,ICARO,Voir sa fiche,Equifun 30 cm,Club A Poussin individuel,,8,17,cold-start,True,LightGBM,crawl-predict:c36a23a6,3182a7b9f174
2026-05-25T05:55:04,ICARO,Voir sa fiche,Equifun 30 cm,Club A Poussin individuel,,9,17,cold-start,True,LightGBM,crawl-predict:c36a23a6,b2eb48a0e08b
2026-05-25T05:55:04,HIP HIP HIP,Voir sa fiche,Equifun 40 cm,Club Poney B Benjamin individuel,,1,17,cold-start,True,LightGBM,crawl-predict:c36a23a6,9b2d20e3140a
2026-05-25T05:55:04,CHIQUITA DU VIGNAULT,Voir sa fiche,Equifun 40 cm,Club Poney B Benjamin individuel,,23,2,cold-start,True,LightGBM,crawl-predict:c36a23a6,a677b98f3f0a
2026-05-25T05:55:04,PRUNE,Voir sa fiche,Equifun 40 cm,Club Poney B Benjamin individuel,,2,17,cold-start,True,LightGBM,crawl-predict:c36a23a6,b27b0a443965
2026-05-25T05:55:04,JASMIN DE YAME,Voir sa fiche,Equifun 40 cm,Club Poney B Benjamin individuel,,3,17,cold-start,True,LightGBM,crawl-predict:c36a23a6,3bbe82554225
2026-05-25T05:55:04,DRYADE DE BUGES,Voir sa fiche,Equifun 40 cm,Club Poney B Benjamin individuel,,4,17,cold-start,True,LightGBM,crawl-predict:c36a23a6,4e789593c472
2026-05-25T05:55:04,KIWI,Voir sa fiche,Equifun 40 cm,Club Poney B Benjamin individuel,,5,17,cold-start,True,LightGBM,crawl-predict:c36a23a6,ff1f8b5bee95
2026-05-25T05:55:04,IDEAL HOT PEPPERS,Voir sa fiche,Equifun 40 cm,Club Poney B Benjamin individuel,,6,17,cold-start,True,LightGBM,crawl-predict:c36a23a6,451589071e7c
2026-05-25T05:55:04,DRYADE DE BUGES,Voir sa fiche,Equifun 40 cm,Club Poney B Benjamin individuel,,7,17,cold-start,True,LightGBM,crawl-predict:c36a23a6,c1a989612f45
2026-05-25T05:55:04,TITEUF DES GRILLES,Voir sa fiche,Equifun 40 cm,Club Poney B Benjamin individuel,,8,17,cold-start,True,LightGBM,crawl-predict:c36a23a6,c02d77a29820
2026-05-25T05:55:04,HERMES OF SANDO,Voir sa fiche,Equifun 40 cm,Club Poney B Benjamin individuel,,9,17,cold-start,True,LightGBM,crawl-predict:c36a23a6,c503087f10b3
2026-05-25T05:55:04,CHANEL,Voir sa fiche,Equifun 40 cm,Club Poney B Benjamin individuel,,10,17,cold-start,True,LightGBM,crawl-predict:c36a23a6,ce2dfc1426a5
2026-05-25T05:55:04,VAINQUEUR,Voir sa fiche,Equifun 40 cm,Club Poney B Benjamin individuel,,11,17,cold-start,True,LightGBM,crawl-predict:c36a23a6,1625fde8925d
2026-05-25T05:55:04,JASMIN DE YAME,Voir sa fiche,Equifun 40 cm,Club Poney B Benjamin individuel,,12,17,cold-start,True,LightGBM,crawl-predict:c36a23a6,ee3a117ca63c
2026-05-25T05:55:04,CHANEL,Voir sa fiche,Equifun 40 cm,Club Poney B Benjamin individuel,,13,17,cold-start,True,LightGBM,crawl-predict:c36a23a6,ecea0fc186a5
2026-05-25T05:55:04,GERRY 2,Voir sa fiche,Equifun 40 cm,Club Poney B Benjamin individuel,,14,17,cold-start,True,LightGBM,crawl-predict:c36a23a6,aaac8966ccb1
2026-05-25T05:55:04,JOKER GRAND CHENE,Voir sa fiche,Equifun 40 cm,Club Poney B Benjamin individuel,,15,17,cold-start,True,LightGBM,crawl-predict:c36a23a6,35017f38a85b
2026-05-25T05:55:04,LAMBRUSCO DU LIEVINOIS,Voir sa fiche,Equifun 40 cm,Club Poney B Benjamin individuel,,16,17,cold-start,True,LightGBM,crawl-predict:c36a23a6,9d1f2453dd13
2026-05-25T05:55:04,KIWI,Voir sa fiche,Equifun 40 cm,Club Poney B Benjamin individuel,,17,17,cold-start,True,LightGBM,crawl-predict:c36a23a6,1e5185df112d
2026-05-25T05:55:04,GERRY 2,Voir sa fiche,Equifun 40 cm,Club Poney B Benjamin individuel,,18,17,cold-start,True,LightGBM,crawl-predict:c36a23a6,86abe2589cc7
2026-05-25T05:55:04,CHANEL,Voir sa fiche,Equifun 40 cm,Club Poney B Benjamin individuel,,19,17,cold-start,True,LightGBM,crawl-predict:c36a23a6,ab0155ca3b31
2026-05-25T05:55:04,FAN DE MENOIS,Voir sa fiche,Equifun 40 cm,Club Poney B Benjamin individuel,,20,17,cold-start,True,LightGBM,crawl-predict:c36a23a6,404624dd173b
2026-05-25T05:55:04,LAMBRUSCO DU LIEVINOIS,Voir sa fiche,Equifun 40 cm,Club Poney B Benjamin individuel,,21,17,cold-start,True,LightGBM,crawl-predict:c36a23a6,c4556cc2e643
2026-05-25T05:55:04,VAINQUEUR,Voir sa fiche,Equifun 40 cm,Club Poney B Benjamin individuel,,22,17,cold-start,True,LightGBM,crawl-predict:c36a23a6,1223f3da9d4d
2026-05-25T05:55:04,CHIQUITA DU VIGNAULT,Voir sa fiche,Equifun 60 cm,Club Poney Cadet individuel,,12,2,cold-start,True,LightGBM,crawl-predict:c36a23a6,b4efdae190ee
2026-05-25T05:55:04,DRYADE DE BUGES,Voir sa fiche,Equifun 60 cm,Club Poney Cadet individuel,,1,17,cold-start,True,LightGBM,crawl-predict:c36a23a6,1f50dd7b831a
2026-05-25T05:55:04,JASMIN DE YAME,Voir sa fiche,Equifun 60 cm,Club Poney Cadet individuel,,2,17,cold-start,True,LightGBM,crawl-predict:c36a23a6,cc902431021a
2026-05-25T05:55:04,HERMES OF SANDO,Voir sa fiche,Equifun 60 cm,Club Poney Cadet individuel,,3,17,cold-start,True,LightGBM,crawl-predict:c36a23a6,21e5a8a160fa
2026-05-25T05:55:04,TITEUF DES GRILLES,Voir sa fiche,Equifun 60 cm,Club Poney Cadet individuel,,4,17,cold-start,True,LightGBM,crawl-predict:c36a23a6,702b75ff3570
2026-05-25T05:55:04,ARON D'ABBECCOURT,Voir sa fiche,Equifun 60 cm,Club Poney Cadet individuel,,11,3,cold-start,True,LightGBM,crawl-predict:c36a23a6,622ec3c18a40
2026-05-25T05:55:04,LUCKY LANE TARA,Voir sa fiche,Equifun 60 cm,Club Poney Cadet individuel,,5,17,cold-start,True,LightGBM,crawl-predict:c36a23a6,b6f4a2d400cf
2026-05-25T05:55:04,KANGOUROU,Voir sa fiche,Equifun 60 cm,Club Poney Cadet individuel,,6,17,cold-start,True,LightGBM,crawl-predict:c36a23a6,809ceb4e35ea
2026-05-25T05:55:04,VODCKA,Voir sa fiche,Equifun 60 cm,Club Poney Cadet individuel,,7,17,cold-start,True,LightGBM,crawl-predict:c36a23a6,1d8187036aab
2026-05-25T05:55:04,CLOGHEEN FRILLY,Voir sa fiche,Equifun 60 cm,Club Poney Cadet individuel,,8,17,cold-start,True,LightGBM,crawl-predict:c36a23a6,96a943a347b0
2026-05-25T05:55:04,CLOGHEEN FRILLY,Voir sa fiche,Equifun 60 cm,Club Poney Cadet individuel,,9,17,cold-start,True,LightGBM,crawl-predict:c36a23a6,bffac0a9d1dc
2026-05-25T05:55:04,JOKER GRAND CHENE,Voir sa fiche,Equifun 60 cm,Club Poney Cadet individuel,,10,17,cold-start,True,LightGBM,crawl-predict:c36a23a6,81e80a2227d0
2026-05-25T05:55:04,IDEM DELIXIR,Voir sa fiche,Equifun 70 cm,Club Elite individuel,,1,17,cold-start,True,LightGBM,crawl-predict:c36a23a6,d498c75aeada
2026-05-25T05:55:04,UTTA DE SARDONNE,Voir sa fiche,Equifun 70 cm,Club Elite individuel,,2,17,cold-start,True,LightGBM,crawl-predict:c36a23a6,ac8b255f29da
2026-05-25T05:55:04,MONO BOY,Voir sa fiche,Equifun 70 cm,Club Elite individuel,,3,17,cold-start,True,LightGBM,crawl-predict:c36a23a6,068f76fa8639
2026-05-25T05:55:04,TITEUF DES GRILLES,Voir sa fiche,Equifun 60 cm,Club individuel,,1,17,cold-start,True,LightGBM,crawl-predict:c36a23a6,cabf3649228b
2026-05-25T05:55:04,VODCKA,Voir sa fiche,Equifun 60 cm,Club individuel,,2,17,cold-start,True,LightGBM,crawl-predict:c36a23a6,69a179e2d23e
2026-05-25T05:55:04,KANGOUROU,Voir sa fiche,Equifun 60 cm,Club individuel,,3,17,cold-start,True,LightGBM,crawl-predict:c36a23a6,879c5030b642
2026-05-25T05:55:04,CLOGHEEN FRILLY,Voir sa fiche,Equifun 60 cm,Club individuel,,4,17,cold-start,True,LightGBM,crawl-predict:c36a23a6,a99917ce4fd6
2026-05-25T05:55:04,UTTA DE SARDONNE,Voir sa fiche,Equifun 60 cm,Club individuel,,5,17,cold-start,True,LightGBM,crawl-predict:c36a23a6,5bbb536c662f
2026-05-25T05:55:04,MONO BOY,Voir sa fiche,Equifun 60 cm,Club individuel,,6,17,cold-start,True,LightGBM,crawl-predict:c36a23a6,cebe90f39824
2026-05-25T05:55:04,TANTIEME LAGESSE,Voir sa fiche,Equifun 60 cm,Club individuel,,7,17,cold-start,True,LightGBM,crawl-predict:c36a23a6,d21db3463e67
2026-05-25T05:55:04,FLASHY GIRL 202120920,Voir sa fiche,Equifun 70 cm,Club Poney Elite Chp des Territoires individuel,,1,17,cold-start,True,LightGBM,crawl-predict:c36a23a6,16f376e3f69f
2026-05-25T05:55:04,ELKA,Voir sa fiche,Equifun 70 cm,Club Poney Elite Chp des Territoires individuel,,2,17,cold-start,True,LightGBM,crawl-predict:c36a23a6,b7ae58738827
2026-05-25T05:55:04,DIOGENE DE NAKAN,Voir sa fiche,Equifun 70 cm,Club Poney Elite Chp des Territoires individuel,,3,17,cold-start,True,LightGBM,crawl-predict:c36a23a6,53e4cbec4119
2026-05-25T05:55:04,GUIZO,Voir sa fiche,Equifun 70 cm,Club Poney Elite Chp des Territoires individuel,,4,17,cold-start,True,LightGBM,crawl-predict:c36a23a6,bdeae57a3754
2026-05-25T05:55:04,HEIDI DE YAME,Voir sa fiche,Equifun 70 cm,Club Poney Elite Chp des Territoires individuel,,5,17,cold-start,True,LightGBM,crawl-predict:c36a23a6,df2bcc37d9f2
2026-05-25T05:55:04,DIOGENE DE NAKAN,Voir sa fiche,Equifun 70 cm,Club Poney Elite Chp des Territoires individuel,,6,17,cold-start,True,LightGBM,crawl-predict:c36a23a6,23ed0d38d685
2026-05-25T05:55:04,ELKA,Voir sa fiche,Equifun 70 cm,Club Poney Elite Chp des Territoires individuel,,7,17,cold-start,True,LightGBM,crawl-predict:c36a23a6,ae0c689d2723
2026-05-25T05:55:04,JUST MAGIC,Voir sa fiche,Equifun 70 cm,Club Poney Elite Chp des Territoires individuel,,8,17,cold-start,True,LightGBM,crawl-predict:c36a23a6,c2bc69457eeb
2026-05-25T05:55:04,FLICKA,Voir sa fiche,Equifun 30 cm,Club A Moustique Chp des Territoires individuel,,9,2,cold-start,True,LightGBM,crawl-predict:c36a23a6,c314881411a8
2026-05-25T05:55:04,CHEYENNE DU FOSSARD,Voir sa fiche,Equifun 30 cm,Club A Moustique Chp des Territoires individuel,,2,17,cold-start,True,LightGBM,crawl-predict:c36a23a6,f9976d5bdd59
2026-05-25T05:55:04,THALES DE CABUE,Voir sa fiche,Equifun 30 cm,Club A Moustique Chp des Territoires individuel,,3,17,cold-start,True,LightGBM,crawl-predict:c36a23a6,5e3181cf4aaa
2026-05-25T05:55:04,HYOUPI,Voir sa fiche,Equifun 30 cm,Club A Moustique Chp des Territoires individuel,,4,17,cold-start,True,LightGBM,crawl-predict:c36a23a6,a3c08801d8c9
2026-05-25T05:55:04,ATCHOUM,Voir sa fiche,Equifun 30 cm,Club A Moustique Chp des Territoires individuel,,8,10,cold-start,True,LightGBM,crawl-predict:c36a23a6,0258831be89a
2026-05-25T05:55:04,TURLUPIN DU PRE PRINCE,Voir sa fiche,Equifun 30 cm,Club A Moustique Chp des Territoires individuel,,1,100,cold-start,True,LightGBM,crawl-predict:c36a23a6,ef778ed2e60c
2026-05-25T05:55:04,BADRU E V STAL HULZEMA,Voir sa fiche,Equifun 30 cm,Club A Moustique Chp des Territoires individuel,,5,17,cold-start,True,LightGBM,crawl-predict:c36a23a6,7dad652bce94
2026-05-25T05:55:04,LUCIFER,Voir sa fiche,Equifun 30 cm,Club A Moustique Chp des Territoires individuel,,6,17,cold-start,True,LightGBM,crawl-predict:c36a23a6,75ce002c2916
2026-05-25T05:55:04,EGLANTINE,Voir sa fiche,Equifun 30 cm,Club A Moustique Chp des Territoires individuel,,7,17,cold-start,True,LightGBM,crawl-predict:c36a23a6,12ba7941bd74
2026-05-25T05:55:04,FLICKA,Voir sa fiche,Equifun 30 cm,Club A Moustique Chp des Territoires individuel,,10,2,cold-start,True,LightGBM,crawl-predict:c36a23a6,b76ac1473c31
2026-05-25T05:55:04,EGLANTINE,Voir sa fiche,Equifun 30 cm,Club A Poussin Chp des Territoires individuel,,1,17,cold-start,True,LightGBM,crawl-predict:c36a23a6,1983b8b4cc47
2026-05-25T05:55:04,ATCHOUM,Voir sa fiche,Equifun 30 cm,Club A Poussin Chp des Territoires individuel,,8,10,cold-start,True,LightGBM,crawl-predict:c36a23a6,c579fbd148fe
2026-05-25T05:55:04,GLOBULLE,Voir sa fiche,Equifun 30 cm,Club A Poussin Chp des Territoires individuel,,2,17,cold-start,True,LightGBM,crawl-predict:c36a23a6,27abc9d101f4
2026-05-25T05:55:04,BADRU E V STAL HULZEMA,Voir sa fiche,Equifun 30 cm,Club A Poussin Chp des Territoires individuel,,3,17,cold-start,True,LightGBM,crawl-predict:c36a23a6,9abffcebc6a9
2026-05-25T05:55:04,CHEYENNE DU FOSSARD,Voir sa fiche,Equifun 30 cm,Club A Poussin Chp des Territoires individuel,,4,17,cold-start,True,LightGBM,crawl-predict:c36a23a6,1529b14b16b6
2026-05-25T05:55:04,IZY GIRL DE CAUX,Voir sa fiche,Equifun 30 cm,Club A Poussin Chp des Territoires individuel,,5,17,cold-start,True,LightGBM,crawl-predict:c36a23a6,98c21b456ec7
2026-05-25T05:55:04,LOOPING,Voir sa fiche,Equifun 30 cm,Club A Poussin Chp des Territoires individuel,,6,17,cold-start,True,LightGBM,crawl-predict:c36a23a6,097ef71b9b3b
2026-05-25T05:55:04,HYOUPI,Voir sa fiche,Equifun 30 cm,Club A Poussin Chp des Territoires individuel,,7,17,cold-start,True,LightGBM,crawl-predict:c36a23a6,ac7ddfa818f7
2026-05-25T05:55:04,FLICKA,Voir sa fiche,Equifun 30 cm,Club A Poussin Chp des Territoires individuel,,10,2,cold-start,True,LightGBM,crawl-predict:c36a23a6,7079c0559d86
2026-05-25T05:55:04,ATCHOUM,Voir sa fiche,Equifun 30 cm,Club A Poussin Chp des Territoires individuel,,9,10,cold-start,True,LightGBM,crawl-predict:c36a23a6,f20129dd51e0
2026-05-25T05:55:04,HIGH FLOWN'S BENTLEY,Voir sa fiche,Equifun 40 cm,Club Poney B Benjamin Chp des Territoires individuel,,3,17,cold-start,True,LightGBM,crawl-predict:c36a23a6,49b773ffd2db
2026-05-25T05:55:04,ROSE,Voir sa fiche,Equifun 40 cm,Club Poney B Benjamin Chp des Territoires individuel,,1,100,cold-start,True,LightGBM,crawl-predict:c36a23a6,dd0ae975757d
2026-05-25T05:55:04,PEPITO DES MAIX,Voir sa fiche,Equifun 40 cm,Club Poney B Benjamin Chp des Territoires individuel,,4,17,cold-start,True,LightGBM,crawl-predict:c36a23a6,8e45f18c182a
2026-05-25T05:55:04,GURNOS BROCHFAEL,Voir sa fiche,Equifun 40 cm,Club Poney B Benjamin Chp des Territoires individuel,,5,17,cold-start,True,LightGBM,crawl-predict:c36a23a6,f83cf1a76172
2026-05-25T05:55:04,FLASHY GIRL 202120920,Voir sa fiche,Equifun 40 cm,Club Poney B Benjamin Chp des Territoires individuel,,6,17,cold-start,True,LightGBM,crawl-predict:c36a23a6,0aae3af47f6b
2026-05-25T05:55:04,FASTOCHE DU SAULX,Voir sa fiche,Equifun 40 cm,Club Poney B Benjamin Chp des Territoires individuel,,7,17,cold-start,True,LightGBM,crawl-predict:c36a23a6,1022861510f6
2026-05-25T05:55:04,HEIDI DE YAME,Voir sa fiche,Equifun 40 cm,Club Poney B Benjamin Chp des Territoires individuel,,8,17,cold-start,True,LightGBM,crawl-predict:c36a23a6,b31ed307536e
2026-05-25T05:55:04,BERGH'S 0810,Voir sa fiche,Equifun 40 cm,Club Poney B Benjamin Chp des Territoires individuel,,9,17,cold-start,True,LightGBM,crawl-predict:c36a23a6,df091f905694
2026-05-25T05:55:04,HIGH FLOWN'S BENTLEY,Voir sa fiche,Equifun 40 cm,Club Poney B Benjamin Chp des Territoires individuel,,10,17,cold-start,True,LightGBM,crawl-predict:c36a23a6,c15b4a6cf719
2026-05-25T05:55:04,ROSE,Voir sa fiche,Equifun 40 cm,Club Poney B Benjamin Chp des Territoires individuel,,2,100,cold-start,True,LightGBM,crawl-predict:c36a23a6,4f6bf1e308d8
2026-05-25T05:55:04,PEPITO DES MAIX,Voir sa fiche,Equifun 40 cm,Club Poney B Benjamin Chp des Territoires individuel,,11,17,cold-start,True,LightGBM,crawl-predict:c36a23a6,0b70ce87e512
2026-05-25T05:55:04,GUIZO,Voir sa fiche,Equifun 40 cm,Club Poney Benjamin Chp des Territoires individuel,,2,17,cold-start,True,LightGBM,crawl-predict:c36a23a6,8b1153c7637f
2026-05-25T05:55:04,LUCKY DE VAUCELLES,Voir sa fiche,Equifun 40 cm,Club Poney Benjamin Chp des Territoires individuel,,3,17,cold-start,True,LightGBM,crawl-predict:c36a23a6,4b16a1987fc6
2026-05-25T05:55:04,APACHE DU ROND PRE,Voir sa fiche,Equifun 40 cm,Club Poney Benjamin Chp des Territoires individuel,,4,17,cold-start,True,LightGBM,crawl-predict:c36a23a6,aff63ba92f4e
2026-05-25T05:55:04,FLIKA DE LA BOURDE,Voir sa fiche,Equifun 40 cm,Club Poney Benjamin Chp des Territoires individuel,,5,17,cold-start,True,LightGBM,crawl-predict:c36a23a6,e9c8b6a7cc2d
2026-05-25T05:55:04,ROSE,Voir sa fiche,Equifun 40 cm,Club Poney Benjamin Chp des Territoires individuel,,1,100,cold-start,True,LightGBM,crawl-predict:c36a23a6,063c1a1b9080
2026-05-25T05:55:04,TOCCATA DU PONCET,Voir sa fiche,Equifun 50 cm,Club Poney Minime Chp des Territoires individuel,,1,17,cold-start,True,LightGBM,crawl-predict:c36a23a6,7adac3fdaf31
2026-05-25T05:55:04,MELODY,Voir sa fiche,Equifun 50 cm,Club Poney Minime Chp des Territoires individuel,,2,17,cold-start,True,LightGBM,crawl-predict:c36a23a6,1f3984bab72e
2026-05-25T05:55:04,FLIKA DE LA BOURDE,Voir sa fiche,Equifun 50 cm,Club Poney Minime Chp des Territoires individuel,,3,17,cold-start,True,LightGBM,crawl-predict:c36a23a6,697adabdceb6
2026-05-25T05:55:04,HEIDI DE YAME,Voir sa fiche,Equifun 50 cm,Club Poney Minime Chp des Territoires individuel,,4,17,cold-start,True,LightGBM,crawl-predict:c36a23a6,f9ee5e68e84c
2026-05-25T05:55:04,GEORGIO DU RANCH VERT,Voir sa fiche,Equifun 60 cm,Club Chp des Territoires individuel,,1,17,cold-start,True,LightGBM,crawl-predict:c36a23a6,e61d3b085b1c
2026-05-25T05:55:04,TOCCATA DU PONCET,Voir sa fiche,Equifun 60 cm,Club Poney Cadet Chp des Territoires individuel,,1,17,cold-start,True,LightGBM,crawl-predict:c36a23a6,8564f52355d1
2026-05-25T05:55:04,JUST MAGIC,Voir sa fiche,Equifun 60 cm,Club Poney Cadet Chp des Territoires individuel,,2,17,cold-start,True,LightGBM,crawl-predict:c36a23a6,d6352bb0a730
2026-05-25T05:55:04,BABACOOL DES PTICLOS,Voir sa fiche,Equifun 30 cm,Club A Moustique individuel,,1,17,cold-start,True,LightGBM,crawl-predict:c36a23a6,400d4c9f6e34
2026-05-25T05:55:04,BABACOOL DES PTICLOS,Voir sa fiche,Equifun 30 cm,Club A Moustique individuel,,2,17,cold-start,True,LightGBM,crawl-predict:c36a23a6,172a4605da92
2026-05-25T05:55:04,CEDILLE SODH,Voir sa fiche,Equifun 40 cm,Club Poney B Benjamin individuel,,1,17,cold-start,True,LightGBM,crawl-predict:c36a23a6,e609ae327c9c
2026-05-25T05:55:04,UN AMOUR,Voir sa fiche,Equifun 40 cm,Club Poney B Benjamin individuel,,2,17,cold-start,True,LightGBM,crawl-predict:c36a23a6,6228916b5920
2026-05-25T05:55:04,TOM,Voir sa fiche,Equifun 30 cm,Club A Poussin individuel,,1,17,cold-start,True,LightGBM,crawl-predict:c36a23a6,e430461d6b92
2026-05-25T05:55:04,TOM,Voir sa fiche,Equifun 30 cm,Club A Poussin individuel,,2,17,cold-start,True,LightGBM,crawl-predict:c36a23a6,b77f6e5c9b6e
2026-05-25T05:55:04,THALES DE CABUE,Voir sa fiche,Equifun 30 cm,Club A Moustique Circuit Dpt individuel,,2,17,cold-start,True,LightGBM,crawl-predict:c36a23a6,708b81200d8e
2026-05-25T05:55:04,TURLUPIN DU PRE PRINCE,Voir sa fiche,Equifun 30 cm,Club A Moustique Circuit Dpt individuel,,1,100,cold-start,True,LightGBM,crawl-predict:c36a23a6,6192ce9a1def
2026-05-25T05:55:04,VENUS DU VALLON,Voir sa fiche,Equifun 30 cm,Club A Moustique Circuit Dpt individuel,,3,17,cold-start,True,LightGBM,crawl-predict:c36a23a6,0368b253171c
2026-05-25T05:55:04,VENUS DU VALLON,Voir sa fiche,Equifun 30 cm,Club A Moustique Circuit Dpt individuel,,4,17,cold-start,True,LightGBM,crawl-predict:c36a23a6,71e4b4b9ff6d
2026-05-25T05:55:04,CHEYENNE DU FOSSARD,Voir sa fiche,Equifun 30 cm,Club A Moustique Circuit Dpt individuel,,5,17,cold-start,True,LightGBM,crawl-predict:c36a23a6,d9c736fb58e0
2026-05-25T05:55:04,BADRU E V STAL HULZEMA,Voir sa fiche,Equifun 30 cm,Club A Moustique Circuit Dpt individuel,,6,17,cold-start,True,LightGBM,crawl-predict:c36a23a6,3e41b8e7ce2e
2026-05-25T05:55:04,ATCHOUM,Voir sa fiche,Equifun 30 cm,Club A Moustique Circuit Dpt individuel,,7,10,cold-start,True,LightGBM,crawl-predict:c36a23a6,267020032953
2026-05-25T05:55:04,GLOBULLE,Voir sa fiche,Equifun 30 cm,Club A Poussin Circuit Dpt individuel,,1,17,cold-start,True,LightGBM,crawl-predict:c36a23a6,45daef90f981
2026-05-25T05:55:04,CHEYENNE DU FOSSARD,Voir sa fiche,Equifun 30 cm,Club A Poussin Circuit Dpt individuel,,2,17,cold-start,True,LightGBM,crawl-predict:c36a23a6,86032621cbe4
2026-05-25T05:55:04,ATCHOUM,Voir sa fiche,Equifun 30 cm,Club A Poussin Circuit Dpt individuel,,4,10,cold-start,True,LightGBM,crawl-predict:c36a23a6,a75339cfdbdf
2026-05-25T05:55:04,BADRU E V STAL HULZEMA,Voir sa fiche,Equifun 30 cm,Club A Poussin Circuit Dpt individuel,,3,17,cold-start,True,LightGBM,crawl-predict:c36a23a6,e7d8d21954e5
2026-05-25T05:55:04,SPRINGBOURNE CORINTHIAN,Voir sa fiche,Equifun 40 cm,Club Poney B Benjamin Circuit Dpt individuel,,1,17,cold-start,True,LightGBM,crawl-predict:c36a23a6,345c9a3abcb2
2026-05-25T05:55:04,LUCKY DE VAUCELLES,Voir sa fiche,Equifun 40 cm,Club Poney B Benjamin Circuit Dpt individuel,,2,17,cold-start,True,LightGBM,crawl-predict:c36a23a6,3f69985e9281
2026-05-25T05:55:04,DJIN FIZ DU MORDANT,Voir sa fiche,Equifun 40 cm,Club Poney B Benjamin Circuit Dpt individuel,,3,17,cold-start,True,LightGBM,crawl-predict:c36a23a6,131c18af4a28
2026-05-25T05:55:04,GURNOS BROCHFAEL,Voir sa fiche,Equifun 40 cm,Club Poney B Benjamin Circuit Dpt individuel,,4,17,cold-start,True,LightGBM,crawl-predict:c36a23a6,935b62fb588a
2026-05-25T05:55:04,HARIBO DU MORDANT,Voir sa fiche,Equifun 40 cm,Club Poney B Benjamin Circuit Dpt individuel,,5,17,cold-start,True,LightGBM,crawl-predict:c36a23a6,0cf408f82123
2026-05-25T05:55:04,DIABLO,Voir sa fiche,Equifun 40 cm,Club Poney B Benjamin Circuit Dpt individuel,,6,17,cold-start,True,LightGBM,crawl-predict:c36a23a6,c5ce1b55a792
2026-05-25T05:55:04,BERGH'S 0810,Voir sa fiche,Equifun 40 cm,Club Poney Benjamin Circuit Dpt individuel,,1,17,cold-start,True,LightGBM,crawl-predict:c36a23a6,be617c5ef7f9
2026-05-25T05:55:04,TOCCATA DU PONCET,Voir sa fiche,Equifun 60 cm,Club Poney Cadet Circuit Dpt individuel,,1,17,cold-start,True,LightGBM,crawl-predict:c36a23a6,b44eab272fba
2026-05-25T05:55:04,EXTRA ROC DE LA CISSE,Voir sa fiche,Equifun 70 cm,Club Poney Elite Circuit Dpt individuel,,1,17,cold-start,True,LightGBM,crawl-predict:c36a23a6,2306be89a8c7
2026-05-25T05:55:04,LEXUS DE ROCFEUILLE,Voir sa fiche,Equifun 70 cm,Club Poney Elite Circuit Dpt individuel,,2,17,cold-start,True,LightGBM,crawl-predict:c36a23a6,63d453d556ab
2026-05-25T05:55:04,ITALIE DE DAUMONT,Voir sa fiche,Equifun 70 cm,Club Poney Elite Circuit Dpt individuel,,3,17,cold-start,True,LightGBM,crawl-predict:c36a23a6,99f0c4969675
2026-05-25T05:55:04,DIARADO DE KAPS,Voir sa fiche,Equifun 70 cm,Club Poney Elite Circuit Dpt individuel,,4,17,cold-start,True,LightGBM,crawl-predict:c36a23a6,bc197c8e9bc9
2026-05-25T05:55:04,BULLE,Voir sa fiche,Equifun 30 cm,Club A Poussin Circuit Dpt individuel,,2,17,cold-start,True,LightGBM,crawl-predict:c36a23a6,d4b42e1be8b4
2026-05-25T05:55:04,LILOU,Voir sa fiche,Equifun 30 cm,Club A Poussin Circuit Dpt individuel,,1,57,cold-start,True,LightGBM,crawl-predict:c36a23a6,fbb988f863a8
2026-05-25T05:55:04,LUCO,Voir sa fiche,Equifun 30 cm,Club A Poussin Circuit Dpt individuel,,3,17,cold-start,True,LightGBM,crawl-predict:c36a23a6,d89bc044547a
2026-05-25T05:55:04,LUCO,Voir sa fiche,Equifun 30 cm,Club A Poussin Circuit Dpt individuel,,4,17,cold-start,True,LightGBM,crawl-predict:c36a23a6,f82fc248d477
2026-05-25T05:55:04,BULLE,Voir sa fiche,Equifun 30 cm,Club A Poussin Circuit Dpt individuel,,5,17,cold-start,True,LightGBM,crawl-predict:c36a23a6,18163d7da614
2026-05-25T05:55:04,INDIEN,Voir sa fiche,Equifun 40 cm,Club Poney B Benjamin Circuit Dpt individuel,,12,6,cold-start,True,LightGBM,crawl-predict:c36a23a6,521bfcdea3b7
2026-05-25T05:55:04,FLEUR DES FAY'S,Voir sa fiche,Equifun 40 cm,Club Poney B Benjamin Circuit Dpt individuel,,3,17,cold-start,True,LightGBM,crawl-predict:c36a23a6,39a4cfb0f86b
2026-05-25T05:55:04,COQUIN DE LA BRESSE,Voir sa fiche,Equifun 40 cm,Club Poney B Benjamin Circuit Dpt individuel,,4,17,cold-start,True,LightGBM,crawl-predict:c36a23a6,d8386958f4b9
2026-05-25T05:55:04,DIABOLO,Voir sa fiche,Equifun 40 cm,Club Poney B Benjamin Circuit Dpt individuel,,5,17,cold-start,True,LightGBM,crawl-predict:c36a23a6,5c52eb4afa72
2026-05-25T05:55:04,GRANITA DU LOU,Voir sa fiche,Equifun 40 cm,Club Poney B Benjamin Circuit Dpt individuel,,6,17,cold-start,True,LightGBM,crawl-predict:c36a23a6,03e28cb15ca4
2026-05-25T05:55:04,LILOU,Voir sa fiche,Equifun 40 cm,Club Poney B Benjamin Circuit Dpt individuel,,1,57,cold-start,True,LightGBM,crawl-predict:c36a23a6,eea8d591518b
2026-05-25T05:55:04,LILOU,Voir sa fiche,Equifun 40 cm,Club Poney B Benjamin Circuit Dpt individuel,,2,57,cold-start,True,LightGBM,crawl-predict:c36a23a6,3ffdf2fb172d
2026-05-25T05:55:04,LUCO,Voir sa fiche,Equifun 40 cm,Club Poney B Benjamin Circuit Dpt individuel,,7,17,cold-start,True,LightGBM,crawl-predict:c36a23a6,47f5ae8da3ca
2026-05-25T05:55:04,DIABOLO,Voir sa fiche,Equifun 40 cm,Club Poney B Benjamin Circuit Dpt individuel,,8,17,cold-start,True,LightGBM,crawl-predict:c36a23a6,f69bc032ea0a
2026-05-25T05:55:04,BLEDINE DE LOGUES,Voir sa fiche,Equifun 40 cm,Club Poney B Benjamin Circuit Dpt individuel,,9,17,cold-start,True,LightGBM,crawl-predict:c36a23a6,ffac4f1b6ad5
2026-05-25T05:55:04,BULLE,Voir sa fiche,Equifun 40 cm,Club Poney B Benjamin Circuit Dpt individuel,,10,17,cold-start,True,LightGBM,crawl-predict:c36a23a6,67387a8c765e
2026-05-25T05:55:04,GRANITA DU LOU,Voir sa fiche,Equifun 40 cm,Club Poney B Benjamin Circuit Dpt individuel,,11,17,cold-start,True,LightGBM,crawl-predict:c36a23a6,66a23ca2c30d
2026-05-25T05:55:04,FLEUR DES FAY'S,Voir sa fiche,Equifun 40 cm,Club Poney Benjamin Circuit Dpt individuel,,1,17,cold-start,True,LightGBM,crawl-predict:c36a23a6,7a5e0c2520d9
2026-05-25T05:55:04,KANTJE'S BELAIR,Voir sa fiche,Equifun 40 cm,Club Poney Benjamin Circuit Dpt individuel,,2,17,cold-start,True,LightGBM,crawl-predict:c36a23a6,b1bfbf19ce07
2026-05-25T05:55:04,DIABOLO,Voir sa fiche,Equifun 40 cm,Club Poney Benjamin Circuit Dpt individuel,,3,17,cold-start,True,LightGBM,crawl-predict:c36a23a6,aff9e232c036
2026-05-25T05:55:04,VIRGULE,Voir sa fiche,Equifun 40 cm,Club Poney Benjamin Circuit Dpt individuel,,10,7,cold-start,True,LightGBM,crawl-predict:c36a23a6,7b351ebdbf9f
2026-05-25T05:55:04,BLEDINE DE LOGUES,Voir sa fiche,Equifun 40 cm,Club Poney Benjamin Circuit Dpt individuel,,4,17,cold-start,True,LightGBM,crawl-predict:c36a23a6,59f2e3121b05
2026-05-25T05:55:04,ROB,Voir sa fiche,Equifun 40 cm,Club Poney Benjamin Circuit Dpt individuel,,5,17,cold-start,True,LightGBM,crawl-predict:c36a23a6,108dd3abdd07
2026-05-25T05:55:04,VIRGULE,Voir sa fiche,Equifun 40 cm,Club Poney Benjamin Circuit Dpt individuel,,11,7,cold-start,True,LightGBM,crawl-predict:c36a23a6,03e632dff86e
2026-05-25T05:55:04,BELEM,Voir sa fiche,Equifun 40 cm,Club Poney Benjamin Circuit Dpt individuel,,6,17,cold-start,True,LightGBM,crawl-predict:c36a23a6,96cdff939b69
2026-05-25T05:55:04,USSA,Voir sa fiche,Equifun 40 cm,Club Poney Benjamin Circuit Dpt individuel,,7,17,cold-start,True,LightGBM,crawl-predict:c36a23a6,fa021313c389
2026-05-25T05:55:04,USSA,Voir sa fiche,Equifun 40 cm,Club Poney Benjamin Circuit Dpt individuel,,8,17,cold-start,True,LightGBM,crawl-predict:c36a23a6,87f1d84aee7b
2026-05-25T05:55:04,GRANITA DU LOU,Voir sa fiche,Equifun 40 cm,Club Poney Benjamin Circuit Dpt individuel,,9,17,cold-start,True,LightGBM,crawl-predict:c36a23a6,d703a4e6e2a4
2026-05-25T05:55:04,BAMBI,Voir sa fiche,Equifun 50 cm,Club Poney Minime Circuit Dpt individuel,,5,1,cold-start,True,LightGBM,crawl-predict:c36a23a6,6cb8bf80ee48
2026-05-25T05:55:04,DUBAI DE MESMON,Voir sa fiche,Equifun 50 cm,Club Poney Minime Circuit Dpt individuel,,1,17,cold-start,True,LightGBM,crawl-predict:c36a23a6,473c33190b98
2026-05-25T05:55:04,BEN LA FRAQUETTE,Voir sa fiche,Equifun 50 cm,Club Poney Minime Circuit Dpt individuel,,2,17,cold-start,True,LightGBM,crawl-predict:c36a23a6,e6ecd84bd4bc
2026-05-25T05:55:04,ECLIPSE DE LA COURONE,Voir sa fiche,Equifun 50 cm,Club Poney Minime Circuit Dpt individuel,,3,17,cold-start,True,LightGBM,crawl-predict:c36a23a6,a578a518a393
2026-05-25T05:55:04,DUBAI DE MESMON,Voir sa fiche,Equifun 50 cm,Club Poney Minime Circuit Dpt individuel,,4,17,cold-start,True,LightGBM,crawl-predict:c36a23a6,14df961aa141
2026-05-25T05:55:04,BAMBI,Voir sa fiche,Equifun 60 cm,Club Poney Cadet Circuit Dpt individuel,,3,1,cold-start,True,LightGBM,crawl-predict:c36a23a6,d171009a92da
2026-05-25T05:55:04,BEN LA FRAQUETTE,Voir sa fiche,Equifun 60 cm,Club Poney Cadet Circuit Dpt individuel,,1,17,cold-start,True,LightGBM,crawl-predict:c36a23a6,f09ab679ad7a
2026-05-25T05:55:04,VIRGULE,Voir sa fiche,Equifun 60 cm,Club Poney Cadet Circuit Dpt individuel,,2,7,cold-start,True,LightGBM,crawl-predict:c36a23a6,4fea54cc0d6d
2026-05-25T05:55:04,USSA,Voir sa fiche,Equifun 60 cm,Club Poney Junior Circuit Dpt individuel,,1,17,cold-start,True,LightGBM,crawl-predict:c36a23a6,80706c65f29b
2026-05-25T05:55:04,BEN LA FRAQUETTE,Voir sa fiche,Equifun 70 cm,Club Poney Elite Circuit Dpt individuel,,1,17,cold-start,True,LightGBM,crawl-predict:c36a23a6,94b8d84b1600
2026-05-25T05:55:04,ROYALE DE SEMILLY,Voir sa fiche,Equifun 60 cm,Club Circuit Dpt individuel,,2,17,cold-start,True,LightGBM,crawl-predict:c36a23a6,41cf8de8a4c4
2026-05-25T05:55:04,DOMINO DE LA BRESSE,Voir sa fiche,Equifun 60 cm,Club Circuit Dpt individuel,,3,17,cold-start,True,LightGBM,crawl-predict:c36a23a6,450aaec71eae
2026-05-25T05:55:04,NILO,Voir sa fiche,Equifun 60 cm,Club Circuit Dpt individuel,,1,50,cold-start,True,LightGBM,crawl-predict:c36a23a6,90316a78b21f
2026-05-25T05:55:04,AXEL DE REILLOU,Voir sa fiche,Equifun 70 cm,Club Elite Circuit Dpt individuel,,1,19,cold-start,True,LightGBM,crawl-predict:c36a23a6,fbc65e36ff26
2026-05-25T05:55:04,ELOIS DE LA BRESSE,Voir sa fiche,Equifun 70 cm,Club Elite Circuit Dpt individuel,,2,17,cold-start,True,LightGBM,crawl-predict:c36a23a6,401af7b6bcc6
2026-05-25T05:55:04,BELEM,Voir sa fiche,Equifun 70 cm,Club Elite Circuit Dpt individuel,,3,17,cold-start,True,LightGBM,crawl-predict:c36a23a6,6af7d6611157
2026-05-25T05:55:04,DOMINO DE LA BRESSE,Voir sa fiche,Equifun 70 cm,Club Elite Circuit Dpt équipe,,2,17,cold-start,True,LightGBM,crawl-predict:c36a23a6,b9dcd93dec13
2026-05-25T05:55:04,ELOIS DE LA BRESSE,Voir sa fiche,Equifun 70 cm,Club Elite Circuit Dpt équipe,,3,17,cold-start,True,LightGBM,crawl-predict:c36a23a6,df763a834070
2026-05-25T05:55:04,ROYALE DE SEMILLY,Voir sa fiche,Equifun 70 cm,Club Elite Circuit Dpt équipe,,4,17,cold-start,True,LightGBM,crawl-predict:c36a23a6,c366c7bef32c
2026-05-25T05:55:04,AXEL DE REILLOU,Voir sa fiche,Equifun 70 cm,Club Elite Circuit Dpt équipe,,1,19,cold-start,True,LightGBM,crawl-predict:c36a23a6,18110fde87fc
2026-05-25T05:55:04,BALADINE,Voir sa fiche,Equifun 30 cm,Club A Moustique Circuit Dpt individuel,,1,17,cold-start,True,LightGBM,crawl-predict:c36a23a6,edb8fc9211da
2026-05-25T05:55:04,BALADINE,Voir sa fiche,Equifun 30 cm,Club A Moustique Circuit Dpt individuel,,2,17,cold-start,True,LightGBM,crawl-predict:c36a23a6,ac14bc493e03
2026-05-25T05:55:04,VAZY,Voir sa fiche,Equifun 30 cm,Club A Poussin Circuit Dpt individuel,,1,17,cold-start,True,LightGBM,crawl-predict:c36a23a6,e19b41585b77
2026-05-25T05:55:04,BULGARE,Voir sa fiche,Equifun 40 cm,Club Poney B Benjamin Circuit Dpt individuel,,1,17,cold-start,True,LightGBM,crawl-predict:c36a23a6,7cb88592d954
2026-05-25T05:55:04,BERGAMOTTE,Voir sa fiche,Equifun 40 cm,Club Poney B Benjamin Circuit Dpt individuel,,2,17,cold-start,True,LightGBM,crawl-predict:c36a23a6,e47b4c74e089
2026-05-25T05:55:04,CENDRILLON,Voir sa fiche,Equifun 70 cm,Club Poney Elite Circuit Dpt individuel,,1,17,cold-start,True,LightGBM,crawl-predict:c36a23a6,ae15df0dc99f
2026-05-25T05:55:04,DEVON DE TROIS,Voir sa fiche,Equifun 70 cm,Club Poney Elite Circuit Dpt individuel,,2,17,cold-start,True,LightGBM,crawl-predict:c36a23a6,534aa7c25d1a
2026-05-25T05:55:04,HIBISS DE BONJAC,Voir sa fiche,Equifun 70 cm,Club Poney Elite Circuit Dpt individuel,,3,17,cold-start,True,LightGBM,crawl-predict:c36a23a6,04fa8c46bd83
2026-05-25T05:55:04,DAKOTA,Voir sa fiche,Equifun 40 cm,Club Poney Benjamin Circuit Dpt individuel,,1,32,cold-start,True,LightGBM,crawl-predict:c36a23a6,881934a2b2e6
2026-05-25T05:55:04,GERKA,Voir sa fiche,Equifun 40 cm,Club Poney Benjamin Circuit Dpt individuel,,2,17,cold-start,True,LightGBM,crawl-predict:c36a23a6,7b5f25bb6647
2026-05-25T05:55:04,EI WOOD DES COTOTTES,Voir sa fiche,Equifun 40 cm,Club Poney Benjamin Circuit Dpt individuel,,3,17,cold-start,True,LightGBM,crawl-predict:c36a23a6,6300a2dd253b
2026-05-25T05:55:04,GERKA,Voir sa fiche,Equifun 40 cm,Club Poney Benjamin Circuit Dpt individuel,,4,17,cold-start,True,LightGBM,crawl-predict:c36a23a6,2fe588f55b19
2026-05-25T05:55:04,KILLEA HUNT,Voir sa fiche,Equifun 40 cm,Club Poney Benjamin Circuit Dpt individuel,,5,17,cold-start,True,LightGBM,crawl-predict:c36a23a6,23bebd13cb88
2026-05-25T05:55:04,CHERWOOD LABRUYERE,Voir sa fiche,Equifun 40 cm,Club Poney Benjamin Circuit Dpt individuel,,6,17,cold-start,True,LightGBM,crawl-predict:c36a23a6,4e8ecc403299
2026-05-25T05:55:04,LUCKY DE LA FAMINE,Voir sa fiche,Equifun 70 cm,Club Elite Circuit Dpt individuel,,2,17,cold-start,True,LightGBM,crawl-predict:c36a23a6,0bd276b91264
2026-05-25T05:55:04,SCARLET,Voir sa fiche,Equifun 70 cm,Club Elite Circuit Dpt individuel,,10,11,cold-start,True,LightGBM,crawl-predict:c36a23a6,0c9675cd1f17
2026-05-25T05:55:04,BLOSSOM DE VIVES,Voir sa fiche,Equifun 70 cm,Club Elite Circuit Dpt individuel,,3,17,cold-start,True,LightGBM,crawl-predict:c36a23a6,59b6257cf525
2026-05-25T05:55:04,CHIPIE,Voir sa fiche,Equifun 70 cm,Club Elite Circuit Dpt individuel,,11,10,cold-start,True,LightGBM,crawl-predict:c36a23a6,cbf32e692149
2026-05-25T05:55:04,BLOSSOM DE VIVES,Voir sa fiche,Equifun 70 cm,Club Elite Circuit Dpt individuel,,4,17,cold-start,True,LightGBM,crawl-predict:c36a23a6,239271e89d51
2026-05-25T05:55:04,GALANTE DU RONDOT,Voir sa fiche,Equifun 70 cm,Club Elite Circuit Dpt individuel,,5,17,cold-start,True,LightGBM,crawl-predict:c36a23a6,649a8df69839
2026-05-25T05:55:04,TCHATCHA DE BONJAC,Voir sa fiche,Equifun 70 cm,Club Elite Circuit Dpt individuel,,6,17,cold-start,True,LightGBM,crawl-predict:c36a23a6,8ed69f2f3e8e
2026-05-25T05:55:04,VERONE,Voir sa fiche,Equifun 70 cm,Club Elite Circuit Dpt individuel,,1,72,cold-start,True,LightGBM,crawl-predict:c36a23a6,f908639a9d01
2026-05-25T05:55:04,TAQUINE DE CUVELETTE,Voir sa fiche,Equifun 70 cm,Club Elite Circuit Dpt individuel,,7,17,cold-start,True,LightGBM,crawl-predict:c36a23a6,7577d87582cd
2026-05-25T05:55:04,AQUA DU GUE,Voir sa fiche,Equifun 70 cm,Club Elite Circuit Dpt individuel,,8,17,cold-start,True,LightGBM,crawl-predict:c36a23a6,300b3cfc6afa
2026-05-25T05:55:04,DRAGON DAM,Voir sa fiche,Equifun 70 cm,Club Elite Circuit Dpt individuel,,9,17,cold-start,True,LightGBM,crawl-predict:c36a23a6,b79fd610c840
2026-05-25T05:55:04,EI WOOD DES COTOTTES,Voir sa fiche,Equifun 60 cm,Club Circuit Dpt individuel,,2,17,cold-start,True,LightGBM,crawl-predict:c36a23a6,c057eaab835a
2026-05-25T05:55:04,GERKA,Voir sa fiche,Equifun 60 cm,Club Circuit Dpt individuel,,3,17,cold-start,True,LightGBM,crawl-predict:c36a23a6,de87ccb5cc04
2026-05-25T05:55:04,CAMARON,Voir sa fiche,Equifun 60 cm,Club Circuit Dpt individuel,,4,17,cold-start,True,LightGBM,crawl-predict:c36a23a6,a2248ff835e0
2026-05-25T05:55:04,IZAK DU MOULIN,Voir sa fiche,Equifun 60 cm,Club Circuit Dpt individuel,,5,17,cold-start,True,LightGBM,crawl-predict:c36a23a6,0d286d1c906b
2026-05-25T05:55:04,BILLY FOLLOW ME,Voir sa fiche,Equifun 60 cm,Club Circuit Dpt individuel,,6,17,cold-start,True,LightGBM,crawl-predict:c36a23a6,f68dc1d6a69b
2026-05-25T05:55:04,DAKOTA,Voir sa fiche,Equifun 60 cm,Club Circuit Dpt individuel,,1,32,cold-start,True,LightGBM,crawl-predict:c36a23a6,a1d0c16ac97f
2026-05-25T05:55:04,SCARLET,Voir sa fiche,Equifun 70 cm,Club Elite Circuit Dpt équipe,,16,11,cold-start,True,LightGBM,crawl-predict:c36a23a6,b3a5cc447f3b
2026-05-25T05:55:04,VOYOU,Voir sa fiche,Equifun 70 cm,Club Elite Circuit Dpt équipe,,17,8,cold-start,True,LightGBM,crawl-predict:c36a23a6,b5f213dad9e7
2026-05-25T05:55:04,DRAGON DAM,Voir sa fiche,Equifun 70 cm,Club Elite Circuit Dpt équipe,,2,17,cold-start,True,LightGBM,crawl-predict:c36a23a6,634bd636b2be
2026-05-25T05:55:04,HIBISS DE BONJAC,Voir sa fiche,Equifun 70 cm,Club Elite Circuit Dpt équipe,,3,17,cold-start,True,LightGBM,crawl-predict:c36a23a6,e60e5d80dd45
2026-05-25T05:55:04,TCHATCHA DE BONJAC,Voir sa fiche,Equifun 70 cm,Club Elite Circuit Dpt équipe,,4,17,cold-start,True,LightGBM,crawl-predict:c36a23a6,9c9ff290e54d
2026-05-25T05:55:04,TAQUINE DE CUVELETTE,Voir sa fiche,Equifun 70 cm,Club Elite Circuit Dpt équipe,,5,17,cold-start,True,LightGBM,crawl-predict:c36a23a6,ffb36d55c38a
2026-05-25T05:55:04,AQUA DU GUE,Voir sa fiche,Equifun 70 cm,Club Elite Circuit Dpt équipe,,6,17,cold-start,True,LightGBM,crawl-predict:c36a23a6,00db17bcc8ab
2026-05-25T05:55:04,VERONE,Voir sa fiche,Equifun 70 cm,Club Elite Circuit Dpt équipe,,1,72,cold-start,True,LightGBM,crawl-predict:c36a23a6,5540ffe08980
2026-05-25T05:55:04,ITACA DE JAMSS,Voir sa fiche,Equifun 70 cm,Club Elite Circuit Dpt équipe,,7,17,cold-start,True,LightGBM,crawl-predict:c36a23a6,9c759412a83e
2026-05-25T05:55:04,COLORADO DE LA BIOLEE,Voir sa fiche,Equifun 70 cm,Club Elite Circuit Dpt équipe,,8,17,cold-start,True,LightGBM,crawl-predict:c36a23a6,fe05a918a0e3
2026-05-25T05:55:04,INDIENNE DU MOULIN,Voir sa fiche,Equifun 70 cm,Club Elite Circuit Dpt équipe,,9,17,cold-start,True,LightGBM,crawl-predict:c36a23a6,854ef2ab386e
2026-05-25T05:55:04,HOTTAWA DU SABLON,Voir sa fiche,Equifun 70 cm,Club Elite Circuit Dpt équipe,,10,17,cold-start,True,LightGBM,crawl-predict:c36a23a6,22c6f23658ea
2026-05-25T05:55:04,HAVANE DU MOULIN,Voir sa fiche,Equifun 70 cm,Club Elite Circuit Dpt équipe,,11,17,cold-start,True,LightGBM,crawl-predict:c36a23a6,561c93e3cf5f
2026-05-25T05:55:04,JYANKEE DJ OREO,Voir sa fiche,Equifun 70 cm,Club Elite Circuit Dpt équipe,,12,17,cold-start,True,LightGBM,crawl-predict:c36a23a6,dfe8abd6f636
2026-05-25T05:55:04,USHUAIA NIKKI GOLD,Voir sa fiche,Equifun 70 cm,Club Elite Circuit Dpt équipe,,13,17,cold-start,True,LightGBM,crawl-predict:c36a23a6,1b46476aebfc
2026-05-25T05:55:04,LUCKY DE LA FAMINE,Voir sa fiche,Equifun 70 cm,Club Elite Circuit Dpt équipe,,14,17,cold-start,True,LightGBM,crawl-predict:c36a23a6,12943dcbbd17
2026-05-25T05:55:04,INDIENNE DU MOULIN,Voir sa fiche,Equifun 70 cm,Club Elite Circuit Dpt équipe,,15,17,cold-start,True,LightGBM,crawl-predict:c36a23a6,8ed00ff87400
2026-05-25T05:55:04,BERGAMOTTE,Voir sa fiche,Equifun 40 cm,Club Poney B Benjamin Circuit Dpt équipe,,1,17,cold-start,True,LightGBM,crawl-predict:c36a23a6,a65dd0dbcb46
2026-05-25T05:55:04,FORTROSE MATEO,Voir sa fiche,Equifun 40 cm,Club Poney B Benjamin Circuit Dpt équipe,,2,17,cold-start,True,LightGBM,crawl-predict:c36a23a6,72262e6e7289
2026-05-25T05:55:04,HAMITIEE DE JAMSS,Voir sa fiche,Equifun 40 cm,Club Poney B Benjamin Circuit Dpt équipe,,3,17,cold-start,True,LightGBM,crawl-predict:c36a23a6,15c12377c257
2026-05-25T05:55:04,VAZY,Voir sa fiche,Equifun 40 cm,Club Poney B Benjamin Circuit Dpt équipe,,4,17,cold-start,True,LightGBM,crawl-predict:c36a23a6,7506365b0571
2026-05-25T05:55:04,HAMITIEE DE JAMSS,Voir sa fiche,Equifun 70 cm,Club Poney Elite équipe,,1,17,cold-start,True,LightGBM,crawl-predict:c36a23a6,dbe731123c27
2026-05-25T05:55:04,KANAK DU SOUFFLE,Voir sa fiche,Equifun 70 cm,Club Poney Elite équipe,,2,17,cold-start,True,LightGBM,crawl-predict:c36a23a6,838ac066c5a9
2026-05-25T05:55:04,VOYOU,Voir sa fiche,Equifun 70 cm,Club Poney Elite équipe,,3,8,cold-start,True,LightGBM,crawl-predict:c36a23a6,131bf22bf7e0
2026-05-25T05:55:04,PAPYRUS DE FABRY,Voir sa fiche,Equifun 30 cm,Club A Moustique individuel,,1,17,cold-start,True,LightGBM,crawl-predict:c36a23a6,a86cdba75edc
2026-05-25T05:55:04,NOW OR NEVER V.D.KOERBERG,Voir sa fiche,Equifun 30 cm,Club A Moustique individuel,,2,17,cold-start,True,LightGBM,crawl-predict:c36a23a6,2f884c14023e
2026-05-25T05:55:04,FLORA DES ISLES,Voir sa fiche,Equifun 30 cm,Club A Moustique individuel,,3,17,cold-start,True,LightGBM,crawl-predict:c36a23a6,3c1acf55c32b
2026-05-25T05:55:04,VICTOIRE DE FALLETANS,Voir sa fiche,Equifun 30 cm,Club A Moustique individuel,,4,17,cold-start,True,LightGBM,crawl-predict:c36a23a6,376e02678efd
2026-05-25T05:55:04,HAITI D'IF,Voir sa fiche,Equifun 30 cm,Club A Moustique individuel,,5,17,cold-start,True,LightGBM,crawl-predict:c36a23a6,36321acf878a
2026-05-25T05:55:04,TARZAN,Voir sa fiche,Equifun 40 cm,Club Poney B Benjamin individuel,,2,15,cold-start,True,LightGBM,crawl-predict:c36a23a6,c70e5c372080
2026-05-25T05:55:04,SCRUPULE D'ARQUETAN,Voir sa fiche,Equifun 40 cm,Club Poney B Benjamin individuel,,1,17,cold-start,True,LightGBM,crawl-predict:c36a23a6,55c54311ffb2
2026-05-25T05:55:04,NOW OR NEVER V.D.KOERBERG,Voir sa fiche,Equifun 30 cm,Club A Poussin individuel,,1,17,cold-start,True,LightGBM,crawl-predict:c36a23a6,61ff98e88f18
2026-05-25T05:55:04,TARZAN,Voir sa fiche,Equifun 30 cm,Club A Poussin individuel,,2,15,cold-start,True,LightGBM,crawl-predict:c36a23a6,a1c26309dde8
2026-05-25T05:55:04,HAIKO DES BOIS PERDUS,Voir sa fiche,Equifun 70 cm,Club Poney Elite individuel,,1,17,cold-start,True,LightGBM,crawl-predict:c36a23a6,3fa851131e58
2026-05-25T05:55:04,SCRUPULE D'ARQUETAN,Voir sa fiche,Equifun 40 cm,Club Poney Benjamin individuel,,1,17,cold-start,True,LightGBM,crawl-predict:c36a23a6,fa163eb0404b
2026-05-25T05:55:04,COLYN,Voir sa fiche,Equifun 50 cm,Club Poney Minime individuel,,1,17,cold-start,True,LightGBM,crawl-predict:c36a23a6,40cfa164fc60
2026-05-25T05:55:04,TARA,Voir sa fiche,Equifun 70 cm,Club Elite individuel,,1,17,cold-start,True,LightGBM,crawl-predict:c36a23a6,aa78acb8d7eb
2026-05-25T05:55:04,TARA,Voir sa fiche,Equifun 70 cm,Club Elite individuel,,2,17,cold-start,True,LightGBM,crawl-predict:c36a23a6,39a5f12e3859
2026-05-25T05:55:04,HAIKO DES BOIS PERDUS,Voir sa fiche,Equifun 70 cm,Club Elite individuel,,3,17,cold-start,True,LightGBM,crawl-predict:c36a23a6,4f8599c33f8b
2026-05-25T05:55:04,DAKOTA DREAM,Voir sa fiche,Equifun 70 cm,Club Elite individuel,,4,17,cold-start,True,LightGBM,crawl-predict:c36a23a6,27ee14889f2c
2026-05-25T05:55:04,DAKOTA DREAM,Voir sa fiche,Equifun 60 cm,Club individuel,,1,17,cold-start,True,LightGBM,crawl-predict:c36a23a6,5ac63fe810dd
2026-05-25T05:55:04,HAIKO DES BOIS PERDUS,Voir sa fiche,Equifun 60 cm,Club individuel,,2,17,cold-start,True,LightGBM,crawl-predict:c36a23a6,8bf0953f44b5
2026-05-25T05:55:04,TARA,Voir sa fiche,Equifun 60 cm,Club individuel,,3,17,cold-start,True,LightGBM,crawl-predict:c36a23a6,76731ac68a54
2026-05-25T05:55:04,VELOURS DU CARPAI,Voir sa fiche,Equifun 70 cm,Club Elite individuel,,1,17,cold-start,True,LightGBM,crawl-predict:c36a23a6,ce900249e6a8
2026-05-25T05:55:04,JAPLOUP,Voir sa fiche,Equifun 70 cm,Club Elite individuel,,2,17,cold-start,True,LightGBM,crawl-predict:c36a23a6,43e626c4ef6f
2026-05-25T05:55:04,CARBONE,Voir sa fiche,Equifun 70 cm,Club Elite individuel,,3,17,cold-start,True,LightGBM,crawl-predict:c36a23a6,ce00fd7f16db
2026-05-25T05:55:04,UPSY DES GRENONS,Voir sa fiche,Equifun 70 cm,Club Elite individuel,,4,17,cold-start,True,LightGBM,crawl-predict:c36a23a6,85e768a6e5bf
2026-05-25T05:55:04,SYRIADE L'AMANDE,Voir sa fiche,Equifun 70 cm,Club Elite individuel,,5,17,cold-start,True,LightGBM,crawl-predict:c36a23a6,eb706b7cbafc
2026-05-25T05:55:04,VELOURS DU CARPAI,Voir sa fiche,Equifun 70 cm,Club Elite individuel,,6,17,cold-start,True,LightGBM,crawl-predict:c36a23a6,61cdd34058b7
2026-05-25T05:55:04,JAPLOUP,Voir sa fiche,Equifun 70 cm,Club Elite individuel,,7,17,cold-start,True,LightGBM,crawl-predict:c36a23a6,70703979fa8a
2026-05-25T05:55:04,DAENERYS DE LILON,Voir sa fiche,Equifun 60 cm,Club individuel,,3,17,cold-start,True,LightGBM,crawl-predict:c36a23a6,b40c73b0028c
2026-05-25T05:55:04,FEELING DE LILON,Voir sa fiche,Equifun 60 cm,Club individuel,,4,17,cold-start,True,LightGBM,crawl-predict:c36a23a6,4f9ba3e1c8b3
2026-05-25T05:55:04,BOREALE DE LILON,Voir sa fiche,Equifun 60 cm,Club individuel,,5,17,cold-start,True,LightGBM,crawl-predict:c36a23a6,2cf267eb41ba
2026-05-25T05:55:04,GUS MUSTANG D'OCEAN,Voir sa fiche,Equifun 60 cm,Club individuel,,6,17,cold-start,True,LightGBM,crawl-predict:c36a23a6,9f2de85371f2
2026-05-25T05:55:04,BITXI DE TURXIL,Voir sa fiche,Equifun 60 cm,Club individuel,,7,17,cold-start,True,LightGBM,crawl-predict:c36a23a6,3d30e220c473
2026-05-25T05:55:04,ROMEO,Voir sa fiche,Equifun 60 cm,Club individuel,,1,100,cold-start,True,LightGBM,crawl-predict:c36a23a6,b2ec9c4d5878
2026-05-25T05:55:04,ROMEO,Voir sa fiche,Equifun 60 cm,Club individuel,,2,100,cold-start,True,LightGBM,crawl-predict:c36a23a6,397ad2e98647
2026-05-25T05:55:04,BALTIQUE DE LILON,Voir sa fiche,Equifun 60 cm,Club individuel,,8,17,cold-start,True,LightGBM,crawl-predict:c36a23a6,52f415584590
2026-05-25T05:55:04,BOREALE DE LILON,Voir sa fiche,Equifun 60 cm,Club individuel,,9,17,cold-start,True,LightGBM,crawl-predict:c36a23a6,e154cd634844
2026-05-25T05:55:04,BALOU DE FRANCHEVILLE,Voir sa fiche,Equifun 60 cm,Club individuel,,10,17,cold-start,True,LightGBM,crawl-predict:c36a23a6,575f0a6baaaa
2026-05-25T05:55:04,GUS MUSTANG D'OCEAN,Voir sa fiche,Equifun 60 cm,Club individuel,,11,17,cold-start,True,LightGBM,crawl-predict:c36a23a6,99cae53089a6
2026-05-25T05:55:04,FEELING DE LILON,Voir sa fiche,Equifun 60 cm,Club individuel,,12,17,cold-start,True,LightGBM,crawl-predict:c36a23a6,9088bf600608
2026-05-25T05:55:04,BALTIQUE DE LILON,Voir sa fiche,Equifun 60 cm,Club individuel,,13,17,cold-start,True,LightGBM,crawl-predict:c36a23a6,6893d7914fab
2026-05-25T05:55:04,GUS MUSTANG D'OCEAN,Voir sa fiche,Equifun 60 cm,Club individuel,,14,17,cold-start,True,LightGBM,crawl-predict:c36a23a6,36e82ba1fbfb
2026-05-25T05:55:04,BITXI DE TURXIL,Voir sa fiche,Equifun 60 cm,Club individuel,,15,17,cold-start,True,LightGBM,crawl-predict:c36a23a6,cc10505e19dd
2026-05-25T05:55:04,FEELING DE LILON,Voir sa fiche,Equifun 60 cm,Club individuel,,16,17,cold-start,True,LightGBM,crawl-predict:c36a23a6,a8ae7ecff5a2
2026-05-25T05:55:04,SARI,Voir sa fiche,Equifun 60 cm,Club individuel,,17,17,cold-start,True,LightGBM,crawl-predict:c36a23a6,098ed4bc3983
2026-05-25T05:55:04,AVORIAZ,Voir sa fiche,Equifun 60 cm,Club individuel,,18,17,cold-start,True,LightGBM,crawl-predict:c36a23a6,6c96732ad95d
2026-05-25T05:55:04,SARI,Voir sa fiche,Equifun 60 cm,Club individuel,,19,17,cold-start,True,LightGBM,crawl-predict:c36a23a6,7f0a966d8cc8
2026-05-25T05:55:04,AVORIAZ,Voir sa fiche,Equifun 60 cm,Club individuel,,20,17,cold-start,True,LightGBM,crawl-predict:c36a23a6,88e8989c5ffb
2026-05-25T05:55:04,BALOU DE FRANCHEVILLE,Voir sa fiche,Equifun 60 cm,Club Poney Junior individuel,,1,17,cold-start,True,LightGBM,crawl-predict:c36a23a6,e4121538ae29
2026-05-25T05:55:04,GOOGLE DU CHEYENNE,Voir sa fiche,Equifun 60 cm,Club Poney Junior individuel,,2,17,cold-start,True,LightGBM,crawl-predict:c36a23a6,f6ec00e30183
2026-05-25T05:55:04,GOOGLE DU CHEYENNE,Voir sa fiche,Equifun 60 cm,Club Poney Junior individuel,,3,17,cold-start,True,LightGBM,crawl-predict:c36a23a6,025588f6db82
2026-05-25T05:55:04,LUCKY DE TOUROUN,Voir sa fiche,Equifun 30 cm,Club A Moustique individuel,,1,17,cold-start,True,LightGBM,crawl-predict:c36a23a6,2e09bc4be75d
2026-05-25T05:55:04,ALUMETTE DE LA GATE,Voir sa fiche,Equifun 30 cm,Club A Moustique individuel,,2,17,cold-start,True,LightGBM,crawl-predict:c36a23a6,1f4ffb752882
2026-05-25T05:55:04,LORD GEORGES D'ULYSSE,Voir sa fiche,Equifun 30 cm,Club A Poussin individuel,,1,17,cold-start,True,LightGBM,crawl-predict:c36a23a6,cef4771ebdcd
2026-05-25T05:55:04,ALUMETTE DE LA GATE,Voir sa fiche,Equifun 30 cm,Club A Poussin individuel,,2,17,cold-start,True,LightGBM,crawl-predict:c36a23a6,2456fc3af39e
2026-05-25T05:55:04,LANESFIELD GOLDEN GLORY,Voir sa fiche,Equifun 40 cm,Club Poney B Benjamin individuel,,1,17,cold-start,True,LightGBM,crawl-predict:c36a23a6,8af42a7463c7
2026-05-25T05:55:04,NEW CHALLENGE'S KENTUCKY,Voir sa fiche,Equifun 40 cm,Club Poney B Benjamin individuel,,2,17,cold-start,True,LightGBM,crawl-predict:c36a23a6,030859b0676c
2026-05-25T05:55:04,LANESFIELD GOLDEN GLORY,Voir sa fiche,Equifun 40 cm,Club Poney B Benjamin individuel,,3,17,cold-start,True,LightGBM,crawl-predict:c36a23a6,e014a593aa6a
2026-05-25T05:55:04,SACRE POPO,Voir sa fiche,Equifun 40 cm,Club Poney B Benjamin individuel,,4,17,cold-start,True,LightGBM,crawl-predict:c36a23a6,1b3fc5691c5e
2026-05-25T05:55:04,SACRE POPO,Voir sa fiche,Equifun 40 cm,Club Poney B Benjamin individuel,,5,17,cold-start,True,LightGBM,crawl-predict:c36a23a6,ddc6b1e88a14
2026-05-25T05:55:04,NEW CHALLENGE'S KENTUCKY,Voir sa fiche,Equifun 40 cm,Club Poney B Benjamin individuel,,6,17,cold-start,True,LightGBM,crawl-predict:c36a23a6,453a3aea39b5
2026-05-25T05:55:04,NEW CHALLENGE'S KENTUCKY,Voir sa fiche,Equifun 40 cm,Club Poney B Benjamin individuel,,7,17,cold-start,True,LightGBM,crawl-predict:c36a23a6,fced55625bca
2026-05-25T05:55:04,FENIX DES ISLES,Voir sa fiche,Equifun 40 cm,Club Poney B Benjamin individuel,,8,17,cold-start,True,LightGBM,crawl-predict:c36a23a6,fb7f9bec4682
2026-05-25T05:55:04,MAENADDWYN CASHMERE,Voir sa fiche,Equifun 40 cm,Club Poney B Benjamin individuel,,9,17,cold-start,True,LightGBM,crawl-predict:c36a23a6,74c639cb62e3
2026-05-25T05:55:04,FENIX DES ISLES,Voir sa fiche,Equifun 40 cm,Club Poney B Benjamin individuel,,10,17,cold-start,True,LightGBM,crawl-predict:c36a23a6,0bf0ffbd5138
2026-05-25T05:55:04,FENIX DES ISLES,Voir sa fiche,Equifun 40 cm,Club Poney B Benjamin individuel,,11,17,cold-start,True,LightGBM,crawl-predict:c36a23a6,ab7bd915d358
2026-05-25T05:55:04,CENDRILLON DES MAIS,Voir sa fiche,Equifun 40 cm,Club Poney B Benjamin individuel,,12,17,cold-start,True,LightGBM,crawl-predict:c36a23a6,662d379a5cee
2026-05-25T05:55:04,MAENADDWYN CASHMERE,Voir sa fiche,Equifun 40 cm,Club Poney B Benjamin individuel,,13,17,cold-start,True,LightGBM,crawl-predict:c36a23a6,96487cc70847
2026-05-25T05:55:04,CENDRILLON DES MAIS,Voir sa fiche,Equifun 40 cm,Club Poney B Benjamin individuel,,14,17,cold-start,True,LightGBM,crawl-predict:c36a23a6,26d2d7040669
2026-05-25T05:55:04,BOUCHON,Voir sa fiche,Equifun 40 cm,Club Poney B Benjamin individuel,,15,17,cold-start,True,LightGBM,crawl-predict:c36a23a6,196fd923717d
2026-05-25T05:55:04,CENDRILLON DES MAIS,Voir sa fiche,Equifun 40 cm,Club Poney B Benjamin individuel,,16,17,cold-start,True,LightGBM,crawl-predict:c36a23a6,2e21a91f24ac
2026-05-25T05:55:04,SLIEVENALARGY WHIN,Voir sa fiche,Equifun 40 cm,Club Poney B Benjamin individuel,,17,17,cold-start,True,LightGBM,crawl-predict:c36a23a6,bb42502954b1
2026-05-25T05:55:04,SACRE POPO,Voir sa fiche,Equifun 40 cm,Club Poney B Benjamin individuel,,18,17,cold-start,True,LightGBM,crawl-predict:c36a23a6,66803f2b8206
2026-05-25T05:55:04,BOUCHON,Voir sa fiche,Equifun 40 cm,Club Poney B Benjamin individuel,,19,17,cold-start,True,LightGBM,crawl-predict:c36a23a6,1f479509fcb2
2026-05-25T05:55:04,MAENADDWYN CASHMERE,Voir sa fiche,Equifun 50 cm,Club Poney Minime individuel,,1,17,cold-start,True,LightGBM,crawl-predict:c36a23a6,ffd87f057740
2026-05-25T05:55:04,BOZO,Voir sa fiche,Equifun 50 cm,Club Poney Minime individuel,,2,17,cold-start,True,LightGBM,crawl-predict:c36a23a6,00a65c02d072
2026-05-25T05:55:04,SLIEVENALARGY WHIN,Voir sa fiche,Equifun 50 cm,Club Poney Minime individuel,,3,17,cold-start,True,LightGBM,crawl-predict:c36a23a6,7eafbf39689d
2026-05-25T05:55:04,BOZO,Voir sa fiche,Equifun 60 cm,Club individuel,,2,17,cold-start,True,LightGBM,crawl-predict:c36a23a6,8d1910ed65ba
2026-05-25T05:55:04,DIARMAID,Voir sa fiche,Equifun 60 cm,Club individuel,,1,18,cold-start,True,LightGBM,crawl-predict:c36a23a6,27b319617bf9
2026-05-25T05:55:04,BIMBO LOVE,Voir sa fiche,Equifun 60 cm,Club individuel,,3,17,cold-start,True,LightGBM,crawl-predict:c36a23a6,ab5828878e7e
2026-05-25T05:55:04,AZIZA,Voir sa fiche,Equifun 60 cm,Club individuel,,4,17,cold-start,True,LightGBM,crawl-predict:c36a23a6,40b06a71961c
2026-05-25T05:55:04,SISSIE DU VALDIEU,Voir sa fiche,Equifun 60 cm,Club individuel,,5,17,cold-start,True,LightGBM,crawl-predict:c36a23a6,1ba12aa2409e
2026-05-25T05:55:04,NOUBA DES PEUX,Voir sa fiche,Equifun 60 cm,Club individuel,,6,17,cold-start,True,LightGBM,crawl-predict:c36a23a6,309a3d2cf1e4
2026-05-25T05:55:04,ALOAL DES POMBELLES,Voir sa fiche,Equifun 60 cm,Club individuel,,7,17,cold-start,True,LightGBM,crawl-predict:c36a23a6,bb3d5d531952
2026-05-25T05:55:04,DIARMAID,Voir sa fiche,Equifun 70 cm,Club Elite individuel,,1,18,cold-start,True,LightGBM,crawl-predict:c36a23a6,dbc9ec61191c
2026-05-25T05:55:04,MAIPO,Voir sa fiche,Equifun 70 cm,Club Elite individuel,,2,17,cold-start,True,LightGBM,crawl-predict:c36a23a6,8bbdcc142147
2026-05-25T05:55:04,BIMBO LOVE,Voir sa fiche,Equifun 70 cm,Club Elite individuel,,3,17,cold-start,True,LightGBM,crawl-predict:c36a23a6,3b579b820333
2026-05-25T05:55:04,AVENIR DE L'ARQUERIE,Voir sa fiche,Equifun 70 cm,Club Elite individuel,,4,17,cold-start,True,LightGBM,crawl-predict:c36a23a6,3f6b382f2cb1
2026-05-25T05:55:04,BALLYLINAN 45,Voir sa fiche,Equifun 70 cm,Club Elite individuel,,5,17,cold-start,True,LightGBM,crawl-predict:c36a23a6,6e00aac91c50
2026-05-25T05:55:04,AZIZA,Voir sa fiche,Equifun 70 cm,Club Elite individuel,,6,17,cold-start,True,LightGBM,crawl-predict:c36a23a6,40fca47dd2df
2026-05-25T05:55:04,NOUBA DES PEUX,Voir sa fiche,Equifun 70 cm,Club Elite individuel,,7,17,cold-start,True,LightGBM,crawl-predict:c36a23a6,e04fd22e7496
2026-05-25T05:55:04,ALOAL DES POMBELLES,Voir sa fiche,Equifun 70 cm,Club Elite individuel,,8,17,cold-start,True,LightGBM,crawl-predict:c36a23a6,644e0f19c3ad
2026-05-25T05:55:04,SISSIE DU VALDIEU,Voir sa fiche,Equifun 70 cm,Club Elite individuel,,9,17,cold-start,True,LightGBM,crawl-predict:c36a23a6,767231d62745
2026-05-25T05:55:04,GWEN HA DU,Voir sa fiche,Equifun 30 cm,Club A Poussin Circuit Dpt individuel,,1,17,cold-start,True,LightGBM,crawl-predict:c36a23a6,8c99bd5d6165
2026-05-25T05:55:04,GWEN HA DU,Voir sa fiche,Equifun 40 cm,Club Poney B Benjamin Circuit Dpt individuel,,1,17,cold-start,True,LightGBM,crawl-predict:c36a23a6,c04af9938742
2026-05-25T05:55:04,FARANDOLE DE KERDUFF,Voir sa fiche,Equifun 60 cm,Club Poney Junior Circuit Dpt individuel,,1,17,cold-start,True,LightGBM,crawl-predict:c36a23a6,71a013658616
2026-05-25T05:55:04,FARANDOLE DE KERDUFF,Voir sa fiche,Equifun 60 cm,Club Poney Junior Circuit Dpt individuel,,2,17,cold-start,True,LightGBM,crawl-predict:c36a23a6,d796e51a7166
2026-05-25T05:55:04,MILANO PASSIONE,Voir sa fiche,Equifun 30 cm,Club A Poussin Chp Reg équipe,,6,17,cold-start,True,LightGBM,crawl-predict:c36a23a6,2cb267b35440
2026-05-25T05:55:04,JOJO,Voir sa fiche,Equifun 30 cm,Club A Poussin Chp Reg équipe,,7,17,cold-start,True,LightGBM,crawl-predict:c36a23a6,8c531cada5ca
2026-05-25T05:55:04,HOLD UP D'ARQUETAN,Voir sa fiche,Equifun 30 cm,Club A Poussin Chp Reg équipe,,8,17,cold-start,True,LightGBM,crawl-predict:c36a23a6,0d1ed2b54773
2026-05-25T05:55:04,AS DE PIQUE,Voir sa fiche,Equifun 30 cm,Club A Poussin Chp Reg équipe,,9,17,cold-start,True,LightGBM,crawl-predict:c36a23a6,df7e04b8daa1
2026-05-25T05:55:04,WITJE,Voir sa fiche,Equifun 30 cm,Club A Poussin Chp Reg équipe,,10,17,cold-start,True,LightGBM,crawl-predict:c36a23a6,56352f786d4e
2026-05-25T05:55:04,UNIQUE DU VAL,Voir sa fiche,Equifun 30 cm,Club A Poussin Chp Reg équipe,,11,17,cold-start,True,LightGBM,crawl-predict:c36a23a6,56e661f4d194
2026-05-25T05:55:04,JACADI D'OAKLAND,Voir sa fiche,Equifun 30 cm,Club A Poussin Chp Reg équipe,,12,17,cold-start,True,LightGBM,crawl-predict:c36a23a6,731e6bb08cb6
2026-05-25T05:55:04,ISIS D'AUDES,Voir sa fiche,Equifun 30 cm,Club A Poussin Chp Reg équipe,,1,100,cold-start,True,LightGBM,crawl-predict:c36a23a6,d2ba4b29b21a
2026-05-25T05:55:04,ITALIA DE LAUROSE,Voir sa fiche,Equifun 30 cm,Club A Poussin Chp Reg équipe,,55,3,cold-start,True,LightGBM,crawl-predict:c36a23a6,da9de71e3f38
2026-05-25T05:55:04,FRUIT D'AMOUR D'EZ,Voir sa fiche,Equifun 30 cm,Club A Poussin Chp Reg équipe,,13,17,cold-start,True,LightGBM,crawl-predict:c36a23a6,914d089ff3a8
2026-05-25T05:55:04,GAUFRETTE DEZ,Voir sa fiche,Equifun 30 cm,Club A Poussin Chp Reg équipe,,14,17,cold-start,True,LightGBM,crawl-predict:c36a23a6,11befaa4d8be
2026-05-25T05:55:04,BENGIE,Voir sa fiche,Equifun 30 cm,Club A Poussin Chp Reg équipe,,15,17,cold-start,True,LightGBM,crawl-predict:c36a23a6,61bb567f9b63
2026-05-25T05:55:04,FRAMBOISE D'OTHON,Voir sa fiche,Equifun 30 cm,Club A Poussin Chp Reg équipe,,16,17,cold-start,True,LightGBM,crawl-predict:c36a23a6,0bfd743c78b8
2026-05-25T05:55:04,KORNUIT V. ABBENES,Voir sa fiche,Equifun 30 cm,Club A Poussin Chp Reg équipe,,17,17,cold-start,True,LightGBM,crawl-predict:c36a23a6,5985c8229554
2026-05-25T05:55:04,DUNE D'OFF,Voir sa fiche,Equifun 30 cm,Club A Poussin Chp Reg équipe,,18,17,cold-start,True,LightGBM,crawl-predict:c36a23a6,4861e95245d7
2026-05-25T05:55:04,UMBRELLA DE CABUE,Voir sa fiche,Equifun 30 cm,Club A Poussin Chp Reg équipe,,19,17,cold-start,True,LightGBM,crawl-predict:c36a23a6,1f82ff01daf9
2026-05-25T05:55:04,ALFA DE CABUE,Voir sa fiche,Equifun 30 cm,Club A Poussin Chp Reg équipe,,20,17,cold-start,True,LightGBM,crawl-predict:c36a23a6,e4aa3fbcf831
2026-05-25T05:55:04,FENOMENE DES AGATES,Voir sa fiche,Equifun 30 cm,Club A Poussin Chp Reg équipe,,21,17,cold-start,True,LightGBM,crawl-predict:c36a23a6,6caabace5b5e
2026-05-25T05:55:04,ARLO D'OZ,Voir sa fiche,Equifun 30 cm,Club A Poussin Chp Reg équipe,,22,17,cold-start,True,LightGBM,crawl-predict:c36a23a6,ca5acaa54407
2026-05-25T05:55:04,JADE DE L'ETANG,Voir sa fiche,Equifun 30 cm,Club A Poussin Chp Reg équipe,,23,17,cold-start,True,LightGBM,crawl-predict:c36a23a6,02bb48db7145
2026-05-25T05:55:04,EFFRONTE DE LA FORGE,Voir sa fiche,Equifun 30 cm,Club A Poussin Chp Reg équipe,,24,17,cold-start,True,LightGBM,crawl-predict:c36a23a6,b96a351f1eed
2026-05-25T05:55:04,DARTAGNAN,Voir sa fiche,Equifun 30 cm,Club A Poussin Chp Reg équipe,,25,17,cold-start,True,LightGBM,crawl-predict:c36a23a6,5062165d5e06
2026-05-25T05:55:04,CHOUFLEUR DEZ,Voir sa fiche,Equifun 30 cm,Club A Poussin Chp Reg équipe,,26,17,cold-start,True,LightGBM,crawl-predict:c36a23a6,7b4349cdb9d9
2026-05-25T05:55:04,GUIGNOL D'AUDRS,Voir sa fiche,Equifun 30 cm,Club A Poussin Chp Reg équipe,,5,20,cold-start,True,LightGBM,crawl-predict:c36a23a6,fd27dbb1f678
2026-05-25T05:55:04,HOULAHOUP DEZ,Voir sa fiche,Equifun 30 cm,Club A Poussin Chp Reg équipe,,27,17,cold-start,True,LightGBM,crawl-predict:c36a23a6,42ec57098790
2026-05-25T05:55:04,ROSSIGNOL,Voir sa fiche,Equifun 30 cm,Club A Poussin Chp Reg équipe,,52,15,cold-start,True,LightGBM,crawl-predict:c36a23a6,5d9f88c73576
2026-05-25T05:55:04,DUNE D'OFF,Voir sa fiche,Equifun 30 cm,Club A Poussin Chp Reg équipe,,28,17,cold-start,True,LightGBM,crawl-predict:c36a23a6,3cd82ac48473
2026-05-25T05:55:04,FRITS VD BOM BAM,Voir sa fiche,Equifun 30 cm,Club A Poussin Chp Reg équipe,,29,17,cold-start,True,LightGBM,crawl-predict:c36a23a6,7a673f591fa1
2026-05-25T05:55:04,KOOKIE DE L'ETAPE,Voir sa fiche,Equifun 30 cm,Club A Poussin Chp Reg équipe,,30,17,cold-start,True,LightGBM,crawl-predict:c36a23a6,5ca156e24820
2026-05-25T05:55:04,DYNA,Voir sa fiche,Equifun 30 cm,Club A Poussin Chp Reg équipe,,31,17,cold-start,True,LightGBM,crawl-predict:c36a23a6,026145209355
2026-05-25T05:55:04,ALIZEE DU SANON,Voir sa fiche,Equifun 30 cm,Club A Poussin Chp Reg équipe,,56,2,cold-start,True,LightGBM,crawl-predict:c36a23a6,54fa5a771c01
2026-05-25T05:55:04,ISIS D'AUDES,Voir sa fiche,Equifun 30 cm,Club A Poussin Chp Reg équipe,,2,100,cold-start,True,LightGBM,crawl-predict:c36a23a6,49713323f0e2
2026-05-25T05:55:04,FRUIT D'AMOUR D'EZ,Voir sa fiche,Equifun 30 cm,Club A Poussin Chp Reg équipe,,32,17,cold-start,True,LightGBM,crawl-predict:c36a23a6,9980190a2dee
2026-05-25T05:55:04,FERRERO DE LAUROSE,Voir sa fiche,Equifun 30 cm,Club A Poussin Chp Reg équipe,,53,7,cold-start,True,LightGBM,crawl-predict:c36a23a6,f985a6a1c200
2026-05-25T05:55:04,DOMINA,Voir sa fiche,Equifun 30 cm,Club A Poussin Chp Reg équipe,,33,17,cold-start,True,LightGBM,crawl-predict:c36a23a6,95bd12cc5a1e
2026-05-25T05:55:04,GHALOPIN,Voir sa fiche,Equifun 30 cm,Club A Poussin Chp Reg équipe,,34,17,cold-start,True,LightGBM,crawl-predict:c36a23a6,9cedf9aa13a2
2026-05-25T05:55:04,EFFRONTE DE LA FORGE,Voir sa fiche,Equifun 30 cm,Club A Poussin Chp Reg équipe,,35,17,cold-start,True,LightGBM,crawl-predict:c36a23a6,731c6a9a7c94
2026-05-25T05:55:04,DARTAGNAN,Voir sa fiche,Equifun 30 cm,Club A Poussin Chp Reg équipe,,36,17,cold-start,True,LightGBM,crawl-predict:c36a23a6,253cc33bb87c
2026-05-25T05:55:04,CONFETY DES COLOMBETS,Voir sa fiche,Equifun 30 cm,Club A Poussin Chp Reg équipe,,37,17,cold-start,True,LightGBM,crawl-predict:c36a23a6,e0d95696d247
2026-05-25T05:55:04,FARCEUR,Voir sa fiche,Equifun 30 cm,Club A Poussin Chp Reg équipe,,4,23,cold-start,True,LightGBM,crawl-predict:c36a23a6,2706b3836a05
2026-05-25T05:55:04,GULLIVER,Voir sa fiche,Equifun 30 cm,Club A Poussin Chp Reg équipe,,38,17,cold-start,True,LightGBM,crawl-predict:c36a23a6,4d4e61596654
2026-05-25T05:55:04,INIESTA VD LANGENHORST,Voir sa fiche,Equifun 30 cm,Club A Poussin Chp Reg équipe,,54,7,cold-start,True,LightGBM,crawl-predict:c36a23a6,f0c58c118ed0
2026-05-25T05:55:04,GAMINO DE RUILLE,Voir sa fiche,Equifun 30 cm,Club A Poussin Chp Reg équipe,,39,17,cold-start,True,LightGBM,crawl-predict:c36a23a6,78d2faea6cda
2026-05-25T05:55:04,BENGIE,Voir sa fiche,Equifun 30 cm,Club A Poussin Chp Reg équipe,,40,17,cold-start,True,LightGBM,crawl-predict:c36a23a6,22803d77afee
2026-05-25T05:55:04,KOOKIE DE L'ETAPE,Voir sa fiche,Equifun 30 cm,Club A Poussin Chp Reg équipe,,41,17,cold-start,True,LightGBM,crawl-predict:c36a23a6,03514263deea
2026-05-25T05:55:04,DYNA,Voir sa fiche,Equifun 30 cm,Club A Poussin Chp Reg équipe,,42,17,cold-start,True,LightGBM,crawl-predict:c36a23a6,327feb8649a0
2026-05-25T05:55:04,FRAMBOISE D'OTHON,Voir sa fiche,Equifun 30 cm,Club A Poussin Chp Reg équipe,,43,17,cold-start,True,LightGBM,crawl-predict:c36a23a6,b55d3de31c2f
2026-05-25T05:55:04,KORNUIT V. ABBENES,Voir sa fiche,Equifun 30 cm,Club A Poussin Chp Reg équipe,,44,17,cold-start,True,LightGBM,crawl-predict:c36a23a6,e1ae2a0e5b31
2026-05-25T05:55:04,FRITS VD BOM BAM,Voir sa fiche,Equifun 30 cm,Club A Poussin Chp Reg équipe,,45,17,cold-start,True,LightGBM,crawl-predict:c36a23a6,671b24bf2480
2026-05-25T05:55:04,GAMINO DE RUILLE,Voir sa fiche,Equifun 30 cm,Club A Poussin Chp Reg équipe,,46,17,cold-start,True,LightGBM,crawl-predict:c36a23a6,8c4b16d4456f
2026-05-25T05:55:04,JESSY DE ST LAURENT,Voir sa fiche,Equifun 30 cm,Club A Poussin Chp Reg équipe,,47,17,cold-start,True,LightGBM,crawl-predict:c36a23a6,fde4ced5b223
2026-05-25T05:55:04,BALOU,Voir sa fiche,Equifun 30 cm,Club A Poussin Chp Reg équipe,,3,100,cold-start,True,LightGBM,crawl-predict:c36a23a6,c124b078eb65
2026-05-25T05:55:04,UTAH,Voir sa fiche,Equifun 30 cm,Club A Poussin Chp Reg équipe,,57,1,cold-start,True,LightGBM,crawl-predict:c36a23a6,fcbf5d1bb841
2026-05-25T05:55:04,UNO,Voir sa fiche,Equifun 30 cm,Club A Poussin Chp Reg équipe,,48,17,cold-start,True,LightGBM,crawl-predict:c36a23a6,994a0a5e7e35
2026-05-25T05:55:04,DECIBELLE DE JAVOT,Voir sa fiche,Equifun 30 cm,Club A Poussin Chp Reg équipe,,49,17,cold-start,True,LightGBM,crawl-predict:c36a23a6,9d1d34b662db
2026-05-25T05:55:04,OK,Voir sa fiche,Equifun 30 cm,Club A Poussin Chp Reg équipe,,50,17,cold-start,True,LightGBM,crawl-predict:c36a23a6,1a31c749f7ba
2026-05-25T05:55:04,MILANO PASSIONE,Voir sa fiche,Equifun 30 cm,Club A Poussin Chp Reg équipe,,51,17,cold-start,True,LightGBM,crawl-predict:c36a23a6,51718c8a8dee
2026-05-25T05:55:04,DISNEY DU JANAY,Voir sa fiche,Equifun 40 cm,Club Poney B Benjamin équipe,,20,17,cold-start,True,LightGBM,crawl-predict:c36a23a6,d5b06d0a9b93
2026-05-25T05:55:04,GAMINE,Voir sa fiche,Equifun 40 cm,Club Poney B Benjamin équipe,,21,17,cold-start,True,LightGBM,crawl-predict:c36a23a6,69ff034e9a58
2026-05-25T05:55:04,REGLISSE,Voir sa fiche,Equifun 40 cm,Club Poney B Benjamin équipe,,107,7,cold-start,True,LightGBM,crawl-predict:c36a23a6,e2a501a1429b
2026-05-25T05:55:04,CAIMAN DE CABUE,Voir sa fiche,Equifun 40 cm,Club Poney B Benjamin équipe,,22,17,cold-start,True,LightGBM,crawl-predict:c36a23a6,eadff6f67bb2
2026-05-25T05:55:04,BATMAN FLY,Voir sa fiche,Equifun 40 cm,Club Poney B Benjamin équipe,,115,3,cold-start,True,LightGBM,crawl-predict:c36a23a6,acf5e24a6fca
2026-05-25T05:55:04,ALADIN DE MA BOHEME,Voir sa fiche,Equifun 40 cm,Club Poney B Benjamin équipe,,116,3,cold-start,True,LightGBM,crawl-predict:c36a23a6,434c5d2fa29b
2026-05-25T05:55:04,BELLE DE FABRY,Voir sa fiche,Equifun 40 cm,Club Poney B Benjamin équipe,,117,3,cold-start,True,LightGBM,crawl-predict:c36a23a6,159fe9ee1297
2026-05-25T05:55:04,ALADIN DE FABRY,Voir sa fiche,Equifun 40 cm,Club Poney B Benjamin équipe,,118,3,cold-start,True,LightGBM,crawl-predict:c36a23a6,c5d51a5e27ce
2026-05-25T05:55:04,EASY RIDER DE TID,Voir sa fiche,Equifun 40 cm,Club Poney B Benjamin équipe,,23,17,cold-start,True,LightGBM,crawl-predict:c36a23a6,09852d1be4e0
2026-05-25T05:55:04,EMIR DU NABERON,Voir sa fiche,Equifun 40 cm,Club Poney B Benjamin équipe,,24,17,cold-start,True,LightGBM,crawl-predict:c36a23a6,5e5a1aa716ee
2026-05-25T05:55:04,GALANT DE L'ETAPE,Voir sa fiche,Equifun 40 cm,Club Poney B Benjamin équipe,,25,17,cold-start,True,LightGBM,crawl-predict:c36a23a6,9686ba697cce
2026-05-25T05:55:04,BOSTAR DE LA VELIONE,Voir sa fiche,Equifun 40 cm,Club Poney B Benjamin équipe,,26,17,cold-start,True,LightGBM,crawl-predict:c36a23a6,abac812db609
2026-05-25T05:55:04,MUGIWARA TY PONY,Voir sa fiche,Equifun 40 cm,Club Poney B Benjamin équipe,,27,17,cold-start,True,LightGBM,crawl-predict:c36a23a6,ffb921756287
2026-05-25T05:55:04,KAMBO DE TOUROUN,Voir sa fiche,Equifun 40 cm,Club Poney B Benjamin équipe,,1,100,cold-start,True,LightGBM,crawl-predict:c36a23a6,e106733f8993
2026-05-25T05:55:04,TAGADA DE BELFIOL,Voir sa fiche,Equifun 40 cm,Club Poney B Benjamin équipe,,28,17,cold-start,True,LightGBM,crawl-predict:c36a23a6,db2f25f5e697
2026-05-25T05:55:04,MOLLY,Voir sa fiche,Equifun 40 cm,Club Poney B Benjamin équipe,,29,17,cold-start,True,LightGBM,crawl-predict:c36a23a6,0249239c0238
2026-05-25T05:55:04,FEEL GOOD VD BELSCHUUR,Voir sa fiche,Equifun 40 cm,Club Poney B Benjamin équipe,,108,7,cold-start,True,LightGBM,crawl-predict:c36a23a6,a11a5a06adca
2026-05-25T05:55:04,WITJE,Voir sa fiche,Equifun 40 cm,Club Poney B Benjamin équipe,,30,17,cold-start,True,LightGBM,crawl-predict:c36a23a6,df3a06f94c0d
2026-05-25T05:55:04,ALEX,Voir sa fiche,Equifun 40 cm,Club Poney B Benjamin équipe,,31,17,cold-start,True,LightGBM,crawl-predict:c36a23a6,56a1f8e32b4f
2026-05-25T05:55:04,AS DE PIQUE,Voir sa fiche,Equifun 40 cm,Club Poney B Benjamin équipe,,32,17,cold-start,True,LightGBM,crawl-predict:c36a23a6,2f3ad27c0283
2026-05-25T05:55:04,SHIPIE DU DONJON,Voir sa fiche,Equifun 40 cm,Club Poney B Benjamin équipe,,33,17,cold-start,True,LightGBM,crawl-predict:c36a23a6,8e59682a9a84
2026-05-25T05:55:04,CACTUS,Voir sa fiche,Equifun 40 cm,Club Poney B Benjamin équipe,,34,17,cold-start,True,LightGBM,crawl-predict:c36a23a6,c766d30bc218
2026-05-25T05:55:04,TOSCANE DE LA FONTAINE,Voir sa fiche,Equifun 40 cm,Club Poney B Benjamin équipe,,35,17,cold-start,True,LightGBM,crawl-predict:c36a23a6,badc682bc087
2026-05-25T05:55:04,DARIUS,Voir sa fiche,Equifun 40 cm,Club Poney B Benjamin équipe,,36,17,cold-start,True,LightGBM,crawl-predict:c36a23a6,7ca9edc86688
2026-05-25T05:55:04,ROXY (réserve),NONE,Equifun 40 cm,Club Poney B Benjamin équipe,,5,70,cold-start,True,LightGBM,crawl-predict:c36a23a6,a8ffe7e051fe
2026-05-25T05:55:04,IMPULS VD PASTORIJE,Voir sa fiche,Equifun 40 cm,Club Poney B Benjamin équipe,,37,17,cold-start,True,LightGBM,crawl-predict:c36a23a6,c2ded12abafb
2026-05-25T05:55:04,TAMPI,Voir sa fiche,Equifun 40 cm,Club Poney B Benjamin équipe,,38,17,cold-start,True,LightGBM,crawl-predict:c36a23a6,9ad0c9c10a8f
2026-05-25T05:55:04,FLORENCE V STAL NEDERKOOR,Voir sa fiche,Equifun 40 cm,Club Poney B Benjamin équipe,,39,17,cold-start,True,LightGBM,crawl-predict:c36a23a6,de68ba965e6d
2026-05-25T05:55:04,KACHOU DE L'ETAPE,Voir sa fiche,Equifun 40 cm,Club Poney B Benjamin équipe,,40,17,cold-start,True,LightGBM,crawl-predict:c36a23a6,cb42ecf79029
2026-05-25T05:55:04,DONALD DES COLOMBETS,Voir sa fiche,Equifun 40 cm,Club Poney B Benjamin équipe,,41,17,cold-start,True,LightGBM,crawl-predict:c36a23a6,57b33d54f9d7
2026-05-25T05:55:04,KIKI,Voir sa fiche,Equifun 40 cm,Club Poney B Benjamin équipe,,106,8,cold-start,True,LightGBM,crawl-predict:c36a23a6,f6fb3c934882
2026-05-25T05:55:04,OMARM V. GROENENDAAL,Voir sa fiche,Equifun 40 cm,Club Poney B Benjamin équipe,,42,17,cold-start,True,LightGBM,crawl-predict:c36a23a6,167829ad160c
2026-05-25T05:55:04,FARCEUR (réserve),NONE,Equifun 40 cm,Club Poney B Benjamin équipe,,6,70,cold-start,True,LightGBM,crawl-predict:c36a23a6,be154cb72749
2026-05-25T05:55:04,KAREL V.STAL HET WEGJE,Voir sa fiche,Equifun 40 cm,Club Poney B Benjamin équipe,,43,17,cold-start,True,LightGBM,crawl-predict:c36a23a6,0b70c1125bca
2026-05-25T05:55:04,HOULAOUPS DE MATT,Voir sa fiche,Equifun 40 cm,Club Poney B Benjamin équipe,,112,4,cold-start,True,LightGBM,crawl-predict:c36a23a6,17efaca5af68
2026-05-25T05:55:04,ATHENA,Voir sa fiche,Equifun 40 cm,Club Poney B Benjamin équipe,,12,31,cold-start,True,LightGBM,crawl-predict:c36a23a6,d30d896b5111
2026-05-25T05:55:04,PERLHOF PANDORA,Voir sa fiche,Equifun 40 cm,Club Poney B Benjamin équipe,,44,17,cold-start,True,LightGBM,crawl-predict:c36a23a6,237a0601d77e
2026-05-25T05:55:04,ATHENA,Voir sa fiche,Equifun 40 cm,Club Poney B Benjamin équipe,,13,31,cold-start,True,LightGBM,crawl-predict:c36a23a6,61c5c552e357
2026-05-25T05:55:04,PERLHOF PANDORA,Voir sa fiche,Equifun 40 cm,Club Poney B Benjamin équipe,,45,17,cold-start,True,LightGBM,crawl-predict:c36a23a6,f1fdd5b0dd7c
2026-05-25T05:55:04,DOMINO,Voir sa fiche,Equifun 40 cm,Club Poney B Benjamin équipe,,2,100,cold-start,True,LightGBM,crawl-predict:c36a23a6,369701c44fce
2026-05-25T05:55:04,HOULAOUPS DE MATT,Voir sa fiche,Equifun 40 cm,Club Poney B Benjamin équipe,,113,4,cold-start,True,LightGBM,crawl-predict:c36a23a6,0ddcb83c014d
2026-05-25T05:55:04,GAMINE,Voir sa fiche,Equifun 40 cm,Club Poney B Benjamin équipe,,46,17,cold-start,True,LightGBM,crawl-predict:c36a23a6,b04e848bf604
2026-05-25T05:55:04,DISNEY DU JANAY,Voir sa fiche,Equifun 40 cm,Club Poney B Benjamin équipe,,47,17,cold-start,True,LightGBM,crawl-predict:c36a23a6,a34ed97cbcf2
2026-05-25T05:55:04,REGLISSE,Voir sa fiche,Equifun 40 cm,Club Poney B Benjamin équipe,,109,7,cold-start,True,LightGBM,crawl-predict:c36a23a6,79196407b097
2026-05-25T05:55:04,GRANIT D'ORIAN,Voir sa fiche,Equifun 40 cm,Club Poney B Benjamin équipe,,48,17,cold-start,True,LightGBM,crawl-predict:c36a23a6,275926636743
2026-05-25T05:55:04,BROOKWATER HONEYDEW,Voir sa fiche,Equifun 40 cm,Club Poney B Benjamin équipe,,19,19,cold-start,True,LightGBM,crawl-predict:c36a23a6,e66b43c68689
2026-05-25T05:55:04,GHOST LADY DES ISLES,Voir sa fiche,Equifun 40 cm,Club Poney B Benjamin équipe,,49,17,cold-start,True,LightGBM,crawl-predict:c36a23a6,1c3752240477
2026-05-25T05:55:04,BAUKE,Voir sa fiche,Equifun 40 cm,Club Poney B Benjamin équipe,,50,17,cold-start,True,LightGBM,crawl-predict:c36a23a6,e31abd2e0e4e
2026-05-25T05:55:04,AIDA,Voir sa fiche,Equifun 40 cm,Club Poney B Benjamin équipe,,18,23,cold-start,True,LightGBM,crawl-predict:c36a23a6,1cca33081cd0
2026-05-25T05:55:04,CRUNCH LA MERLETIERE,Voir sa fiche,Equifun 40 cm,Club Poney B Benjamin équipe,,51,17,cold-start,True,LightGBM,crawl-predict:c36a23a6,4ad5f0c2806d
2026-05-25T05:55:04,HOULAOUPS DE MATT,Voir sa fiche,Equifun 40 cm,Club Poney B Benjamin équipe,,114,4,cold-start,True,LightGBM,crawl-predict:c36a23a6,33100bc01b56
2026-05-25T05:55:04,PERLHOF PANDORA,Voir sa fiche,Equifun 40 cm,Club Poney B Benjamin équipe,,52,17,cold-start,True,LightGBM,crawl-predict:c36a23a6,788981c95b02
2026-05-25T05:55:04,FLORALIE DU QUENNE,Voir sa fiche,Equifun 40 cm,Club Poney B Benjamin équipe,,53,17,cold-start,True,LightGBM,crawl-predict:c36a23a6,30daa0afd0e0
2026-05-25T05:55:04,KELVIN VD VIJFMORGEN,Voir sa fiche,Equifun 40 cm,Club Poney B Benjamin équipe,,54,17,cold-start,True,LightGBM,crawl-predict:c36a23a6,d9bc4ce79a0a
2026-05-25T05:55:04,MIRABELLE,Voir sa fiche,Equifun 40 cm,Club Poney B Benjamin équipe,,14,30,cold-start,True,LightGBM,crawl-predict:c36a23a6,944a64d65c0b
2026-05-25T05:55:04,BRITT,Voir sa fiche,Equifun 40 cm,Club Poney B Benjamin équipe,,15,27,cold-start,True,LightGBM,crawl-predict:c36a23a6,5b244e9e8e15
2026-05-25T05:55:04,EVERT V STAL ZONNEDAUW,Voir sa fiche,Equifun 40 cm,Club Poney B Benjamin équipe,,17,26,cold-start,True,LightGBM,crawl-predict:c36a23a6,84347e088a97
2026-05-25T05:55:04,ISIS D'AUDES,Voir sa fiche,Equifun 40 cm,Club Poney B Benjamin équipe,,3,100,cold-start,True,LightGBM,crawl-predict:c36a23a6,83e20c76642e
2026-05-25T05:55:04,FRUIT D'AMOUR D'EZ,Voir sa fiche,Equifun 40 cm,Club Poney B Benjamin équipe,,55,17,cold-start,True,LightGBM,crawl-predict:c36a23a6,97615a2bebbb
2026-05-25T05:55:04,ASTUCE DU COUDREAU,Voir sa fiche,Equifun 40 cm,Club Poney B Benjamin équipe,,119,2,cold-start,True,LightGBM,crawl-predict:c36a23a6,e59e30bf2a4d
2026-05-25T05:55:04,FERRERO DE LAUROSE,Voir sa fiche,Equifun 40 cm,Club Poney B Benjamin équipe,,110,7,cold-start,True,LightGBM,crawl-predict:c36a23a6,0f17afe1874a
2026-05-25T05:55:04,TOSCANE DE LA FONTAINE,Voir sa fiche,Equifun 40 cm,Club Poney B Benjamin équipe,,56,17,cold-start,True,LightGBM,crawl-predict:c36a23a6,585284083fff
2026-05-25T05:55:04,VEDETTE DE L'ILE,Voir sa fiche,Equifun 40 cm,Club Poney B Benjamin équipe,,57,17,cold-start,True,LightGBM,crawl-predict:c36a23a6,35f3d374bf75
2026-05-25T05:55:04,CACTUS,Voir sa fiche,Equifun 40 cm,Club Poney B Benjamin équipe,,58,17,cold-start,True,LightGBM,crawl-predict:c36a23a6,61a3b8496748
2026-05-25T05:55:04,BRINDILLE LAFONTAINE,Voir sa fiche,Equifun 40 cm,Club Poney B Benjamin équipe,,59,17,cold-start,True,LightGBM,crawl-predict:c36a23a6,c3c8c16bf239
2026-05-25T05:55:04,DARIUS (réserve),NONE,Equifun 40 cm,Club Poney B Benjamin équipe,,7,70,cold-start,True,LightGBM,crawl-predict:c36a23a6,7dc3c127c71f
2026-05-25T05:55:04,THEBES DE L'ORME BRULE,Voir sa fiche,Equifun 40 cm,Club Poney B Benjamin équipe,,60,17,cold-start,True,LightGBM,crawl-predict:c36a23a6,89c9e6b7f223
2026-05-25T05:55:04,LYCAON D'ARQUETAN,Voir sa fiche,Equifun 40 cm,Club Poney B Benjamin équipe,,61,17,cold-start,True,LightGBM,crawl-predict:c36a23a6,ade6721f59b9
2026-05-25T05:55:04,JASMINE D'URANIE,Voir sa fiche,Equifun 40 cm,Club Poney B Benjamin équipe,,62,17,cold-start,True,LightGBM,crawl-predict:c36a23a6,2b461a5f1725
2026-05-25T05:55:04,GUISMO,Voir sa fiche,Equifun 40 cm,Club Poney B Benjamin équipe,,63,17,cold-start,True,LightGBM,crawl-predict:c36a23a6,5424082a7962
2026-05-25T05:55:04,LISA V.BROUWHUIS,Voir sa fiche,Equifun 40 cm,Club Poney B Benjamin équipe,,64,17,cold-start,True,LightGBM,crawl-predict:c36a23a6,e9a1e8eafb2d
2026-05-25T05:55:04,LIESJE V.D.DIJKKAMP,Voir sa fiche,Equifun 40 cm,Club Poney B Benjamin équipe,,10,42,cold-start,True,LightGBM,crawl-predict:c36a23a6,3587d924f2ea
2026-05-25T05:55:04,BISCUIT DES LOIRS,Voir sa fiche,Equifun 40 cm,Club Poney B Benjamin équipe,,16,27,cold-start,True,LightGBM,crawl-predict:c36a23a6,fb5ded19be91
2026-05-25T05:55:04,BONTJE VD BEKKENKAMP,Voir sa fiche,Equifun 40 cm,Club Poney B Benjamin équipe,,65,17,cold-start,True,LightGBM,crawl-predict:c36a23a6,133d0bd3182c
2026-05-25T05:55:04,ABRICOT D'INCARVILLE,Voir sa fiche,Equifun 40 cm,Club Poney B Benjamin équipe,,66,17,cold-start,True,LightGBM,crawl-predict:c36a23a6,15fddae8b2dc
2026-05-25T05:55:04,FLORENCE V STAL NEDERKOOR,Voir sa fiche,Equifun 40 cm,Club Poney B Benjamin équipe,,67,17,cold-start,True,LightGBM,crawl-predict:c36a23a6,4cb3c625f024
2026-05-25T05:55:04,IMPULS VD PASTORIJE,Voir sa fiche,Equifun 40 cm,Club Poney B Benjamin équipe,,68,17,cold-start,True,LightGBM,crawl-predict:c36a23a6,84175b05b841
2026-05-25T05:55:04,TAMPI,Voir sa fiche,Equifun 40 cm,Club Poney B Benjamin équipe,,69,17,cold-start,True,LightGBM,crawl-predict:c36a23a6,b3283539fcf6
2026-05-25T05:55:04,EMERAUDE D'ORIAN,Voir sa fiche,Equifun 40 cm,Club Poney B Benjamin équipe,,70,17,cold-start,True,LightGBM,crawl-predict:c36a23a6,fa2c6e27429a
2026-05-25T05:55:04,C JELLE VD PASTORIJE,Voir sa fiche,Equifun 40 cm,Club Poney B Benjamin équipe,,11,36,cold-start,True,LightGBM,crawl-predict:c36a23a6,c9599c375573
2026-05-25T05:55:04,FILOU DES BARATS,Voir sa fiche,Equifun 40 cm,Club Poney B Benjamin équipe,,71,17,cold-start,True,LightGBM,crawl-predict:c36a23a6,28404d3b94de
2026-05-25T05:55:04,BONTJE VD BEKKENKAMP,Voir sa fiche,Equifun 40 cm,Club Poney B Benjamin équipe,,72,17,cold-start,True,LightGBM,crawl-predict:c36a23a6,e1b1ca3cf93d
2026-05-25T05:55:04,RUJAS GYPSY,Voir sa fiche,Equifun 40 cm,Club Poney B Benjamin équipe,,73,17,cold-start,True,LightGBM,crawl-predict:c36a23a6,1ae8cd9a53f8
2026-05-25T05:55:04,ORAIJA V.STAL DE BORGELAA,Voir sa fiche,Equifun 40 cm,Club Poney B Benjamin équipe,,74,17,cold-start,True,LightGBM,crawl-predict:c36a23a6,2136b63af4ab
2026-05-25T05:55:04,KASTAFAIT,Voir sa fiche,Equifun 40 cm,Club Poney B Benjamin équipe,,75,17,cold-start,True,LightGBM,crawl-predict:c36a23a6,90da73bbcc12
2026-05-25T05:55:04,IDOLINE,Voir sa fiche,Equifun 40 cm,Club Poney B Benjamin équipe,,76,17,cold-start,True,LightGBM,crawl-predict:c36a23a6,589443c10dbd
2026-05-25T05:55:04,HELIUM D'INCARVILLE,Voir sa fiche,Equifun 40 cm,Club Poney B Benjamin équipe,,77,17,cold-start,True,LightGBM,crawl-predict:c36a23a6,4534dbe6dcab
2026-05-25T05:55:04,FIREBLOW VD ROMER,Voir sa fiche,Equifun 40 cm,Club Poney B Benjamin équipe,,78,17,cold-start,True,LightGBM,crawl-predict:c36a23a6,df33bb38b00b
2026-05-25T05:55:04,ABRICOT D'INCARVILLE,Voir sa fiche,Equifun 40 cm,Club Poney B Benjamin équipe,,79,17,cold-start,True,LightGBM,crawl-predict:c36a23a6,59610d1b0621
2026-05-25T05:55:04,GOUDURIX BRYARD,Voir sa fiche,Equifun 40 cm,Club Poney B Benjamin équipe,,80,17,cold-start,True,LightGBM,crawl-predict:c36a23a6,15482f6c8ea1
2026-05-25T05:55:04,FIREBLOW VD ROMER,Voir sa fiche,Equifun 40 cm,Club Poney B Benjamin équipe,,81,17,cold-start,True,LightGBM,crawl-predict:c36a23a6,2b101f9b17af
2026-05-25T05:55:04,GOUDURIX BRYARD,Voir sa fiche,Equifun 40 cm,Club Poney B Benjamin équipe,,82,17,cold-start,True,LightGBM,crawl-predict:c36a23a6,991f6bcc1164
2026-05-25T05:55:04,HELIUM D'INCARVILLE,Voir sa fiche,Equifun 40 cm,Club Poney B Benjamin équipe,,83,17,cold-start,True,LightGBM,crawl-predict:c36a23a6,4be346e8003d
2026-05-25T05:55:04,CORA,Voir sa fiche,Equifun 40 cm,Club Poney B Benjamin équipe,,84,17,cold-start,True,LightGBM,crawl-predict:c36a23a6,e085be0bda14
2026-05-25T05:55:04,ALIBABA,Voir sa fiche,Equifun 40 cm,Club Poney B Benjamin équipe,,85,17,cold-start,True,LightGBM,crawl-predict:c36a23a6,206a8a8d4bbe
2026-05-25T05:55:04,BALOU,Voir sa fiche,Equifun 40 cm,Club Poney B Benjamin équipe,,4,100,cold-start,True,LightGBM,crawl-predict:c36a23a6,db7d2b6a10c2
2026-05-25T05:55:04,NOBODY V.STAL WILCASO,Voir sa fiche,Equifun 40 cm,Club Poney B Benjamin équipe,,111,5,cold-start,True,LightGBM,crawl-predict:c36a23a6,8007f5aa6f5e
2026-05-25T05:55:04,ROXY,Voir sa fiche,Equifun 40 cm,Club Poney B Benjamin équipe,,86,17,cold-start,True,LightGBM,crawl-predict:c36a23a6,991006e72d73
2026-05-25T05:55:04,BRINDILLE LAFONTAINE,Voir sa fiche,Equifun 40 cm,Club Poney B Benjamin équipe,,87,17,cold-start,True,LightGBM,crawl-predict:c36a23a6,780795d2252b
2026-05-25T05:55:04,FRYDA DE L'ETAPE,Voir sa fiche,Equifun 40 cm,Club Poney B Benjamin équipe,,88,17,cold-start,True,LightGBM,crawl-predict:c36a23a6,dcac639d4f3e
2026-05-25T05:55:04,SHIPIE DU DONJON,Voir sa fiche,Equifun 40 cm,Club Poney B Benjamin équipe,,89,17,cold-start,True,LightGBM,crawl-predict:c36a23a6,21a9a1361f01
2026-05-25T05:55:04,EASY RIDER DE TID,Voir sa fiche,Equifun 40 cm,Club Poney B Benjamin équipe,,90,17,cold-start,True,LightGBM,crawl-predict:c36a23a6,59bb50c6f9fc
2026-05-25T05:55:04,EMIR DU NABERON,Voir sa fiche,Equifun 40 cm,Club Poney B Benjamin équipe,,91,17,cold-start,True,LightGBM,crawl-predict:c36a23a6,9b8da20ea36a
2026-05-25T05:55:04,GALANT DE L'ETAPE,Voir sa fiche,Equifun 40 cm,Club Poney B Benjamin équipe,,92,17,cold-start,True,LightGBM,crawl-predict:c36a23a6,0d64fda3d37d
2026-05-25T05:55:04,BOSTAR DE LA VELIONE,Voir sa fiche,Equifun 40 cm,Club Poney B Benjamin équipe,,93,17,cold-start,True,LightGBM,crawl-predict:c36a23a6,a7527e6e1fc3
2026-05-25T05:55:04,DARIUS,Voir sa fiche,Equifun 40 cm,Club Poney B Benjamin équipe,,94,17,cold-start,True,LightGBM,crawl-predict:c36a23a6,fa91b3cc5820
2026-05-25T05:55:04,VEDETTE DE L'ILE,Voir sa fiche,Equifun 40 cm,Club Poney B Benjamin équipe,,95,17,cold-start,True,LightGBM,crawl-predict:c36a23a6,c163fedea54b
2026-05-25T05:55:04,FRYDA DE L'ETAPE,Voir sa fiche,Equifun 40 cm,Club Poney B Benjamin équipe,,96,17,cold-start,True,LightGBM,crawl-predict:c36a23a6,1817f9b3989e
2026-05-25T05:55:04,SHIPIE DU DONJON,Voir sa fiche,Equifun 40 cm,Club Poney B Benjamin équipe,,97,17,cold-start,True,LightGBM,crawl-predict:c36a23a6,79f3ecfd9978
2026-05-25T05:55:04,TOSCANE DE LA FONTAINE (réserve),NONE,Equifun 40 cm,Club Poney B Benjamin équipe,,8,70,cold-start,True,LightGBM,crawl-predict:c36a23a6,6ffe299653a0
2026-05-25T05:55:04,KASTAFAIT,Voir sa fiche,Equifun 40 cm,Club Poney B Benjamin équipe,,98,17,cold-start,True,LightGBM,crawl-predict:c36a23a6,16502020c4a6
2026-05-25T05:55:04,ORAIJA V.STAL DE BORGELAA,Voir sa fiche,Equifun 40 cm,Club Poney B Benjamin équipe,,99,17,cold-start,True,LightGBM,crawl-predict:c36a23a6,0293e59783e7
2026-05-25T05:55:04,DINETTE DCP,Voir sa fiche,Equifun 40 cm,Club Poney B Benjamin équipe,,100,17,cold-start,True,LightGBM,crawl-predict:c36a23a6,708a78de87b2
2026-05-25T05:55:04,RUJAS GYPSY,Voir sa fiche,Equifun 40 cm,Club Poney B Benjamin équipe,,101,17,cold-start,True,LightGBM,crawl-predict:c36a23a6,880ea1638270
2026-05-25T05:55:04,CACTUS,Voir sa fiche,Equifun 40 cm,Club Poney B Benjamin équipe,,102,17,cold-start,True,LightGBM,crawl-predict:c36a23a6,c88a01b8cac9
2026-05-25T05:55:04,BRINDILLE LAFONTAINE,Voir sa fiche,Equifun 40 cm,Club Poney B Benjamin équipe,,103,17,cold-start,True,LightGBM,crawl-predict:c36a23a6,0e1c9253c316
2026-05-25T05:55:04,VEDETTE DE L'ILE,Voir sa fiche,Equifun 40 cm,Club Poney B Benjamin équipe,,104,17,cold-start,True,LightGBM,crawl-predict:c36a23a6,d4263b494925
2026-05-25T05:55:04,ROXY,Voir sa fiche,Equifun 40 cm,Club Poney B Benjamin équipe,,105,17,cold-start,True,LightGBM,crawl-predict:c36a23a6,f393598deaa5
2026-05-25T05:55:04,DARIUS (réserve),NONE,Equifun 40 cm,Club Poney B Benjamin équipe,,9,70,cold-start,True,LightGBM,crawl-predict:c36a23a6,f6e9d9badf18
2026-05-25T05:55:04,ASTUCE DU COUDREAU,Voir sa fiche,Equifun 30 cm,Club A Moustique individuel,,2,2,cold-start,True,LightGBM,crawl-predict:c36a23a6,7822c996d140
2026-05-25T05:55:04,BERGAMOTE DU SANON,Voir sa fiche,Equifun 30 cm,Club A Moustique individuel,,1,17,cold-start,True,LightGBM,crawl-predict:c36a23a6,23dcc3588c76
2026-05-25T05:55:04,PRINCESSE,Voir sa fiche,Equifun 30 cm,Club A Poussin individuel,,1,17,cold-start,True,LightGBM,crawl-predict:c36a23a6,0011ea92760e
2026-05-25T05:55:04,GAUFRETTE DEZ,Voir sa fiche,Equifun 30 cm,Club A Poussin individuel,,2,17,cold-start,True,LightGBM,crawl-predict:c36a23a6,446bd4d2a98f
2026-05-25T05:55:04,GAIA DU LOUVET,Voir sa fiche,Equifun 60 cm,Club Poney Junior individuel,,1,17,cold-start,True,LightGBM,crawl-predict:c36a23a6,5ca1bbdefe18
2026-05-25T05:55:04,MONTANA D'ANTHEMIS,Voir sa fiche,Equifun 60 cm,Club Poney Junior individuel,,2,17,cold-start,True,LightGBM,crawl-predict:c36a23a6,e8c4969c05b0
2026-05-25T05:55:04,KADO DEZ,Voir sa fiche,Equifun 40 cm,Club Poney B Benjamin individuel,,1,17,cold-start,True,LightGBM,crawl-predict:c36a23a6,0426bcae5076
2026-05-25T05:55:04,FRUIT D'AMOUR D'EZ,Voir sa fiche,Equifun 40 cm,Club Poney B Benjamin individuel,,2,17,cold-start,True,LightGBM,crawl-predict:c36a23a6,8647f049bdb2
